
> backend@0.0.1 test /home/caxton/personal/projects/chioma/chioma-monorepo/backend
> jest --forceExit

PASS src/modules/screening/screening.service.spec.ts (18.197 s)
PASS src/modules/stellar/__tests__/anchor.service.spec.ts (18.282 s)
PASS src/modules/screening/screening.comprehensive.spec.ts (18.779 s)
FAIL src/modules/auth/oauth/__tests__/oauth2.integration.spec.ts (19.265 s)
  ● OAuth2 Integration (issue #1120) › Authorization code flow › returns an authorization URL with state

    Nest can't resolve dependencies of the OAuth2ClientService (ConfigService, ?). Please make sure that the argument CertificatePinningService at index [1] is available in the RootTestModule context.

    Potential solutions:
    - Is RootTestModule a valid NestJS module?
    - If CertificatePinningService is a provider, is it part of the current RootTestModule?
    - If CertificatePinningService is exported from a separate @Module, is that module imported within RootTestModule?
      @Module({
        imports: [ /* the Module containing CertificatePinningService */ ]
      })

    For more common dependency resolution issues, see: https://docs.nestjs.com/faq/common-errors

      173 |     mockProvider.registerHttpMocks();
      174 |
    > 175 |     const module: TestingModule = await Test.createTestingModule({
          |                                   ^
      176 |       providers: [
      177 |         OAuth2Service,
      178 |         OAuth2ClientService,

      at TestingInjector.lookupComponentInParentModules (../node_modules/.pnpm/@nestjs+core@11.1.12_@nestjs+common@11.1.12_class-transformer@0.5.1_class-validator@0.1_081de5c6d0755692e9d6b4445753904b/node_modules/@nestjs/core/injector/injector.js:290:19)
      at TestingInjector.resolveComponentWrapper (../node_modules/.pnpm/@nestjs+testing@11.1.12_@nestjs+common@11.1.12_class-transformer@0.5.1_class-validator@_f8f5f7c9bf5f0ea617b1141b11ac9012/node_modules/@nestjs/testing/testing-injector.js:19:45)
      at resolveParam (../node_modules/.pnpm/@nestjs+core@11.1.12_@nestjs+common@11.1.12_class-transformer@0.5.1_class-validator@0.1_081de5c6d0755692e9d6b4445753904b/node_modules/@nestjs/core/injector/injector.js:140:38)
          at async Promise.all (index 1)
      at TestingInjector.resolveConstructorParams (../node_modules/.pnpm/@nestjs+core@11.1.12_@nestjs+common@11.1.12_class-transformer@0.5.1_class-validator@0.1_081de5c6d0755692e9d6b4445753904b/node_modules/@nestjs/core/injector/injector.js:169:27)
      at TestingInjector.loadInstance (../node_modules/.pnpm/@nestjs+core@11.1.12_@nestjs+common@11.1.12_class-transformer@0.5.1_class-validator@0.1_081de5c6d0755692e9d6b4445753904b/node_modules/@nestjs/core/injector/injector.js:75:13)
      at TestingInjector.loadProvider (../node_modules/.pnpm/@nestjs+core@11.1.12_@nestjs+common@11.1.12_class-transformer@0.5.1_class-validator@0.1_081de5c6d0755692e9d6b4445753904b/node_modules/@nestjs/core/injector/injector.js:103:9)
      at ../node_modules/.pnpm/@nestjs+core@11.1.12_@nestjs+common@11.1.12_class-transformer@0.5.1_class-validator@0.1_081de5c6d0755692e9d6b4445753904b/node_modules/@nestjs/core/injector/instance-loader.js:56:13
          at async Promise.all (index 4)
      at TestingInstanceLoader.createInstancesOfProviders (../node_modules/.pnpm/@nestjs+core@11.1.12_@nestjs+common@11.1.12_class-transformer@0.5.1_class-validator@0.1_081de5c6d0755692e9d6b4445753904b/node_modules/@nestjs/core/injector/instance-loader.js:55:9)
      at ../node_modules/.pnpm/@nestjs+core@11.1.12_@nestjs+common@11.1.12_class-transformer@0.5.1_class-validator@0.1_081de5c6d0755692e9d6b4445753904b/node_modules/@nestjs/core/injector/instance-loader.js:40:13
          at async Promise.all (index 1)
      at TestingInstanceLoader.createInstances (../node_modules/.pnpm/@nestjs+core@11.1.12_@nestjs+common@11.1.12_class-transformer@0.5.1_class-validator@0.1_081de5c6d0755692e9d6b4445753904b/node_modules/@nestjs/core/injector/instance-loader.js:39:9)
      at TestingInstanceLoader.createInstancesOfDependencies (../node_modules/.pnpm/@nestjs+core@11.1.12_@nestjs+common@11.1.12_class-transformer@0.5.1_class-validator@0.1_081de5c6d0755692e9d6b4445753904b/node_modules/@nestjs/core/injector/instance-loader.js:22:13)
      at TestingInstanceLoader.createInstancesOfDependencies (../node_modules/.pnpm/@nestjs+testing@11.1.12_@nestjs+common@11.1.12_class-transformer@0.5.1_class-validator@_f8f5f7c9bf5f0ea617b1141b11ac9012/node_modules/@nestjs/testing/testing-instance-loader.js:9:9)
      at TestingModuleBuilder.createInstancesOfDependencies (../node_modules/.pnpm/@nestjs+testing@11.1.12_@nestjs+common@11.1.12_class-transformer@0.5.1_class-validator@_f8f5f7c9bf5f0ea617b1141b11ac9012/node_modules/@nestjs/testing/testing-module.builder.js:118:9)
      at TestingModuleBuilder.compile (../node_modules/.pnpm/@nestjs+testing@11.1.12_@nestjs+common@11.1.12_class-transformer@0.5.1_class-validator@_f8f5f7c9bf5f0ea617b1141b11ac9012/node_modules/@nestjs/testing/testing-module.builder.js:74:9)
      at Object.<anonymous> (modules/auth/oauth/__tests__/oauth2.integration.spec.ts:175:35)

  ● OAuth2 Integration (issue #1120) › Authorization code flow › rejects callback with invalid state

    Nest can't resolve dependencies of the OAuth2ClientService (ConfigService, ?). Please make sure that the argument CertificatePinningService at index [1] is available in the RootTestModule context.

    Potential solutions:
    - Is RootTestModule a valid NestJS module?
    - If CertificatePinningService is a provider, is it part of the current RootTestModule?
    - If CertificatePinningService is exported from a separate @Module, is that module imported within RootTestModule?
      @Module({
        imports: [ /* the Module containing CertificatePinningService */ ]
      })

    For more common dependency resolution issues, see: https://docs.nestjs.com/faq/common-errors

      173 |     mockProvider.registerHttpMocks();
      174 |
    > 175 |     const module: TestingModule = await Test.createTestingModule({
          |                                   ^
      176 |       providers: [
      177 |         OAuth2Service,
      178 |         OAuth2ClientService,

      at TestingInjector.lookupComponentInParentModules (../node_modules/.pnpm/@nestjs+core@11.1.12_@nestjs+common@11.1.12_class-transformer@0.5.1_class-validator@0.1_081de5c6d0755692e9d6b4445753904b/node_modules/@nestjs/core/injector/injector.js:290:19)
      at TestingInjector.resolveComponentWrapper (../node_modules/.pnpm/@nestjs+testing@11.1.12_@nestjs+common@11.1.12_class-transformer@0.5.1_class-validator@_f8f5f7c9bf5f0ea617b1141b11ac9012/node_modules/@nestjs/testing/testing-injector.js:19:45)
      at resolveParam (../node_modules/.pnpm/@nestjs+core@11.1.12_@nestjs+common@11.1.12_class-transformer@0.5.1_class-validator@0.1_081de5c6d0755692e9d6b4445753904b/node_modules/@nestjs/core/injector/injector.js:140:38)
          at async Promise.all (index 1)
      at TestingInjector.resolveConstructorParams (../node_modules/.pnpm/@nestjs+core@11.1.12_@nestjs+common@11.1.12_class-transformer@0.5.1_class-validator@0.1_081de5c6d0755692e9d6b4445753904b/node_modules/@nestjs/core/injector/injector.js:169:27)
      at TestingInjector.loadInstance (../node_modules/.pnpm/@nestjs+core@11.1.12_@nestjs+common@11.1.12_class-transformer@0.5.1_class-validator@0.1_081de5c6d0755692e9d6b4445753904b/node_modules/@nestjs/core/injector/injector.js:75:13)
      at TestingInjector.loadProvider (../node_modules/.pnpm/@nestjs+core@11.1.12_@nestjs+common@11.1.12_class-transformer@0.5.1_class-validator@0.1_081de5c6d0755692e9d6b4445753904b/node_modules/@nestjs/core/injector/injector.js:103:9)
      at ../node_modules/.pnpm/@nestjs+core@11.1.12_@nestjs+common@11.1.12_class-transformer@0.5.1_class-validator@0.1_081de5c6d0755692e9d6b4445753904b/node_modules/@nestjs/core/injector/instance-loader.js:56:13
          at async Promise.all (index 4)
      at TestingInstanceLoader.createInstancesOfProviders (../node_modules/.pnpm/@nestjs+core@11.1.12_@nestjs+common@11.1.12_class-transformer@0.5.1_class-validator@0.1_081de5c6d0755692e9d6b4445753904b/node_modules/@nestjs/core/injector/instance-loader.js:55:9)
      at ../node_modules/.pnpm/@nestjs+core@11.1.12_@nestjs+common@11.1.12_class-transformer@0.5.1_class-validator@0.1_081de5c6d0755692e9d6b4445753904b/node_modules/@nestjs/core/injector/instance-loader.js:40:13
          at async Promise.all (index 1)
      at TestingInstanceLoader.createInstances (../node_modules/.pnpm/@nestjs+core@11.1.12_@nestjs+common@11.1.12_class-transformer@0.5.1_class-validator@0.1_081de5c6d0755692e9d6b4445753904b/node_modules/@nestjs/core/injector/instance-loader.js:39:9)
      at TestingInstanceLoader.createInstancesOfDependencies (../node_modules/.pnpm/@nestjs+core@11.1.12_@nestjs+common@11.1.12_class-transformer@0.5.1_class-validator@0.1_081de5c6d0755692e9d6b4445753904b/node_modules/@nestjs/core/injector/instance-loader.js:22:13)
      at TestingInstanceLoader.createInstancesOfDependencies (../node_modules/.pnpm/@nestjs+testing@11.1.12_@nestjs+common@11.1.12_class-transformer@0.5.1_class-validator@_f8f5f7c9bf5f0ea617b1141b11ac9012/node_modules/@nestjs/testing/testing-instance-loader.js:9:9)
      at TestingModuleBuilder.createInstancesOfDependencies (../node_modules/.pnpm/@nestjs+testing@11.1.12_@nestjs+common@11.1.12_class-transformer@0.5.1_class-validator@_f8f5f7c9bf5f0ea617b1141b11ac9012/node_modules/@nestjs/testing/testing-module.builder.js:118:9)
      at TestingModuleBuilder.compile (../node_modules/.pnpm/@nestjs+testing@11.1.12_@nestjs+common@11.1.12_class-transformer@0.5.1_class-validator@_f8f5f7c9bf5f0ea617b1141b11ac9012/node_modules/@nestjs/testing/testing-module.builder.js:74:9)
      at Object.<anonymous> (modules/auth/oauth/__tests__/oauth2.integration.spec.ts:175:35)

  ● OAuth2 Integration (issue #1120) › Authorization code flow › rejects callback with provider mismatch

    Nest can't resolve dependencies of the OAuth2ClientService (ConfigService, ?). Please make sure that the argument CertificatePinningService at index [1] is available in the RootTestModule context.

    Potential solutions:
    - Is RootTestModule a valid NestJS module?
    - If CertificatePinningService is a provider, is it part of the current RootTestModule?
    - If CertificatePinningService is exported from a separate @Module, is that module imported within RootTestModule?
      @Module({
        imports: [ /* the Module containing CertificatePinningService */ ]
      })

    For more common dependency resolution issues, see: https://docs.nestjs.com/faq/common-errors

      173 |     mockProvider.registerHttpMocks();
      174 |
    > 175 |     const module: TestingModule = await Test.createTestingModule({
          |                                   ^
      176 |       providers: [
      177 |         OAuth2Service,
      178 |         OAuth2ClientService,

      at TestingInjector.lookupComponentInParentModules (../node_modules/.pnpm/@nestjs+core@11.1.12_@nestjs+common@11.1.12_class-transformer@0.5.1_class-validator@0.1_081de5c6d0755692e9d6b4445753904b/node_modules/@nestjs/core/injector/injector.js:290:19)
      at TestingInjector.resolveComponentWrapper (../node_modules/.pnpm/@nestjs+testing@11.1.12_@nestjs+common@11.1.12_class-transformer@0.5.1_class-validator@_f8f5f7c9bf5f0ea617b1141b11ac9012/node_modules/@nestjs/testing/testing-injector.js:19:45)
      at resolveParam (../node_modules/.pnpm/@nestjs+core@11.1.12_@nestjs+common@11.1.12_class-transformer@0.5.1_class-validator@0.1_081de5c6d0755692e9d6b4445753904b/node_modules/@nestjs/core/injector/injector.js:140:38)
          at async Promise.all (index 1)
      at TestingInjector.resolveConstructorParams (../node_modules/.pnpm/@nestjs+core@11.1.12_@nestjs+common@11.1.12_class-transformer@0.5.1_class-validator@0.1_081de5c6d0755692e9d6b4445753904b/node_modules/@nestjs/core/injector/injector.js:169:27)
      at TestingInjector.loadInstance (../node_modules/.pnpm/@nestjs+core@11.1.12_@nestjs+common@11.1.12_class-transformer@0.5.1_class-validator@0.1_081de5c6d0755692e9d6b4445753904b/node_modules/@nestjs/core/injector/injector.js:75:13)
      at TestingInjector.loadProvider (../node_modules/.pnpm/@nestjs+core@11.1.12_@nestjs+common@11.1.12_class-transformer@0.5.1_class-validator@0.1_081de5c6d0755692e9d6b4445753904b/node_modules/@nestjs/core/injector/injector.js:103:9)
      at ../node_modules/.pnpm/@nestjs+core@11.1.12_@nestjs+common@11.1.12_class-transformer@0.5.1_class-validator@0.1_081de5c6d0755692e9d6b4445753904b/node_modules/@nestjs/core/injector/instance-loader.js:56:13
          at async Promise.all (index 4)
      at TestingInstanceLoader.createInstancesOfProviders (../node_modules/.pnpm/@nestjs+core@11.1.12_@nestjs+common@11.1.12_class-transformer@0.5.1_class-validator@0.1_081de5c6d0755692e9d6b4445753904b/node_modules/@nestjs/core/injector/instance-loader.js:55:9)
      at ../node_modules/.pnpm/@nestjs+core@11.1.12_@nestjs+common@11.1.12_class-transformer@0.5.1_class-validator@0.1_081de5c6d0755692e9d6b4445753904b/node_modules/@nestjs/core/injector/instance-loader.js:40:13
          at async Promise.all (index 1)
      at TestingInstanceLoader.createInstances (../node_modules/.pnpm/@nestjs+core@11.1.12_@nestjs+common@11.1.12_class-transformer@0.5.1_class-validator@0.1_081de5c6d0755692e9d6b4445753904b/node_modules/@nestjs/core/injector/instance-loader.js:39:9)
      at TestingInstanceLoader.createInstancesOfDependencies (../node_modules/.pnpm/@nestjs+core@11.1.12_@nestjs+common@11.1.12_class-transformer@0.5.1_class-validator@0.1_081de5c6d0755692e9d6b4445753904b/node_modules/@nestjs/core/injector/instance-loader.js:22:13)
      at TestingInstanceLoader.createInstancesOfDependencies (../node_modules/.pnpm/@nestjs+testing@11.1.12_@nestjs+common@11.1.12_class-transformer@0.5.1_class-validator@_f8f5f7c9bf5f0ea617b1141b11ac9012/node_modules/@nestjs/testing/testing-instance-loader.js:9:9)
      at TestingModuleBuilder.createInstancesOfDependencies (../node_modules/.pnpm/@nestjs+testing@11.1.12_@nestjs+common@11.1.12_class-transformer@0.5.1_class-validator@_f8f5f7c9bf5f0ea617b1141b11ac9012/node_modules/@nestjs/testing/testing-module.builder.js:118:9)
      at TestingModuleBuilder.compile (../node_modules/.pnpm/@nestjs+testing@11.1.12_@nestjs+common@11.1.12_class-transformer@0.5.1_class-validator@_f8f5f7c9bf5f0ea617b1141b11ac9012/node_modules/@nestjs/testing/testing-module.builder.js:74:9)
      at Object.<anonymous> (modules/auth/oauth/__tests__/oauth2.integration.spec.ts:175:35)

  ● OAuth2 Integration (issue #1120) › Token exchange and authentication › completes the full OAuth2 login flow for a new user

    Nest can't resolve dependencies of the OAuth2ClientService (ConfigService, ?). Please make sure that the argument CertificatePinningService at index [1] is available in the RootTestModule context.

    Potential solutions:
    - Is RootTestModule a valid NestJS module?
    - If CertificatePinningService is a provider, is it part of the current RootTestModule?
    - If CertificatePinningService is exported from a separate @Module, is that module imported within RootTestModule?
      @Module({
        imports: [ /* the Module containing CertificatePinningService */ ]
      })

    For more common dependency resolution issues, see: https://docs.nestjs.com/faq/common-errors

      173 |     mockProvider.registerHttpMocks();
      174 |
    > 175 |     const module: TestingModule = await Test.createTestingModule({
          |                                   ^
      176 |       providers: [
      177 |         OAuth2Service,
      178 |         OAuth2ClientService,

      at TestingInjector.lookupComponentInParentModules (../node_modules/.pnpm/@nestjs+core@11.1.12_@nestjs+common@11.1.12_class-transformer@0.5.1_class-validator@0.1_081de5c6d0755692e9d6b4445753904b/node_modules/@nestjs/core/injector/injector.js:290:19)
      at TestingInjector.resolveComponentWrapper (../node_modules/.pnpm/@nestjs+testing@11.1.12_@nestjs+common@11.1.12_class-transformer@0.5.1_class-validator@_f8f5f7c9bf5f0ea617b1141b11ac9012/node_modules/@nestjs/testing/testing-injector.js:19:45)
      at resolveParam (../node_modules/.pnpm/@nestjs+core@11.1.12_@nestjs+common@11.1.12_class-transformer@0.5.1_class-validator@0.1_081de5c6d0755692e9d6b4445753904b/node_modules/@nestjs/core/injector/injector.js:140:38)
          at async Promise.all (index 1)
      at TestingInjector.resolveConstructorParams (../node_modules/.pnpm/@nestjs+core@11.1.12_@nestjs+common@11.1.12_class-transformer@0.5.1_class-validator@0.1_081de5c6d0755692e9d6b4445753904b/node_modules/@nestjs/core/injector/injector.js:169:27)
      at TestingInjector.loadInstance (../node_modules/.pnpm/@nestjs+core@11.1.12_@nestjs+common@11.1.12_class-transformer@0.5.1_class-validator@0.1_081de5c6d0755692e9d6b4445753904b/node_modules/@nestjs/core/injector/injector.js:75:13)
      at TestingInjector.loadProvider (../node_modules/.pnpm/@nestjs+core@11.1.12_@nestjs+common@11.1.12_class-transformer@0.5.1_class-validator@0.1_081de5c6d0755692e9d6b4445753904b/node_modules/@nestjs/core/injector/injector.js:103:9)
      at ../node_modules/.pnpm/@nestjs+core@11.1.12_@nestjs+common@11.1.12_class-transformer@0.5.1_class-validator@0.1_081de5c6d0755692e9d6b4445753904b/node_modules/@nestjs/core/injector/instance-loader.js:56:13
          at async Promise.all (index 4)
      at TestingInstanceLoader.createInstancesOfProviders (../node_modules/.pnpm/@nestjs+core@11.1.12_@nestjs+common@11.1.12_class-transformer@0.5.1_class-validator@0.1_081de5c6d0755692e9d6b4445753904b/node_modules/@nestjs/core/injector/instance-loader.js:55:9)
      at ../node_modules/.pnpm/@nestjs+core@11.1.12_@nestjs+common@11.1.12_class-transformer@0.5.1_class-validator@0.1_081de5c6d0755692e9d6b4445753904b/node_modules/@nestjs/core/injector/instance-loader.js:40:13
          at async Promise.all (index 1)
      at TestingInstanceLoader.createInstances (../node_modules/.pnpm/@nestjs+core@11.1.12_@nestjs+common@11.1.12_class-transformer@0.5.1_class-validator@0.1_081de5c6d0755692e9d6b4445753904b/node_modules/@nestjs/core/injector/instance-loader.js:39:9)
      at TestingInstanceLoader.createInstancesOfDependencies (../node_modules/.pnpm/@nestjs+core@11.1.12_@nestjs+common@11.1.12_class-transformer@0.5.1_class-validator@0.1_081de5c6d0755692e9d6b4445753904b/node_modules/@nestjs/core/injector/instance-loader.js:22:13)
      at TestingInstanceLoader.createInstancesOfDependencies (../node_modules/.pnpm/@nestjs+testing@11.1.12_@nestjs+common@11.1.12_class-transformer@0.5.1_class-validator@_f8f5f7c9bf5f0ea617b1141b11ac9012/node_modules/@nestjs/testing/testing-instance-loader.js:9:9)
      at TestingModuleBuilder.createInstancesOfDependencies (../node_modules/.pnpm/@nestjs+testing@11.1.12_@nestjs+common@11.1.12_class-transformer@0.5.1_class-validator@_f8f5f7c9bf5f0ea617b1141b11ac9012/node_modules/@nestjs/testing/testing-module.builder.js:118:9)
      at TestingModuleBuilder.compile (../node_modules/.pnpm/@nestjs+testing@11.1.12_@nestjs+common@11.1.12_class-transformer@0.5.1_class-validator@_f8f5f7c9bf5f0ea617b1141b11ac9012/node_modules/@nestjs/testing/testing-module.builder.js:74:9)
      at Object.<anonymous> (modules/auth/oauth/__tests__/oauth2.integration.spec.ts:175:35)

  ● OAuth2 Integration (issue #1120) › Token exchange and authentication › logs in an existing user matched by email

    Nest can't resolve dependencies of the OAuth2ClientService (ConfigService, ?). Please make sure that the argument CertificatePinningService at index [1] is available in the RootTestModule context.

    Potential solutions:
    - Is RootTestModule a valid NestJS module?
    - If CertificatePinningService is a provider, is it part of the current RootTestModule?
    - If CertificatePinningService is exported from a separate @Module, is that module imported within RootTestModule?
      @Module({
        imports: [ /* the Module containing CertificatePinningService */ ]
      })

    For more common dependency resolution issues, see: https://docs.nestjs.com/faq/common-errors

      173 |     mockProvider.registerHttpMocks();
      174 |
    > 175 |     const module: TestingModule = await Test.createTestingModule({
          |                                   ^
      176 |       providers: [
      177 |         OAuth2Service,
      178 |         OAuth2ClientService,

      at TestingInjector.lookupComponentInParentModules (../node_modules/.pnpm/@nestjs+core@11.1.12_@nestjs+common@11.1.12_class-transformer@0.5.1_class-validator@0.1_081de5c6d0755692e9d6b4445753904b/node_modules/@nestjs/core/injector/injector.js:290:19)
      at TestingInjector.resolveComponentWrapper (../node_modules/.pnpm/@nestjs+testing@11.1.12_@nestjs+common@11.1.12_class-transformer@0.5.1_class-validator@_f8f5f7c9bf5f0ea617b1141b11ac9012/node_modules/@nestjs/testing/testing-injector.js:19:45)
      at resolveParam (../node_modules/.pnpm/@nestjs+core@11.1.12_@nestjs+common@11.1.12_class-transformer@0.5.1_class-validator@0.1_081de5c6d0755692e9d6b4445753904b/node_modules/@nestjs/core/injector/injector.js:140:38)
          at async Promise.all (index 1)
      at TestingInjector.resolveConstructorParams (../node_modules/.pnpm/@nestjs+core@11.1.12_@nestjs+common@11.1.12_class-transformer@0.5.1_class-validator@0.1_081de5c6d0755692e9d6b4445753904b/node_modules/@nestjs/core/injector/injector.js:169:27)
      at TestingInjector.loadInstance (../node_modules/.pnpm/@nestjs+core@11.1.12_@nestjs+common@11.1.12_class-transformer@0.5.1_class-validator@0.1_081de5c6d0755692e9d6b4445753904b/node_modules/@nestjs/core/injector/injector.js:75:13)
      at TestingInjector.loadProvider (../node_modules/.pnpm/@nestjs+core@11.1.12_@nestjs+common@11.1.12_class-transformer@0.5.1_class-validator@0.1_081de5c6d0755692e9d6b4445753904b/node_modules/@nestjs/core/injector/injector.js:103:9)
      at ../node_modules/.pnpm/@nestjs+core@11.1.12_@nestjs+common@11.1.12_class-transformer@0.5.1_class-validator@0.1_081de5c6d0755692e9d6b4445753904b/node_modules/@nestjs/core/injector/instance-loader.js:56:13
          at async Promise.all (index 4)
      at TestingInstanceLoader.createInstancesOfProviders (../node_modules/.pnpm/@nestjs+core@11.1.12_@nestjs+common@11.1.12_class-transformer@0.5.1_class-validator@0.1_081de5c6d0755692e9d6b4445753904b/node_modules/@nestjs/core/injector/instance-loader.js:55:9)
      at ../node_modules/.pnpm/@nestjs+core@11.1.12_@nestjs+common@11.1.12_class-transformer@0.5.1_class-validator@0.1_081de5c6d0755692e9d6b4445753904b/node_modules/@nestjs/core/injector/instance-loader.js:40:13
          at async Promise.all (index 1)
      at TestingInstanceLoader.createInstances (../node_modules/.pnpm/@nestjs+core@11.1.12_@nestjs+common@11.1.12_class-transformer@0.5.1_class-validator@0.1_081de5c6d0755692e9d6b4445753904b/node_modules/@nestjs/core/injector/instance-loader.js:39:9)
      at TestingInstanceLoader.createInstancesOfDependencies (../node_modules/.pnpm/@nestjs+core@11.1.12_@nestjs+common@11.1.12_class-transformer@0.5.1_class-validator@0.1_081de5c6d0755692e9d6b4445753904b/node_modules/@nestjs/core/injector/instance-loader.js:22:13)
      at TestingInstanceLoader.createInstancesOfDependencies (../node_modules/.pnpm/@nestjs+testing@11.1.12_@nestjs+common@11.1.12_class-transformer@0.5.1_class-validator@_f8f5f7c9bf5f0ea617b1141b11ac9012/node_modules/@nestjs/testing/testing-instance-loader.js:9:9)
      at TestingModuleBuilder.createInstancesOfDependencies (../node_modules/.pnpm/@nestjs+testing@11.1.12_@nestjs+common@11.1.12_class-transformer@0.5.1_class-validator@_f8f5f7c9bf5f0ea617b1141b11ac9012/node_modules/@nestjs/testing/testing-module.builder.js:118:9)
      at TestingModuleBuilder.compile (../node_modules/.pnpm/@nestjs+testing@11.1.12_@nestjs+common@11.1.12_class-transformer@0.5.1_class-validator@_f8f5f7c9bf5f0ea617b1141b11ac9012/node_modules/@nestjs/testing/testing-module.builder.js:74:9)
      at Object.<anonymous> (modules/auth/oauth/__tests__/oauth2.integration.spec.ts:175:35)

  ● OAuth2 Integration (issue #1120) › Token exchange and authentication › rejects reused authorization codes

    Nest can't resolve dependencies of the OAuth2ClientService (ConfigService, ?). Please make sure that the argument CertificatePinningService at index [1] is available in the RootTestModule context.

    Potential solutions:
    - Is RootTestModule a valid NestJS module?
    - If CertificatePinningService is a provider, is it part of the current RootTestModule?
    - If CertificatePinningService is exported from a separate @Module, is that module imported within RootTestModule?
      @Module({
        imports: [ /* the Module containing CertificatePinningService */ ]
      })

    For more common dependency resolution issues, see: https://docs.nestjs.com/faq/common-errors

      173 |     mockProvider.registerHttpMocks();
      174 |
    > 175 |     const module: TestingModule = await Test.createTestingModule({
          |                                   ^
      176 |       providers: [
      177 |         OAuth2Service,
      178 |         OAuth2ClientService,

      at TestingInjector.lookupComponentInParentModules (../node_modules/.pnpm/@nestjs+core@11.1.12_@nestjs+common@11.1.12_class-transformer@0.5.1_class-validator@0.1_081de5c6d0755692e9d6b4445753904b/node_modules/@nestjs/core/injector/injector.js:290:19)
      at TestingInjector.resolveComponentWrapper (../node_modules/.pnpm/@nestjs+testing@11.1.12_@nestjs+common@11.1.12_class-transformer@0.5.1_class-validator@_f8f5f7c9bf5f0ea617b1141b11ac9012/node_modules/@nestjs/testing/testing-injector.js:19:45)
      at resolveParam (../node_modules/.pnpm/@nestjs+core@11.1.12_@nestjs+common@11.1.12_class-transformer@0.5.1_class-validator@0.1_081de5c6d0755692e9d6b4445753904b/node_modules/@nestjs/core/injector/injector.js:140:38)
          at async Promise.all (index 1)
      at TestingInjector.resolveConstructorParams (../node_modules/.pnpm/@nestjs+core@11.1.12_@nestjs+common@11.1.12_class-transformer@0.5.1_class-validator@0.1_081de5c6d0755692e9d6b4445753904b/node_modules/@nestjs/core/injector/injector.js:169:27)
      at TestingInjector.loadInstance (../node_modules/.pnpm/@nestjs+core@11.1.12_@nestjs+common@11.1.12_class-transformer@0.5.1_class-validator@0.1_081de5c6d0755692e9d6b4445753904b/node_modules/@nestjs/core/injector/injector.js:75:13)
      at TestingInjector.loadProvider (../node_modules/.pnpm/@nestjs+core@11.1.12_@nestjs+common@11.1.12_class-transformer@0.5.1_class-validator@0.1_081de5c6d0755692e9d6b4445753904b/node_modules/@nestjs/core/injector/injector.js:103:9)
      at ../node_modules/.pnpm/@nestjs+core@11.1.12_@nestjs+common@11.1.12_class-transformer@0.5.1_class-validator@0.1_081de5c6d0755692e9d6b4445753904b/node_modules/@nestjs/core/injector/instance-loader.js:56:13
          at async Promise.all (index 4)
      at TestingInstanceLoader.createInstancesOfProviders (../node_modules/.pnpm/@nestjs+core@11.1.12_@nestjs+common@11.1.12_class-transformer@0.5.1_class-validator@0.1_081de5c6d0755692e9d6b4445753904b/node_modules/@nestjs/core/injector/instance-loader.js:55:9)
      at ../node_modules/.pnpm/@nestjs+core@11.1.12_@nestjs+common@11.1.12_class-transformer@0.5.1_class-validator@0.1_081de5c6d0755692e9d6b4445753904b/node_modules/@nestjs/core/injector/instance-loader.js:40:13
          at async Promise.all (index 1)
      at TestingInstanceLoader.createInstances (../node_modules/.pnpm/@nestjs+core@11.1.12_@nestjs+common@11.1.12_class-transformer@0.5.1_class-validator@0.1_081de5c6d0755692e9d6b4445753904b/node_modules/@nestjs/core/injector/instance-loader.js:39:9)
      at TestingInstanceLoader.createInstancesOfDependencies (../node_modules/.pnpm/@nestjs+core@11.1.12_@nestjs+common@11.1.12_class-transformer@0.5.1_class-validator@0.1_081de5c6d0755692e9d6b4445753904b/node_modules/@nestjs/core/injector/instance-loader.js:22:13)
      at TestingInstanceLoader.createInstancesOfDependencies (../node_modules/.pnpm/@nestjs+testing@11.1.12_@nestjs+common@11.1.12_class-transformer@0.5.1_class-validator@_f8f5f7c9bf5f0ea617b1141b11ac9012/node_modules/@nestjs/testing/testing-instance-loader.js:9:9)
      at TestingModuleBuilder.createInstancesOfDependencies (../node_modules/.pnpm/@nestjs+testing@11.1.12_@nestjs+common@11.1.12_class-transformer@0.5.1_class-validator@_f8f5f7c9bf5f0ea617b1141b11ac9012/node_modules/@nestjs/testing/testing-module.builder.js:118:9)
      at TestingModuleBuilder.compile (../node_modules/.pnpm/@nestjs+testing@11.1.12_@nestjs+common@11.1.12_class-transformer@0.5.1_class-validator@_f8f5f7c9bf5f0ea617b1141b11ac9012/node_modules/@nestjs/testing/testing-module.builder.js:74:9)
      at Object.<anonymous> (modules/auth/oauth/__tests__/oauth2.integration.spec.ts:175:35)

  ● OAuth2 Integration (issue #1120) › User profile retrieval › fetches profile from provider using access token

    Nest can't resolve dependencies of the OAuth2ClientService (ConfigService, ?). Please make sure that the argument CertificatePinningService at index [1] is available in the RootTestModule context.

    Potential solutions:
    - Is RootTestModule a valid NestJS module?
    - If CertificatePinningService is a provider, is it part of the current RootTestModule?
    - If CertificatePinningService is exported from a separate @Module, is that module imported within RootTestModule?
      @Module({
        imports: [ /* the Module containing CertificatePinningService */ ]
      })

    For more common dependency resolution issues, see: https://docs.nestjs.com/faq/common-errors

      173 |     mockProvider.registerHttpMocks();
      174 |
    > 175 |     const module: TestingModule = await Test.createTestingModule({
          |                                   ^
      176 |       providers: [
      177 |         OAuth2Service,
      178 |         OAuth2ClientService,

      at TestingInjector.lookupComponentInParentModules (../node_modules/.pnpm/@nestjs+core@11.1.12_@nestjs+common@11.1.12_class-transformer@0.5.1_class-validator@0.1_081de5c6d0755692e9d6b4445753904b/node_modules/@nestjs/core/injector/injector.js:290:19)
      at TestingInjector.resolveComponentWrapper (../node_modules/.pnpm/@nestjs+testing@11.1.12_@nestjs+common@11.1.12_class-transformer@0.5.1_class-validator@_f8f5f7c9bf5f0ea617b1141b11ac9012/node_modules/@nestjs/testing/testing-injector.js:19:45)
      at resolveParam (../node_modules/.pnpm/@nestjs+core@11.1.12_@nestjs+common@11.1.12_class-transformer@0.5.1_class-validator@0.1_081de5c6d0755692e9d6b4445753904b/node_modules/@nestjs/core/injector/injector.js:140:38)
          at async Promise.all (index 1)
      at TestingInjector.resolveConstructorParams (../node_modules/.pnpm/@nestjs+core@11.1.12_@nestjs+common@11.1.12_class-transformer@0.5.1_class-validator@0.1_081de5c6d0755692e9d6b4445753904b/node_modules/@nestjs/core/injector/injector.js:169:27)
      at TestingInjector.loadInstance (../node_modules/.pnpm/@nestjs+core@11.1.12_@nestjs+common@11.1.12_class-transformer@0.5.1_class-validator@0.1_081de5c6d0755692e9d6b4445753904b/node_modules/@nestjs/core/injector/injector.js:75:13)
      at TestingInjector.loadProvider (../node_modules/.pnpm/@nestjs+core@11.1.12_@nestjs+common@11.1.12_class-transformer@0.5.1_class-validator@0.1_081de5c6d0755692e9d6b4445753904b/node_modules/@nestjs/core/injector/injector.js:103:9)
      at ../node_modules/.pnpm/@nestjs+core@11.1.12_@nestjs+common@11.1.12_class-transformer@0.5.1_class-validator@0.1_081de5c6d0755692e9d6b4445753904b/node_modules/@nestjs/core/injector/instance-loader.js:56:13
          at async Promise.all (index 4)
      at TestingInstanceLoader.createInstancesOfProviders (../node_modules/.pnpm/@nestjs+core@11.1.12_@nestjs+common@11.1.12_class-transformer@0.5.1_class-validator@0.1_081de5c6d0755692e9d6b4445753904b/node_modules/@nestjs/core/injector/instance-loader.js:55:9)
      at ../node_modules/.pnpm/@nestjs+core@11.1.12_@nestjs+common@11.1.12_class-transformer@0.5.1_class-validator@0.1_081de5c6d0755692e9d6b4445753904b/node_modules/@nestjs/core/injector/instance-loader.js:40:13
          at async Promise.all (index 1)
      at TestingInstanceLoader.createInstances (../node_modules/.pnpm/@nestjs+core@11.1.12_@nestjs+common@11.1.12_class-transformer@0.5.1_class-validator@0.1_081de5c6d0755692e9d6b4445753904b/node_modules/@nestjs/core/injector/instance-loader.js:39:9)
      at TestingInstanceLoader.createInstancesOfDependencies (../node_modules/.pnpm/@nestjs+core@11.1.12_@nestjs+common@11.1.12_class-transformer@0.5.1_class-validator@0.1_081de5c6d0755692e9d6b4445753904b/node_modules/@nestjs/core/injector/instance-loader.js:22:13)
      at TestingInstanceLoader.createInstancesOfDependencies (../node_modules/.pnpm/@nestjs+testing@11.1.12_@nestjs+common@11.1.12_class-transformer@0.5.1_class-validator@_f8f5f7c9bf5f0ea617b1141b11ac9012/node_modules/@nestjs/testing/testing-instance-loader.js:9:9)
      at TestingModuleBuilder.createInstancesOfDependencies (../node_modules/.pnpm/@nestjs+testing@11.1.12_@nestjs+common@11.1.12_class-transformer@0.5.1_class-validator@_f8f5f7c9bf5f0ea617b1141b11ac9012/node_modules/@nestjs/testing/testing-module.builder.js:118:9)
      at TestingModuleBuilder.compile (../node_modules/.pnpm/@nestjs+testing@11.1.12_@nestjs+common@11.1.12_class-transformer@0.5.1_class-validator@_f8f5f7c9bf5f0ea617b1141b11ac9012/node_modules/@nestjs/testing/testing-module.builder.js:74:9)
      at Object.<anonymous> (modules/auth/oauth/__tests__/oauth2.integration.spec.ts:175:35)

  ● OAuth2 Integration (issue #1120) › User profile retrieval › rejects profile fetch with revoked token

    Nest can't resolve dependencies of the OAuth2ClientService (ConfigService, ?). Please make sure that the argument CertificatePinningService at index [1] is available in the RootTestModule context.

    Potential solutions:
    - Is RootTestModule a valid NestJS module?
    - If CertificatePinningService is a provider, is it part of the current RootTestModule?
    - If CertificatePinningService is exported from a separate @Module, is that module imported within RootTestModule?
      @Module({
        imports: [ /* the Module containing CertificatePinningService */ ]
      })

    For more common dependency resolution issues, see: https://docs.nestjs.com/faq/common-errors

      173 |     mockProvider.registerHttpMocks();
      174 |
    > 175 |     const module: TestingModule = await Test.createTestingModule({
          |                                   ^
      176 |       providers: [
      177 |         OAuth2Service,
      178 |         OAuth2ClientService,

      at TestingInjector.lookupComponentInParentModules (../node_modules/.pnpm/@nestjs+core@11.1.12_@nestjs+common@11.1.12_class-transformer@0.5.1_class-validator@0.1_081de5c6d0755692e9d6b4445753904b/node_modules/@nestjs/core/injector/injector.js:290:19)
      at TestingInjector.resolveComponentWrapper (../node_modules/.pnpm/@nestjs+testing@11.1.12_@nestjs+common@11.1.12_class-transformer@0.5.1_class-validator@_f8f5f7c9bf5f0ea617b1141b11ac9012/node_modules/@nestjs/testing/testing-injector.js:19:45)
      at resolveParam (../node_modules/.pnpm/@nestjs+core@11.1.12_@nestjs+common@11.1.12_class-transformer@0.5.1_class-validator@0.1_081de5c6d0755692e9d6b4445753904b/node_modules/@nestjs/core/injector/injector.js:140:38)
          at async Promise.all (index 1)
      at TestingInjector.resolveConstructorParams (../node_modules/.pnpm/@nestjs+core@11.1.12_@nestjs+common@11.1.12_class-transformer@0.5.1_class-validator@0.1_081de5c6d0755692e9d6b4445753904b/node_modules/@nestjs/core/injector/injector.js:169:27)
      at TestingInjector.loadInstance (../node_modules/.pnpm/@nestjs+core@11.1.12_@nestjs+common@11.1.12_class-transformer@0.5.1_class-validator@0.1_081de5c6d0755692e9d6b4445753904b/node_modules/@nestjs/core/injector/injector.js:75:13)
      at TestingInjector.loadProvider (../node_modules/.pnpm/@nestjs+core@11.1.12_@nestjs+common@11.1.12_class-transformer@0.5.1_class-validator@0.1_081de5c6d0755692e9d6b4445753904b/node_modules/@nestjs/core/injector/injector.js:103:9)
      at ../node_modules/.pnpm/@nestjs+core@11.1.12_@nestjs+common@11.1.12_class-transformer@0.5.1_class-validator@0.1_081de5c6d0755692e9d6b4445753904b/node_modules/@nestjs/core/injector/instance-loader.js:56:13
          at async Promise.all (index 4)
      at TestingInstanceLoader.createInstancesOfProviders (../node_modules/.pnpm/@nestjs+core@11.1.12_@nestjs+common@11.1.12_class-transformer@0.5.1_class-validator@0.1_081de5c6d0755692e9d6b4445753904b/node_modules/@nestjs/core/injector/instance-loader.js:55:9)
      at ../node_modules/.pnpm/@nestjs+core@11.1.12_@nestjs+common@11.1.12_class-transformer@0.5.1_class-validator@0.1_081de5c6d0755692e9d6b4445753904b/node_modules/@nestjs/core/injector/instance-loader.js:40:13
          at async Promise.all (index 1)
      at TestingInstanceLoader.createInstances (../node_modules/.pnpm/@nestjs+core@11.1.12_@nestjs+common@11.1.12_class-transformer@0.5.1_class-validator@0.1_081de5c6d0755692e9d6b4445753904b/node_modules/@nestjs/core/injector/instance-loader.js:39:9)
      at TestingInstanceLoader.createInstancesOfDependencies (../node_modules/.pnpm/@nestjs+core@11.1.12_@nestjs+common@11.1.12_class-transformer@0.5.1_class-validator@0.1_081de5c6d0755692e9d6b4445753904b/node_modules/@nestjs/core/injector/instance-loader.js:22:13)
      at TestingInstanceLoader.createInstancesOfDependencies (../node_modules/.pnpm/@nestjs+testing@11.1.12_@nestjs+common@11.1.12_class-transformer@0.5.1_class-validator@_f8f5f7c9bf5f0ea617b1141b11ac9012/node_modules/@nestjs/testing/testing-instance-loader.js:9:9)
      at TestingModuleBuilder.createInstancesOfDependencies (../node_modules/.pnpm/@nestjs+testing@11.1.12_@nestjs+common@11.1.12_class-transformer@0.5.1_class-validator@_f8f5f7c9bf5f0ea617b1141b11ac9012/node_modules/@nestjs/testing/testing-module.builder.js:118:9)
      at TestingModuleBuilder.compile (../node_modules/.pnpm/@nestjs+testing@11.1.12_@nestjs+common@11.1.12_class-transformer@0.5.1_class-validator@_f8f5f7c9bf5f0ea617b1141b11ac9012/node_modules/@nestjs/testing/testing-module.builder.js:74:9)
      at Object.<anonymous> (modules/auth/oauth/__tests__/oauth2.integration.spec.ts:175:35)

  ● OAuth2 Integration (issue #1120) › Account linking › links a provider account to an authenticated user

    Nest can't resolve dependencies of the OAuth2ClientService (ConfigService, ?). Please make sure that the argument CertificatePinningService at index [1] is available in the RootTestModule context.

    Potential solutions:
    - Is RootTestModule a valid NestJS module?
    - If CertificatePinningService is a provider, is it part of the current RootTestModule?
    - If CertificatePinningService is exported from a separate @Module, is that module imported within RootTestModule?
      @Module({
        imports: [ /* the Module containing CertificatePinningService */ ]
      })

    For more common dependency resolution issues, see: https://docs.nestjs.com/faq/common-errors

      173 |     mockProvider.registerHttpMocks();
      174 |
    > 175 |     const module: TestingModule = await Test.createTestingModule({
          |                                   ^
      176 |       providers: [
      177 |         OAuth2Service,
      178 |         OAuth2ClientService,

      at TestingInjector.lookupComponentInParentModules (../node_modules/.pnpm/@nestjs+core@11.1.12_@nestjs+common@11.1.12_class-transformer@0.5.1_class-validator@0.1_081de5c6d0755692e9d6b4445753904b/node_modules/@nestjs/core/injector/injector.js:290:19)
      at TestingInjector.resolveComponentWrapper (../node_modules/.pnpm/@nestjs+testing@11.1.12_@nestjs+common@11.1.12_class-transformer@0.5.1_class-validator@_f8f5f7c9bf5f0ea617b1141b11ac9012/node_modules/@nestjs/testing/testing-injector.js:19:45)
      at resolveParam (../node_modules/.pnpm/@nestjs+core@11.1.12_@nestjs+common@11.1.12_class-transformer@0.5.1_class-validator@0.1_081de5c6d0755692e9d6b4445753904b/node_modules/@nestjs/core/injector/injector.js:140:38)
          at async Promise.all (index 1)
      at TestingInjector.resolveConstructorParams (../node_modules/.pnpm/@nestjs+core@11.1.12_@nestjs+common@11.1.12_class-transformer@0.5.1_class-validator@0.1_081de5c6d0755692e9d6b4445753904b/node_modules/@nestjs/core/injector/injector.js:169:27)
      at TestingInjector.loadInstance (../node_modules/.pnpm/@nestjs+core@11.1.12_@nestjs+common@11.1.12_class-transformer@0.5.1_class-validator@0.1_081de5c6d0755692e9d6b4445753904b/node_modules/@nestjs/core/injector/injector.js:75:13)
      at TestingInjector.loadProvider (../node_modules/.pnpm/@nestjs+core@11.1.12_@nestjs+common@11.1.12_class-transformer@0.5.1_class-validator@0.1_081de5c6d0755692e9d6b4445753904b/node_modules/@nestjs/core/injector/injector.js:103:9)
      at ../node_modules/.pnpm/@nestjs+core@11.1.12_@nestjs+common@11.1.12_class-transformer@0.5.1_class-validator@0.1_081de5c6d0755692e9d6b4445753904b/node_modules/@nestjs/core/injector/instance-loader.js:56:13
          at async Promise.all (index 4)
      at TestingInstanceLoader.createInstancesOfProviders (../node_modules/.pnpm/@nestjs+core@11.1.12_@nestjs+common@11.1.12_class-transformer@0.5.1_class-validator@0.1_081de5c6d0755692e9d6b4445753904b/node_modules/@nestjs/core/injector/instance-loader.js:55:9)
      at ../node_modules/.pnpm/@nestjs+core@11.1.12_@nestjs+common@11.1.12_class-transformer@0.5.1_class-validator@0.1_081de5c6d0755692e9d6b4445753904b/node_modules/@nestjs/core/injector/instance-loader.js:40:13
          at async Promise.all (index 1)
      at TestingInstanceLoader.createInstances (../node_modules/.pnpm/@nestjs+core@11.1.12_@nestjs+common@11.1.12_class-transformer@0.5.1_class-validator@0.1_081de5c6d0755692e9d6b4445753904b/node_modules/@nestjs/core/injector/instance-loader.js:39:9)
      at TestingInstanceLoader.createInstancesOfDependencies (../node_modules/.pnpm/@nestjs+core@11.1.12_@nestjs+common@11.1.12_class-transformer@0.5.1_class-validator@0.1_081de5c6d0755692e9d6b4445753904b/node_modules/@nestjs/core/injector/instance-loader.js:22:13)
      at TestingInstanceLoader.createInstancesOfDependencies (../node_modules/.pnpm/@nestjs+testing@11.1.12_@nestjs+common@11.1.12_class-transformer@0.5.1_class-validator@_f8f5f7c9bf5f0ea617b1141b11ac9012/node_modules/@nestjs/testing/testing-instance-loader.js:9:9)
      at TestingModuleBuilder.createInstancesOfDependencies (../node_modules/.pnpm/@nestjs+testing@11.1.12_@nestjs+common@11.1.12_class-transformer@0.5.1_class-validator@_f8f5f7c9bf5f0ea617b1141b11ac9012/node_modules/@nestjs/testing/testing-module.builder.js:118:9)
      at TestingModuleBuilder.compile (../node_modules/.pnpm/@nestjs+testing@11.1.12_@nestjs+common@11.1.12_class-transformer@0.5.1_class-validator@_f8f5f7c9bf5f0ea617b1141b11ac9012/node_modules/@nestjs/testing/testing-module.builder.js:74:9)
      at Object.<anonymous> (modules/auth/oauth/__tests__/oauth2.integration.spec.ts:175:35)

  ● OAuth2 Integration (issue #1120) › Account linking › prevents linking a provider account already owned by another user

    Nest can't resolve dependencies of the OAuth2ClientService (ConfigService, ?). Please make sure that the argument CertificatePinningService at index [1] is available in the RootTestModule context.

    Potential solutions:
    - Is RootTestModule a valid NestJS module?
    - If CertificatePinningService is a provider, is it part of the current RootTestModule?
    - If CertificatePinningService is exported from a separate @Module, is that module imported within RootTestModule?
      @Module({
        imports: [ /* the Module containing CertificatePinningService */ ]
      })

    For more common dependency resolution issues, see: https://docs.nestjs.com/faq/common-errors

      173 |     mockProvider.registerHttpMocks();
      174 |
    > 175 |     const module: TestingModule = await Test.createTestingModule({
          |                                   ^
      176 |       providers: [
      177 |         OAuth2Service,
      178 |         OAuth2ClientService,

      at TestingInjector.lookupComponentInParentModules (../node_modules/.pnpm/@nestjs+core@11.1.12_@nestjs+common@11.1.12_class-transformer@0.5.1_class-validator@0.1_081de5c6d0755692e9d6b4445753904b/node_modules/@nestjs/core/injector/injector.js:290:19)
      at TestingInjector.resolveComponentWrapper (../node_modules/.pnpm/@nestjs+testing@11.1.12_@nestjs+common@11.1.12_class-transformer@0.5.1_class-validator@_f8f5f7c9bf5f0ea617b1141b11ac9012/node_modules/@nestjs/testing/testing-injector.js:19:45)
      at resolveParam (../node_modules/.pnpm/@nestjs+core@11.1.12_@nestjs+common@11.1.12_class-transformer@0.5.1_class-validator@0.1_081de5c6d0755692e9d6b4445753904b/node_modules/@nestjs/core/injector/injector.js:140:38)
          at async Promise.all (index 1)
      at TestingInjector.resolveConstructorParams (../node_modules/.pnpm/@nestjs+core@11.1.12_@nestjs+common@11.1.12_class-transformer@0.5.1_class-validator@0.1_081de5c6d0755692e9d6b4445753904b/node_modules/@nestjs/core/injector/injector.js:169:27)
      at TestingInjector.loadInstance (../node_modules/.pnpm/@nestjs+core@11.1.12_@nestjs+common@11.1.12_class-transformer@0.5.1_class-validator@0.1_081de5c6d0755692e9d6b4445753904b/node_modules/@nestjs/core/injector/injector.js:75:13)
      at TestingInjector.loadProvider (../node_modules/.pnpm/@nestjs+core@11.1.12_@nestjs+common@11.1.12_class-transformer@0.5.1_class-validator@0.1_081de5c6d0755692e9d6b4445753904b/node_modules/@nestjs/core/injector/injector.js:103:9)
      at ../node_modules/.pnpm/@nestjs+core@11.1.12_@nestjs+common@11.1.12_class-transformer@0.5.1_class-validator@0.1_081de5c6d0755692e9d6b4445753904b/node_modules/@nestjs/core/injector/instance-loader.js:56:13
          at async Promise.all (index 4)
      at TestingInstanceLoader.createInstancesOfProviders (../node_modules/.pnpm/@nestjs+core@11.1.12_@nestjs+common@11.1.12_class-transformer@0.5.1_class-validator@0.1_081de5c6d0755692e9d6b4445753904b/node_modules/@nestjs/core/injector/instance-loader.js:55:9)
      at ../node_modules/.pnpm/@nestjs+core@11.1.12_@nestjs+common@11.1.12_class-transformer@0.5.1_class-validator@0.1_081de5c6d0755692e9d6b4445753904b/node_modules/@nestjs/core/injector/instance-loader.js:40:13
          at async Promise.all (index 1)
      at TestingInstanceLoader.createInstances (../node_modules/.pnpm/@nestjs+core@11.1.12_@nestjs+common@11.1.12_class-transformer@0.5.1_class-validator@0.1_081de5c6d0755692e9d6b4445753904b/node_modules/@nestjs/core/injector/instance-loader.js:39:9)
      at TestingInstanceLoader.createInstancesOfDependencies (../node_modules/.pnpm/@nestjs+core@11.1.12_@nestjs+common@11.1.12_class-transformer@0.5.1_class-validator@0.1_081de5c6d0755692e9d6b4445753904b/node_modules/@nestjs/core/injector/instance-loader.js:22:13)
      at TestingInstanceLoader.createInstancesOfDependencies (../node_modules/.pnpm/@nestjs+testing@11.1.12_@nestjs+common@11.1.12_class-transformer@0.5.1_class-validator@_f8f5f7c9bf5f0ea617b1141b11ac9012/node_modules/@nestjs/testing/testing-instance-loader.js:9:9)
      at TestingModuleBuilder.createInstancesOfDependencies (../node_modules/.pnpm/@nestjs+testing@11.1.12_@nestjs+common@11.1.12_class-transformer@0.5.1_class-validator@_f8f5f7c9bf5f0ea617b1141b11ac9012/node_modules/@nestjs/testing/testing-module.builder.js:118:9)
      at TestingModuleBuilder.compile (../node_modules/.pnpm/@nestjs+testing@11.1.12_@nestjs+common@11.1.12_class-transformer@0.5.1_class-validator@_f8f5f7c9bf5f0ea617b1141b11ac9012/node_modules/@nestjs/testing/testing-module.builder.js:74:9)
      at Object.<anonymous> (modules/auth/oauth/__tests__/oauth2.integration.spec.ts:175:35)

  ● OAuth2 Integration (issue #1120) › Token refresh › refreshes provider access tokens

    Nest can't resolve dependencies of the OAuth2ClientService (ConfigService, ?). Please make sure that the argument CertificatePinningService at index [1] is available in the RootTestModule context.

    Potential solutions:
    - Is RootTestModule a valid NestJS module?
    - If CertificatePinningService is a provider, is it part of the current RootTestModule?
    - If CertificatePinningService is exported from a separate @Module, is that module imported within RootTestModule?
      @Module({
        imports: [ /* the Module containing CertificatePinningService */ ]
      })

    For more common dependency resolution issues, see: https://docs.nestjs.com/faq/common-errors

      173 |     mockProvider.registerHttpMocks();
      174 |
    > 175 |     const module: TestingModule = await Test.createTestingModule({
          |                                   ^
      176 |       providers: [
      177 |         OAuth2Service,
      178 |         OAuth2ClientService,

      at TestingInjector.lookupComponentInParentModules (../node_modules/.pnpm/@nestjs+core@11.1.12_@nestjs+common@11.1.12_class-transformer@0.5.1_class-validator@0.1_081de5c6d0755692e9d6b4445753904b/node_modules/@nestjs/core/injector/injector.js:290:19)
      at TestingInjector.resolveComponentWrapper (../node_modules/.pnpm/@nestjs+testing@11.1.12_@nestjs+common@11.1.12_class-transformer@0.5.1_class-validator@_f8f5f7c9bf5f0ea617b1141b11ac9012/node_modules/@nestjs/testing/testing-injector.js:19:45)
      at resolveParam (../node_modules/.pnpm/@nestjs+core@11.1.12_@nestjs+common@11.1.12_class-transformer@0.5.1_class-validator@0.1_081de5c6d0755692e9d6b4445753904b/node_modules/@nestjs/core/injector/injector.js:140:38)
          at async Promise.all (index 1)
      at TestingInjector.resolveConstructorParams (../node_modules/.pnpm/@nestjs+core@11.1.12_@nestjs+common@11.1.12_class-transformer@0.5.1_class-validator@0.1_081de5c6d0755692e9d6b4445753904b/node_modules/@nestjs/core/injector/injector.js:169:27)
      at TestingInjector.loadInstance (../node_modules/.pnpm/@nestjs+core@11.1.12_@nestjs+common@11.1.12_class-transformer@0.5.1_class-validator@0.1_081de5c6d0755692e9d6b4445753904b/node_modules/@nestjs/core/injector/injector.js:75:13)
      at TestingInjector.loadProvider (../node_modules/.pnpm/@nestjs+core@11.1.12_@nestjs+common@11.1.12_class-transformer@0.5.1_class-validator@0.1_081de5c6d0755692e9d6b4445753904b/node_modules/@nestjs/core/injector/injector.js:103:9)
      at ../node_modules/.pnpm/@nestjs+core@11.1.12_@nestjs+common@11.1.12_class-transformer@0.5.1_class-validator@0.1_081de5c6d0755692e9d6b4445753904b/node_modules/@nestjs/core/injector/instance-loader.js:56:13
          at async Promise.all (index 4)
      at TestingInstanceLoader.createInstancesOfProviders (../node_modules/.pnpm/@nestjs+core@11.1.12_@nestjs+common@11.1.12_class-transformer@0.5.1_class-validator@0.1_081de5c6d0755692e9d6b4445753904b/node_modules/@nestjs/core/injector/instance-loader.js:55:9)
      at ../node_modules/.pnpm/@nestjs+core@11.1.12_@nestjs+common@11.1.12_class-transformer@0.5.1_class-validator@0.1_081de5c6d0755692e9d6b4445753904b/node_modules/@nestjs/core/injector/instance-loader.js:40:13
          at async Promise.all (index 1)
      at TestingInstanceLoader.createInstances (../node_modules/.pnpm/@nestjs+core@11.1.12_@nestjs+common@11.1.12_class-transformer@0.5.1_class-validator@0.1_081de5c6d0755692e9d6b4445753904b/node_modules/@nestjs/core/injector/instance-loader.js:39:9)
      at TestingInstanceLoader.createInstancesOfDependencies (../node_modules/.pnpm/@nestjs+core@11.1.12_@nestjs+common@11.1.12_class-transformer@0.5.1_class-validator@0.1_081de5c6d0755692e9d6b4445753904b/node_modules/@nestjs/core/injector/instance-loader.js:22:13)
      at TestingInstanceLoader.createInstancesOfDependencies (../node_modules/.pnpm/@nestjs+testing@11.1.12_@nestjs+common@11.1.12_class-transformer@0.5.1_class-validator@_f8f5f7c9bf5f0ea617b1141b11ac9012/node_modules/@nestjs/testing/testing-instance-loader.js:9:9)
      at TestingModuleBuilder.createInstancesOfDependencies (../node_modules/.pnpm/@nestjs+testing@11.1.12_@nestjs+common@11.1.12_class-transformer@0.5.1_class-validator@_f8f5f7c9bf5f0ea617b1141b11ac9012/node_modules/@nestjs/testing/testing-module.builder.js:118:9)
      at TestingModuleBuilder.compile (../node_modules/.pnpm/@nestjs+testing@11.1.12_@nestjs+common@11.1.12_class-transformer@0.5.1_class-validator@_f8f5f7c9bf5f0ea617b1141b11ac9012/node_modules/@nestjs/testing/testing-module.builder.js:74:9)
      at Object.<anonymous> (modules/auth/oauth/__tests__/oauth2.integration.spec.ts:175:35)

  ● OAuth2 Integration (issue #1120) › Logout and token revocation › logs out and revokes provider tokens

    Nest can't resolve dependencies of the OAuth2ClientService (ConfigService, ?). Please make sure that the argument CertificatePinningService at index [1] is available in the RootTestModule context.

    Potential solutions:
    - Is RootTestModule a valid NestJS module?
    - If CertificatePinningService is a provider, is it part of the current RootTestModule?
    - If CertificatePinningService is exported from a separate @Module, is that module imported within RootTestModule?
      @Module({
        imports: [ /* the Module containing CertificatePinningService */ ]
      })

    For more common dependency resolution issues, see: https://docs.nestjs.com/faq/common-errors

      173 |     mockProvider.registerHttpMocks();
      174 |
    > 175 |     const module: TestingModule = await Test.createTestingModule({
          |                                   ^
      176 |       providers: [
      177 |         OAuth2Service,
      178 |         OAuth2ClientService,

      at TestingInjector.lookupComponentInParentModules (../node_modules/.pnpm/@nestjs+core@11.1.12_@nestjs+common@11.1.12_class-transformer@0.5.1_class-validator@0.1_081de5c6d0755692e9d6b4445753904b/node_modules/@nestjs/core/injector/injector.js:290:19)
      at TestingInjector.resolveComponentWrapper (../node_modules/.pnpm/@nestjs+testing@11.1.12_@nestjs+common@11.1.12_class-transformer@0.5.1_class-validator@_f8f5f7c9bf5f0ea617b1141b11ac9012/node_modules/@nestjs/testing/testing-injector.js:19:45)
      at resolveParam (../node_modules/.pnpm/@nestjs+core@11.1.12_@nestjs+common@11.1.12_class-transformer@0.5.1_class-validator@0.1_081de5c6d0755692e9d6b4445753904b/node_modules/@nestjs/core/injector/injector.js:140:38)
          at async Promise.all (index 1)
      at TestingInjector.resolveConstructorParams (../node_modules/.pnpm/@nestjs+core@11.1.12_@nestjs+common@11.1.12_class-transformer@0.5.1_class-validator@0.1_081de5c6d0755692e9d6b4445753904b/node_modules/@nestjs/core/injector/injector.js:169:27)
      at TestingInjector.loadInstance (../node_modules/.pnpm/@nestjs+core@11.1.12_@nestjs+common@11.1.12_class-transformer@0.5.1_class-validator@0.1_081de5c6d0755692e9d6b4445753904b/node_modules/@nestjs/core/injector/injector.js:75:13)
      at TestingInjector.loadProvider (../node_modules/.pnpm/@nestjs+core@11.1.12_@nestjs+common@11.1.12_class-transformer@0.5.1_class-validator@0.1_081de5c6d0755692e9d6b4445753904b/node_modules/@nestjs/core/injector/injector.js:103:9)
      at ../node_modules/.pnpm/@nestjs+core@11.1.12_@nestjs+common@11.1.12_class-transformer@0.5.1_class-validator@0.1_081de5c6d0755692e9d6b4445753904b/node_modules/@nestjs/core/injector/instance-loader.js:56:13
          at async Promise.all (index 4)
      at TestingInstanceLoader.createInstancesOfProviders (../node_modules/.pnpm/@nestjs+core@11.1.12_@nestjs+common@11.1.12_class-transformer@0.5.1_class-validator@0.1_081de5c6d0755692e9d6b4445753904b/node_modules/@nestjs/core/injector/instance-loader.js:55:9)
      at ../node_modules/.pnpm/@nestjs+core@11.1.12_@nestjs+common@11.1.12_class-transformer@0.5.1_class-validator@0.1_081de5c6d0755692e9d6b4445753904b/node_modules/@nestjs/core/injector/instance-loader.js:40:13
          at async Promise.all (index 1)
      at TestingInstanceLoader.createInstances (../node_modules/.pnpm/@nestjs+core@11.1.12_@nestjs+common@11.1.12_class-transformer@0.5.1_class-validator@0.1_081de5c6d0755692e9d6b4445753904b/node_modules/@nestjs/core/injector/instance-loader.js:39:9)
      at TestingInstanceLoader.createInstancesOfDependencies (../node_modules/.pnpm/@nestjs+core@11.1.12_@nestjs+common@11.1.12_class-transformer@0.5.1_class-validator@0.1_081de5c6d0755692e9d6b4445753904b/node_modules/@nestjs/core/injector/instance-loader.js:22:13)
      at TestingInstanceLoader.createInstancesOfDependencies (../node_modules/.pnpm/@nestjs+testing@11.1.12_@nestjs+common@11.1.12_class-transformer@0.5.1_class-validator@_f8f5f7c9bf5f0ea617b1141b11ac9012/node_modules/@nestjs/testing/testing-instance-loader.js:9:9)
      at TestingModuleBuilder.createInstancesOfDependencies (../node_modules/.pnpm/@nestjs+testing@11.1.12_@nestjs+common@11.1.12_class-transformer@0.5.1_class-validator@_f8f5f7c9bf5f0ea617b1141b11ac9012/node_modules/@nestjs/testing/testing-module.builder.js:118:9)
      at TestingModuleBuilder.compile (../node_modules/.pnpm/@nestjs+testing@11.1.12_@nestjs+common@11.1.12_class-transformer@0.5.1_class-validator@_f8f5f7c9bf5f0ea617b1141b11ac9012/node_modules/@nestjs/testing/testing-module.builder.js:74:9)
      at Object.<anonymous> (modules/auth/oauth/__tests__/oauth2.integration.spec.ts:175:35)

  ● OAuth2 Integration (issue #1120) › Logout and token revocation › revokes a specific provider token on demand

    Nest can't resolve dependencies of the OAuth2ClientService (ConfigService, ?). Please make sure that the argument CertificatePinningService at index [1] is available in the RootTestModule context.

    Potential solutions:
    - Is RootTestModule a valid NestJS module?
    - If CertificatePinningService is a provider, is it part of the current RootTestModule?
    - If CertificatePinningService is exported from a separate @Module, is that module imported within RootTestModule?
      @Module({
        imports: [ /* the Module containing CertificatePinningService */ ]
      })

    For more common dependency resolution issues, see: https://docs.nestjs.com/faq/common-errors

      173 |     mockProvider.registerHttpMocks();
      174 |
    > 175 |     const module: TestingModule = await Test.createTestingModule({
          |                                   ^
      176 |       providers: [
      177 |         OAuth2Service,
      178 |         OAuth2ClientService,

      at TestingInjector.lookupComponentInParentModules (../node_modules/.pnpm/@nestjs+core@11.1.12_@nestjs+common@11.1.12_class-transformer@0.5.1_class-validator@0.1_081de5c6d0755692e9d6b4445753904b/node_modules/@nestjs/core/injector/injector.js:290:19)
      at TestingInjector.resolveComponentWrapper (../node_modules/.pnpm/@nestjs+testing@11.1.12_@nestjs+common@11.1.12_class-transformer@0.5.1_class-validator@_f8f5f7c9bf5f0ea617b1141b11ac9012/node_modules/@nestjs/testing/testing-injector.js:19:45)
      at resolveParam (../node_modules/.pnpm/@nestjs+core@11.1.12_@nestjs+common@11.1.12_class-transformer@0.5.1_class-validator@0.1_081de5c6d0755692e9d6b4445753904b/node_modules/@nestjs/core/injector/injector.js:140:38)
          at async Promise.all (index 1)
      at TestingInjector.resolveConstructorParams (../node_modules/.pnpm/@nestjs+core@11.1.12_@nestjs+common@11.1.12_class-transformer@0.5.1_class-validator@0.1_081de5c6d0755692e9d6b4445753904b/node_modules/@nestjs/core/injector/injector.js:169:27)
      at TestingInjector.loadInstance (../node_modules/.pnpm/@nestjs+core@11.1.12_@nestjs+common@11.1.12_class-transformer@0.5.1_class-validator@0.1_081de5c6d0755692e9d6b4445753904b/node_modules/@nestjs/core/injector/injector.js:75:13)
      at TestingInjector.loadProvider (../node_modules/.pnpm/@nestjs+core@11.1.12_@nestjs+common@11.1.12_class-transformer@0.5.1_class-validator@0.1_081de5c6d0755692e9d6b4445753904b/node_modules/@nestjs/core/injector/injector.js:103:9)
      at ../node_modules/.pnpm/@nestjs+core@11.1.12_@nestjs+common@11.1.12_class-transformer@0.5.1_class-validator@0.1_081de5c6d0755692e9d6b4445753904b/node_modules/@nestjs/core/injector/instance-loader.js:56:13
          at async Promise.all (index 4)
      at TestingInstanceLoader.createInstancesOfProviders (../node_modules/.pnpm/@nestjs+core@11.1.12_@nestjs+common@11.1.12_class-transformer@0.5.1_class-validator@0.1_081de5c6d0755692e9d6b4445753904b/node_modules/@nestjs/core/injector/instance-loader.js:55:9)
      at ../node_modules/.pnpm/@nestjs+core@11.1.12_@nestjs+common@11.1.12_class-transformer@0.5.1_class-validator@0.1_081de5c6d0755692e9d6b4445753904b/node_modules/@nestjs/core/injector/instance-loader.js:40:13
          at async Promise.all (index 1)
      at TestingInstanceLoader.createInstances (../node_modules/.pnpm/@nestjs+core@11.1.12_@nestjs+common@11.1.12_class-transformer@0.5.1_class-validator@0.1_081de5c6d0755692e9d6b4445753904b/node_modules/@nestjs/core/injector/instance-loader.js:39:9)
      at TestingInstanceLoader.createInstancesOfDependencies (../node_modules/.pnpm/@nestjs+core@11.1.12_@nestjs+common@11.1.12_class-transformer@0.5.1_class-validator@0.1_081de5c6d0755692e9d6b4445753904b/node_modules/@nestjs/core/injector/instance-loader.js:22:13)
      at TestingInstanceLoader.createInstancesOfDependencies (../node_modules/.pnpm/@nestjs+testing@11.1.12_@nestjs+common@11.1.12_class-transformer@0.5.1_class-validator@_f8f5f7c9bf5f0ea617b1141b11ac9012/node_modules/@nestjs/testing/testing-instance-loader.js:9:9)
      at TestingModuleBuilder.createInstancesOfDependencies (../node_modules/.pnpm/@nestjs+testing@11.1.12_@nestjs+common@11.1.12_class-transformer@0.5.1_class-validator@_f8f5f7c9bf5f0ea617b1141b11ac9012/node_modules/@nestjs/testing/testing-module.builder.js:118:9)
      at TestingModuleBuilder.compile (../node_modules/.pnpm/@nestjs+testing@11.1.12_@nestjs+common@11.1.12_class-transformer@0.5.1_class-validator@_f8f5f7c9bf5f0ea617b1141b11ac9012/node_modules/@nestjs/testing/testing-module.builder.js:74:9)
      at Object.<anonymous> (modules/auth/oauth/__tests__/oauth2.integration.spec.ts:175:35)

  ● OAuth2 Integration (issue #1120) › Logout and token revocation › clears session even when no provider tokens are stored

    Nest can't resolve dependencies of the OAuth2ClientService (ConfigService, ?). Please make sure that the argument CertificatePinningService at index [1] is available in the RootTestModule context.

    Potential solutions:
    - Is RootTestModule a valid NestJS module?
    - If CertificatePinningService is a provider, is it part of the current RootTestModule?
    - If CertificatePinningService is exported from a separate @Module, is that module imported within RootTestModule?
      @Module({
        imports: [ /* the Module containing CertificatePinningService */ ]
      })

    For more common dependency resolution issues, see: https://docs.nestjs.com/faq/common-errors

      173 |     mockProvider.registerHttpMocks();
      174 |
    > 175 |     const module: TestingModule = await Test.createTestingModule({
          |                                   ^
      176 |       providers: [
      177 |         OAuth2Service,
      178 |         OAuth2ClientService,

      at TestingInjector.lookupComponentInParentModules (../node_modules/.pnpm/@nestjs+core@11.1.12_@nestjs+common@11.1.12_class-transformer@0.5.1_class-validator@0.1_081de5c6d0755692e9d6b4445753904b/node_modules/@nestjs/core/injector/injector.js:290:19)
      at TestingInjector.resolveComponentWrapper (../node_modules/.pnpm/@nestjs+testing@11.1.12_@nestjs+common@11.1.12_class-transformer@0.5.1_class-validator@_f8f5f7c9bf5f0ea617b1141b11ac9012/node_modules/@nestjs/testing/testing-injector.js:19:45)
      at resolveParam (../node_modules/.pnpm/@nestjs+core@11.1.12_@nestjs+common@11.1.12_class-transformer@0.5.1_class-validator@0.1_081de5c6d0755692e9d6b4445753904b/node_modules/@nestjs/core/injector/injector.js:140:38)
          at async Promise.all (index 1)
      at TestingInjector.resolveConstructorParams (../node_modules/.pnpm/@nestjs+core@11.1.12_@nestjs+common@11.1.12_class-transformer@0.5.1_class-validator@0.1_081de5c6d0755692e9d6b4445753904b/node_modules/@nestjs/core/injector/injector.js:169:27)
      at TestingInjector.loadInstance (../node_modules/.pnpm/@nestjs+core@11.1.12_@nestjs+common@11.1.12_class-transformer@0.5.1_class-validator@0.1_081de5c6d0755692e9d6b4445753904b/node_modules/@nestjs/core/injector/injector.js:75:13)
      at TestingInjector.loadProvider (../node_modules/.pnpm/@nestjs+core@11.1.12_@nestjs+common@11.1.12_class-transformer@0.5.1_class-validator@0.1_081de5c6d0755692e9d6b4445753904b/node_modules/@nestjs/core/injector/injector.js:103:9)
      at ../node_modules/.pnpm/@nestjs+core@11.1.12_@nestjs+common@11.1.12_class-transformer@0.5.1_class-validator@0.1_081de5c6d0755692e9d6b4445753904b/node_modules/@nestjs/core/injector/instance-loader.js:56:13
          at async Promise.all (index 4)
      at TestingInstanceLoader.createInstancesOfProviders (../node_modules/.pnpm/@nestjs+core@11.1.12_@nestjs+common@11.1.12_class-transformer@0.5.1_class-validator@0.1_081de5c6d0755692e9d6b4445753904b/node_modules/@nestjs/core/injector/instance-loader.js:55:9)
      at ../node_modules/.pnpm/@nestjs+core@11.1.12_@nestjs+common@11.1.12_class-transformer@0.5.1_class-validator@0.1_081de5c6d0755692e9d6b4445753904b/node_modules/@nestjs/core/injector/instance-loader.js:40:13
          at async Promise.all (index 1)
      at TestingInstanceLoader.createInstances (../node_modules/.pnpm/@nestjs+core@11.1.12_@nestjs+common@11.1.12_class-transformer@0.5.1_class-validator@0.1_081de5c6d0755692e9d6b4445753904b/node_modules/@nestjs/core/injector/instance-loader.js:39:9)
      at TestingInstanceLoader.createInstancesOfDependencies (../node_modules/.pnpm/@nestjs+core@11.1.12_@nestjs+common@11.1.12_class-transformer@0.5.1_class-validator@0.1_081de5c6d0755692e9d6b4445753904b/node_modules/@nestjs/core/injector/instance-loader.js:22:13)
      at TestingInstanceLoader.createInstancesOfDependencies (../node_modules/.pnpm/@nestjs+testing@11.1.12_@nestjs+common@11.1.12_class-transformer@0.5.1_class-validator@_f8f5f7c9bf5f0ea617b1141b11ac9012/node_modules/@nestjs/testing/testing-instance-loader.js:9:9)
      at TestingModuleBuilder.createInstancesOfDependencies (../node_modules/.pnpm/@nestjs+testing@11.1.12_@nestjs+common@11.1.12_class-transformer@0.5.1_class-validator@_f8f5f7c9bf5f0ea617b1141b11ac9012/node_modules/@nestjs/testing/testing-module.builder.js:118:9)
      at TestingModuleBuilder.compile (../node_modules/.pnpm/@nestjs+testing@11.1.12_@nestjs+common@11.1.12_class-transformer@0.5.1_class-validator@_f8f5f7c9bf5f0ea617b1141b11ac9012/node_modules/@nestjs/testing/testing-module.builder.js:74:9)
      at Object.<anonymous> (modules/auth/oauth/__tests__/oauth2.integration.spec.ts:175:35)

[31m[Nest] 1338121  - [39m08/01/2026, 12:21:00 AM [31m  ERROR[39m [38;5;3m[RetryDecorator] [39m[31m[deleteFile] All 1 attempt(s) exhausted. Last error: File not found or access denied[39m
PASS src/modules/storage/storage.service.spec.ts
FAIL src/modules/payments/__tests__/utility-bill-integration.spec.ts (19.405 s)
  ● Utility Bill Integration Tests › Bill Submission and Validation › should successfully submit a utility bill

    Nest can't resolve dependencies of the PaymentGatewayService (RetryService, CircuitBreakerService, ?). Please make sure that the argument CertificatePinningService at index [2] is available in the RootTestModule context.

    Potential solutions:
    - Is RootTestModule a valid NestJS module?
    - If CertificatePinningService is a provider, is it part of the current RootTestModule?
    - If CertificatePinningService is exported from a separate @Module, is that module imported within RootTestModule?
      @Module({
        imports: [ /* the Module containing CertificatePinningService */ ]
      })

    For more common dependency resolution issues, see: https://docs.nestjs.com/faq/common-errors

      56 |
      57 |   beforeAll(async () => {
    > 58 |     module = await Test.createTestingModule({
         |              ^
      59 |       imports: [
      60 |         ConfigModule.forRoot({
      61 |           isGlobal: true,

      at TestingInjector.lookupComponentInParentModules (../node_modules/.pnpm/@nestjs+core@11.1.12_@nestjs+common@11.1.12_class-transformer@0.5.1_class-validator@0.1_081de5c6d0755692e9d6b4445753904b/node_modules/@nestjs/core/injector/injector.js:290:19)
      at TestingInjector.resolveComponentWrapper (../node_modules/.pnpm/@nestjs+testing@11.1.12_@nestjs+common@11.1.12_class-transformer@0.5.1_class-validator@_f8f5f7c9bf5f0ea617b1141b11ac9012/node_modules/@nestjs/testing/testing-injector.js:19:45)
      at resolveParam (../node_modules/.pnpm/@nestjs+core@11.1.12_@nestjs+common@11.1.12_class-transformer@0.5.1_class-validator@0.1_081de5c6d0755692e9d6b4445753904b/node_modules/@nestjs/core/injector/injector.js:140:38)
          at async Promise.all (index 2)
      at TestingInjector.resolveConstructorParams (../node_modules/.pnpm/@nestjs+core@11.1.12_@nestjs+common@11.1.12_class-transformer@0.5.1_class-validator@0.1_081de5c6d0755692e9d6b4445753904b/node_modules/@nestjs/core/injector/injector.js:169:27)
      at TestingInjector.loadInstance (../node_modules/.pnpm/@nestjs+core@11.1.12_@nestjs+common@11.1.12_class-transformer@0.5.1_class-validator@0.1_081de5c6d0755692e9d6b4445753904b/node_modules/@nestjs/core/injector/injector.js:75:13)
      at TestingInjector.loadProvider (../node_modules/.pnpm/@nestjs+core@11.1.12_@nestjs+common@11.1.12_class-transformer@0.5.1_class-validator@0.1_081de5c6d0755692e9d6b4445753904b/node_modules/@nestjs/core/injector/injector.js:103:9)
      at ../node_modules/.pnpm/@nestjs+core@11.1.12_@nestjs+common@11.1.12_class-transformer@0.5.1_class-validator@0.1_081de5c6d0755692e9d6b4445753904b/node_modules/@nestjs/core/injector/instance-loader.js:56:13
          at async Promise.all (index 5)
      at TestingInstanceLoader.createInstancesOfProviders (../node_modules/.pnpm/@nestjs+core@11.1.12_@nestjs+common@11.1.12_class-transformer@0.5.1_class-validator@0.1_081de5c6d0755692e9d6b4445753904b/node_modules/@nestjs/core/injector/instance-loader.js:55:9)
      at ../node_modules/.pnpm/@nestjs+core@11.1.12_@nestjs+common@11.1.12_class-transformer@0.5.1_class-validator@0.1_081de5c6d0755692e9d6b4445753904b/node_modules/@nestjs/core/injector/instance-loader.js:40:13
          at async Promise.all (index 1)
      at TestingInstanceLoader.createInstances (../node_modules/.pnpm/@nestjs+core@11.1.12_@nestjs+common@11.1.12_class-transformer@0.5.1_class-validator@0.1_081de5c6d0755692e9d6b4445753904b/node_modules/@nestjs/core/injector/instance-loader.js:39:9)
      at TestingInstanceLoader.createInstancesOfDependencies (../node_modules/.pnpm/@nestjs+core@11.1.12_@nestjs+common@11.1.12_class-transformer@0.5.1_class-validator@0.1_081de5c6d0755692e9d6b4445753904b/node_modules/@nestjs/core/injector/instance-loader.js:22:13)
      at TestingInstanceLoader.createInstancesOfDependencies (../node_modules/.pnpm/@nestjs+testing@11.1.12_@nestjs+common@11.1.12_class-transformer@0.5.1_class-validator@_f8f5f7c9bf5f0ea617b1141b11ac9012/node_modules/@nestjs/testing/testing-instance-loader.js:9:9)
      at TestingModuleBuilder.createInstancesOfDependencies (../node_modules/.pnpm/@nestjs+testing@11.1.12_@nestjs+common@11.1.12_class-transformer@0.5.1_class-validator@_f8f5f7c9bf5f0ea617b1141b11ac9012/node_modules/@nestjs/testing/testing-module.builder.js:118:9)
      at TestingModuleBuilder.compile (../node_modules/.pnpm/@nestjs+testing@11.1.12_@nestjs+common@11.1.12_class-transformer@0.5.1_class-validator@_f8f5f7c9bf5f0ea617b1141b11ac9012/node_modules/@nestjs/testing/testing-module.builder.js:74:9)
      at Object.<anonymous> (modules/payments/__tests__/utility-bill-integration.spec.ts:58:14)

  ● Utility Bill Integration Tests › Bill Submission and Validation › should validate bill amount (negative amount)

    Nest can't resolve dependencies of the PaymentGatewayService (RetryService, CircuitBreakerService, ?). Please make sure that the argument CertificatePinningService at index [2] is available in the RootTestModule context.

    Potential solutions:
    - Is RootTestModule a valid NestJS module?
    - If CertificatePinningService is a provider, is it part of the current RootTestModule?
    - If CertificatePinningService is exported from a separate @Module, is that module imported within RootTestModule?
      @Module({
        imports: [ /* the Module containing CertificatePinningService */ ]
      })

    For more common dependency resolution issues, see: https://docs.nestjs.com/faq/common-errors

      56 |
      57 |   beforeAll(async () => {
    > 58 |     module = await Test.createTestingModule({
         |              ^
      59 |       imports: [
      60 |         ConfigModule.forRoot({
      61 |           isGlobal: true,

      at TestingInjector.lookupComponentInParentModules (../node_modules/.pnpm/@nestjs+core@11.1.12_@nestjs+common@11.1.12_class-transformer@0.5.1_class-validator@0.1_081de5c6d0755692e9d6b4445753904b/node_modules/@nestjs/core/injector/injector.js:290:19)
      at TestingInjector.resolveComponentWrapper (../node_modules/.pnpm/@nestjs+testing@11.1.12_@nestjs+common@11.1.12_class-transformer@0.5.1_class-validator@_f8f5f7c9bf5f0ea617b1141b11ac9012/node_modules/@nestjs/testing/testing-injector.js:19:45)
      at resolveParam (../node_modules/.pnpm/@nestjs+core@11.1.12_@nestjs+common@11.1.12_class-transformer@0.5.1_class-validator@0.1_081de5c6d0755692e9d6b4445753904b/node_modules/@nestjs/core/injector/injector.js:140:38)
          at async Promise.all (index 2)
      at TestingInjector.resolveConstructorParams (../node_modules/.pnpm/@nestjs+core@11.1.12_@nestjs+common@11.1.12_class-transformer@0.5.1_class-validator@0.1_081de5c6d0755692e9d6b4445753904b/node_modules/@nestjs/core/injector/injector.js:169:27)
      at TestingInjector.loadInstance (../node_modules/.pnpm/@nestjs+core@11.1.12_@nestjs+common@11.1.12_class-transformer@0.5.1_class-validator@0.1_081de5c6d0755692e9d6b4445753904b/node_modules/@nestjs/core/injector/injector.js:75:13)
      at TestingInjector.loadProvider (../node_modules/.pnpm/@nestjs+core@11.1.12_@nestjs+common@11.1.12_class-transformer@0.5.1_class-validator@0.1_081de5c6d0755692e9d6b4445753904b/node_modules/@nestjs/core/injector/injector.js:103:9)
      at ../node_modules/.pnpm/@nestjs+core@11.1.12_@nestjs+common@11.1.12_class-transformer@0.5.1_class-validator@0.1_081de5c6d0755692e9d6b4445753904b/node_modules/@nestjs/core/injector/instance-loader.js:56:13
          at async Promise.all (index 5)
      at TestingInstanceLoader.createInstancesOfProviders (../node_modules/.pnpm/@nestjs+core@11.1.12_@nestjs+common@11.1.12_class-transformer@0.5.1_class-validator@0.1_081de5c6d0755692e9d6b4445753904b/node_modules/@nestjs/core/injector/instance-loader.js:55:9)
      at ../node_modules/.pnpm/@nestjs+core@11.1.12_@nestjs+common@11.1.12_class-transformer@0.5.1_class-validator@0.1_081de5c6d0755692e9d6b4445753904b/node_modules/@nestjs/core/injector/instance-loader.js:40:13
          at async Promise.all (index 1)
      at TestingInstanceLoader.createInstances (../node_modules/.pnpm/@nestjs+core@11.1.12_@nestjs+common@11.1.12_class-transformer@0.5.1_class-validator@0.1_081de5c6d0755692e9d6b4445753904b/node_modules/@nestjs/core/injector/instance-loader.js:39:9)
      at TestingInstanceLoader.createInstancesOfDependencies (../node_modules/.pnpm/@nestjs+core@11.1.12_@nestjs+common@11.1.12_class-transformer@0.5.1_class-validator@0.1_081de5c6d0755692e9d6b4445753904b/node_modules/@nestjs/core/injector/instance-loader.js:22:13)
      at TestingInstanceLoader.createInstancesOfDependencies (../node_modules/.pnpm/@nestjs+testing@11.1.12_@nestjs+common@11.1.12_class-transformer@0.5.1_class-validator@_f8f5f7c9bf5f0ea617b1141b11ac9012/node_modules/@nestjs/testing/testing-instance-loader.js:9:9)
      at TestingModuleBuilder.createInstancesOfDependencies (../node_modules/.pnpm/@nestjs+testing@11.1.12_@nestjs+common@11.1.12_class-transformer@0.5.1_class-validator@_f8f5f7c9bf5f0ea617b1141b11ac9012/node_modules/@nestjs/testing/testing-module.builder.js:118:9)
      at TestingModuleBuilder.compile (../node_modules/.pnpm/@nestjs+testing@11.1.12_@nestjs+common@11.1.12_class-transformer@0.5.1_class-validator@_f8f5f7c9bf5f0ea617b1141b11ac9012/node_modules/@nestjs/testing/testing-module.builder.js:74:9)
      at Object.<anonymous> (modules/payments/__tests__/utility-bill-integration.spec.ts:58:14)

  ● Utility Bill Integration Tests › Bill Submission and Validation › should validate bill amount (zero amount)

    Nest can't resolve dependencies of the PaymentGatewayService (RetryService, CircuitBreakerService, ?). Please make sure that the argument CertificatePinningService at index [2] is available in the RootTestModule context.

    Potential solutions:
    - Is RootTestModule a valid NestJS module?
    - If CertificatePinningService is a provider, is it part of the current RootTestModule?
    - If CertificatePinningService is exported from a separate @Module, is that module imported within RootTestModule?
      @Module({
        imports: [ /* the Module containing CertificatePinningService */ ]
      })

    For more common dependency resolution issues, see: https://docs.nestjs.com/faq/common-errors

      56 |
      57 |   beforeAll(async () => {
    > 58 |     module = await Test.createTestingModule({
         |              ^
      59 |       imports: [
      60 |         ConfigModule.forRoot({
      61 |           isGlobal: true,

      at TestingInjector.lookupComponentInParentModules (../node_modules/.pnpm/@nestjs+core@11.1.12_@nestjs+common@11.1.12_class-transformer@0.5.1_class-validator@0.1_081de5c6d0755692e9d6b4445753904b/node_modules/@nestjs/core/injector/injector.js:290:19)
      at TestingInjector.resolveComponentWrapper (../node_modules/.pnpm/@nestjs+testing@11.1.12_@nestjs+common@11.1.12_class-transformer@0.5.1_class-validator@_f8f5f7c9bf5f0ea617b1141b11ac9012/node_modules/@nestjs/testing/testing-injector.js:19:45)
      at resolveParam (../node_modules/.pnpm/@nestjs+core@11.1.12_@nestjs+common@11.1.12_class-transformer@0.5.1_class-validator@0.1_081de5c6d0755692e9d6b4445753904b/node_modules/@nestjs/core/injector/injector.js:140:38)
          at async Promise.all (index 2)
      at TestingInjector.resolveConstructorParams (../node_modules/.pnpm/@nestjs+core@11.1.12_@nestjs+common@11.1.12_class-transformer@0.5.1_class-validator@0.1_081de5c6d0755692e9d6b4445753904b/node_modules/@nestjs/core/injector/injector.js:169:27)
      at TestingInjector.loadInstance (../node_modules/.pnpm/@nestjs+core@11.1.12_@nestjs+common@11.1.12_class-transformer@0.5.1_class-validator@0.1_081de5c6d0755692e9d6b4445753904b/node_modules/@nestjs/core/injector/injector.js:75:13)
      at TestingInjector.loadProvider (../node_modules/.pnpm/@nestjs+core@11.1.12_@nestjs+common@11.1.12_class-transformer@0.5.1_class-validator@0.1_081de5c6d0755692e9d6b4445753904b/node_modules/@nestjs/core/injector/injector.js:103:9)
      at ../node_modules/.pnpm/@nestjs+core@11.1.12_@nestjs+common@11.1.12_class-transformer@0.5.1_class-validator@0.1_081de5c6d0755692e9d6b4445753904b/node_modules/@nestjs/core/injector/instance-loader.js:56:13
          at async Promise.all (index 5)
      at TestingInstanceLoader.createInstancesOfProviders (../node_modules/.pnpm/@nestjs+core@11.1.12_@nestjs+common@11.1.12_class-transformer@0.5.1_class-validator@0.1_081de5c6d0755692e9d6b4445753904b/node_modules/@nestjs/core/injector/instance-loader.js:55:9)
      at ../node_modules/.pnpm/@nestjs+core@11.1.12_@nestjs+common@11.1.12_class-transformer@0.5.1_class-validator@0.1_081de5c6d0755692e9d6b4445753904b/node_modules/@nestjs/core/injector/instance-loader.js:40:13
          at async Promise.all (index 1)
      at TestingInstanceLoader.createInstances (../node_modules/.pnpm/@nestjs+core@11.1.12_@nestjs+common@11.1.12_class-transformer@0.5.1_class-validator@0.1_081de5c6d0755692e9d6b4445753904b/node_modules/@nestjs/core/injector/instance-loader.js:39:9)
      at TestingInstanceLoader.createInstancesOfDependencies (../node_modules/.pnpm/@nestjs+core@11.1.12_@nestjs+common@11.1.12_class-transformer@0.5.1_class-validator@0.1_081de5c6d0755692e9d6b4445753904b/node_modules/@nestjs/core/injector/instance-loader.js:22:13)
      at TestingInstanceLoader.createInstancesOfDependencies (../node_modules/.pnpm/@nestjs+testing@11.1.12_@nestjs+common@11.1.12_class-transformer@0.5.1_class-validator@_f8f5f7c9bf5f0ea617b1141b11ac9012/node_modules/@nestjs/testing/testing-instance-loader.js:9:9)
      at TestingModuleBuilder.createInstancesOfDependencies (../node_modules/.pnpm/@nestjs+testing@11.1.12_@nestjs+common@11.1.12_class-transformer@0.5.1_class-validator@_f8f5f7c9bf5f0ea617b1141b11ac9012/node_modules/@nestjs/testing/testing-module.builder.js:118:9)
      at TestingModuleBuilder.compile (../node_modules/.pnpm/@nestjs+testing@11.1.12_@nestjs+common@11.1.12_class-transformer@0.5.1_class-validator@_f8f5f7c9bf5f0ea617b1141b11ac9012/node_modules/@nestjs/testing/testing-module.builder.js:74:9)
      at Object.<anonymous> (modules/payments/__tests__/utility-bill-integration.spec.ts:58:14)

  ● Utility Bill Integration Tests › Bill Submission and Validation › should reject bill with non-existent payment method

    Nest can't resolve dependencies of the PaymentGatewayService (RetryService, CircuitBreakerService, ?). Please make sure that the argument CertificatePinningService at index [2] is available in the RootTestModule context.

    Potential solutions:
    - Is RootTestModule a valid NestJS module?
    - If CertificatePinningService is a provider, is it part of the current RootTestModule?
    - If CertificatePinningService is exported from a separate @Module, is that module imported within RootTestModule?
      @Module({
        imports: [ /* the Module containing CertificatePinningService */ ]
      })

    For more common dependency resolution issues, see: https://docs.nestjs.com/faq/common-errors

      56 |
      57 |   beforeAll(async () => {
    > 58 |     module = await Test.createTestingModule({
         |              ^
      59 |       imports: [
      60 |         ConfigModule.forRoot({
      61 |           isGlobal: true,

      at TestingInjector.lookupComponentInParentModules (../node_modules/.pnpm/@nestjs+core@11.1.12_@nestjs+common@11.1.12_class-transformer@0.5.1_class-validator@0.1_081de5c6d0755692e9d6b4445753904b/node_modules/@nestjs/core/injector/injector.js:290:19)
      at TestingInjector.resolveComponentWrapper (../node_modules/.pnpm/@nestjs+testing@11.1.12_@nestjs+common@11.1.12_class-transformer@0.5.1_class-validator@_f8f5f7c9bf5f0ea617b1141b11ac9012/node_modules/@nestjs/testing/testing-injector.js:19:45)
      at resolveParam (../node_modules/.pnpm/@nestjs+core@11.1.12_@nestjs+common@11.1.12_class-transformer@0.5.1_class-validator@0.1_081de5c6d0755692e9d6b4445753904b/node_modules/@nestjs/core/injector/injector.js:140:38)
          at async Promise.all (index 2)
      at TestingInjector.resolveConstructorParams (../node_modules/.pnpm/@nestjs+core@11.1.12_@nestjs+common@11.1.12_class-transformer@0.5.1_class-validator@0.1_081de5c6d0755692e9d6b4445753904b/node_modules/@nestjs/core/injector/injector.js:169:27)
      at TestingInjector.loadInstance (../node_modules/.pnpm/@nestjs+core@11.1.12_@nestjs+common@11.1.12_class-transformer@0.5.1_class-validator@0.1_081de5c6d0755692e9d6b4445753904b/node_modules/@nestjs/core/injector/injector.js:75:13)
      at TestingInjector.loadProvider (../node_modules/.pnpm/@nestjs+core@11.1.12_@nestjs+common@11.1.12_class-transformer@0.5.1_class-validator@0.1_081de5c6d0755692e9d6b4445753904b/node_modules/@nestjs/core/injector/injector.js:103:9)
      at ../node_modules/.pnpm/@nestjs+core@11.1.12_@nestjs+common@11.1.12_class-transformer@0.5.1_class-validator@0.1_081de5c6d0755692e9d6b4445753904b/node_modules/@nestjs/core/injector/instance-loader.js:56:13
          at async Promise.all (index 5)
      at TestingInstanceLoader.createInstancesOfProviders (../node_modules/.pnpm/@nestjs+core@11.1.12_@nestjs+common@11.1.12_class-transformer@0.5.1_class-validator@0.1_081de5c6d0755692e9d6b4445753904b/node_modules/@nestjs/core/injector/instance-loader.js:55:9)
      at ../node_modules/.pnpm/@nestjs+core@11.1.12_@nestjs+common@11.1.12_class-transformer@0.5.1_class-validator@0.1_081de5c6d0755692e9d6b4445753904b/node_modules/@nestjs/core/injector/instance-loader.js:40:13
          at async Promise.all (index 1)
      at TestingInstanceLoader.createInstances (../node_modules/.pnpm/@nestjs+core@11.1.12_@nestjs+common@11.1.12_class-transformer@0.5.1_class-validator@0.1_081de5c6d0755692e9d6b4445753904b/node_modules/@nestjs/core/injector/instance-loader.js:39:9)
      at TestingInstanceLoader.createInstancesOfDependencies (../node_modules/.pnpm/@nestjs+core@11.1.12_@nestjs+common@11.1.12_class-transformer@0.5.1_class-validator@0.1_081de5c6d0755692e9d6b4445753904b/node_modules/@nestjs/core/injector/instance-loader.js:22:13)
      at TestingInstanceLoader.createInstancesOfDependencies (../node_modules/.pnpm/@nestjs+testing@11.1.12_@nestjs+common@11.1.12_class-transformer@0.5.1_class-validator@_f8f5f7c9bf5f0ea617b1141b11ac9012/node_modules/@nestjs/testing/testing-instance-loader.js:9:9)
      at TestingModuleBuilder.createInstancesOfDependencies (../node_modules/.pnpm/@nestjs+testing@11.1.12_@nestjs+common@11.1.12_class-transformer@0.5.1_class-validator@_f8f5f7c9bf5f0ea617b1141b11ac9012/node_modules/@nestjs/testing/testing-module.builder.js:118:9)
      at TestingModuleBuilder.compile (../node_modules/.pnpm/@nestjs+testing@11.1.12_@nestjs+common@11.1.12_class-transformer@0.5.1_class-validator@_f8f5f7c9bf5f0ea617b1141b11ac9012/node_modules/@nestjs/testing/testing-module.builder.js:74:9)
      at Object.<anonymous> (modules/payments/__tests__/utility-bill-integration.spec.ts:58:14)

  ● Utility Bill Integration Tests › Bill Submission and Validation › should reject bill for unauthorized user

    Nest can't resolve dependencies of the PaymentGatewayService (RetryService, CircuitBreakerService, ?). Please make sure that the argument CertificatePinningService at index [2] is available in the RootTestModule context.

    Potential solutions:
    - Is RootTestModule a valid NestJS module?
    - If CertificatePinningService is a provider, is it part of the current RootTestModule?
    - If CertificatePinningService is exported from a separate @Module, is that module imported within RootTestModule?
      @Module({
        imports: [ /* the Module containing CertificatePinningService */ ]
      })

    For more common dependency resolution issues, see: https://docs.nestjs.com/faq/common-errors

      56 |
      57 |   beforeAll(async () => {
    > 58 |     module = await Test.createTestingModule({
         |              ^
      59 |       imports: [
      60 |         ConfigModule.forRoot({
      61 |           isGlobal: true,

      at TestingInjector.lookupComponentInParentModules (../node_modules/.pnpm/@nestjs+core@11.1.12_@nestjs+common@11.1.12_class-transformer@0.5.1_class-validator@0.1_081de5c6d0755692e9d6b4445753904b/node_modules/@nestjs/core/injector/injector.js:290:19)
      at TestingInjector.resolveComponentWrapper (../node_modules/.pnpm/@nestjs+testing@11.1.12_@nestjs+common@11.1.12_class-transformer@0.5.1_class-validator@_f8f5f7c9bf5f0ea617b1141b11ac9012/node_modules/@nestjs/testing/testing-injector.js:19:45)
      at resolveParam (../node_modules/.pnpm/@nestjs+core@11.1.12_@nestjs+common@11.1.12_class-transformer@0.5.1_class-validator@0.1_081de5c6d0755692e9d6b4445753904b/node_modules/@nestjs/core/injector/injector.js:140:38)
          at async Promise.all (index 2)
      at TestingInjector.resolveConstructorParams (../node_modules/.pnpm/@nestjs+core@11.1.12_@nestjs+common@11.1.12_class-transformer@0.5.1_class-validator@0.1_081de5c6d0755692e9d6b4445753904b/node_modules/@nestjs/core/injector/injector.js:169:27)
      at TestingInjector.loadInstance (../node_modules/.pnpm/@nestjs+core@11.1.12_@nestjs+common@11.1.12_class-transformer@0.5.1_class-validator@0.1_081de5c6d0755692e9d6b4445753904b/node_modules/@nestjs/core/injector/injector.js:75:13)
      at TestingInjector.loadProvider (../node_modules/.pnpm/@nestjs+core@11.1.12_@nestjs+common@11.1.12_class-transformer@0.5.1_class-validator@0.1_081de5c6d0755692e9d6b4445753904b/node_modules/@nestjs/core/injector/injector.js:103:9)
      at ../node_modules/.pnpm/@nestjs+core@11.1.12_@nestjs+common@11.1.12_class-transformer@0.5.1_class-validator@0.1_081de5c6d0755692e9d6b4445753904b/node_modules/@nestjs/core/injector/instance-loader.js:56:13
          at async Promise.all (index 5)
      at TestingInstanceLoader.createInstancesOfProviders (../node_modules/.pnpm/@nestjs+core@11.1.12_@nestjs+common@11.1.12_class-transformer@0.5.1_class-validator@0.1_081de5c6d0755692e9d6b4445753904b/node_modules/@nestjs/core/injector/instance-loader.js:55:9)
      at ../node_modules/.pnpm/@nestjs+core@11.1.12_@nestjs+common@11.1.12_class-transformer@0.5.1_class-validator@0.1_081de5c6d0755692e9d6b4445753904b/node_modules/@nestjs/core/injector/instance-loader.js:40:13
          at async Promise.all (index 1)
      at TestingInstanceLoader.createInstances (../node_modules/.pnpm/@nestjs+core@11.1.12_@nestjs+common@11.1.12_class-transformer@0.5.1_class-validator@0.1_081de5c6d0755692e9d6b4445753904b/node_modules/@nestjs/core/injector/instance-loader.js:39:9)
      at TestingInstanceLoader.createInstancesOfDependencies (../node_modules/.pnpm/@nestjs+core@11.1.12_@nestjs+common@11.1.12_class-transformer@0.5.1_class-validator@0.1_081de5c6d0755692e9d6b4445753904b/node_modules/@nestjs/core/injector/instance-loader.js:22:13)
      at TestingInstanceLoader.createInstancesOfDependencies (../node_modules/.pnpm/@nestjs+testing@11.1.12_@nestjs+common@11.1.12_class-transformer@0.5.1_class-validator@_f8f5f7c9bf5f0ea617b1141b11ac9012/node_modules/@nestjs/testing/testing-instance-loader.js:9:9)
      at TestingModuleBuilder.createInstancesOfDependencies (../node_modules/.pnpm/@nestjs+testing@11.1.12_@nestjs+common@11.1.12_class-transformer@0.5.1_class-validator@_f8f5f7c9bf5f0ea617b1141b11ac9012/node_modules/@nestjs/testing/testing-module.builder.js:118:9)
      at TestingModuleBuilder.compile (../node_modules/.pnpm/@nestjs+testing@11.1.12_@nestjs+common@11.1.12_class-transformer@0.5.1_class-validator@_f8f5f7c9bf5f0ea617b1141b11ac9012/node_modules/@nestjs/testing/testing-module.builder.js:74:9)
      at Object.<anonymous> (modules/payments/__tests__/utility-bill-integration.spec.ts:58:14)

  ● Utility Bill Integration Tests › Bill Submission and Validation › should handle bill with different utility types via notes

    Nest can't resolve dependencies of the PaymentGatewayService (RetryService, CircuitBreakerService, ?). Please make sure that the argument CertificatePinningService at index [2] is available in the RootTestModule context.

    Potential solutions:
    - Is RootTestModule a valid NestJS module?
    - If CertificatePinningService is a provider, is it part of the current RootTestModule?
    - If CertificatePinningService is exported from a separate @Module, is that module imported within RootTestModule?
      @Module({
        imports: [ /* the Module containing CertificatePinningService */ ]
      })

    For more common dependency resolution issues, see: https://docs.nestjs.com/faq/common-errors

      56 |
      57 |   beforeAll(async () => {
    > 58 |     module = await Test.createTestingModule({
         |              ^
      59 |       imports: [
      60 |         ConfigModule.forRoot({
      61 |           isGlobal: true,

      at TestingInjector.lookupComponentInParentModules (../node_modules/.pnpm/@nestjs+core@11.1.12_@nestjs+common@11.1.12_class-transformer@0.5.1_class-validator@0.1_081de5c6d0755692e9d6b4445753904b/node_modules/@nestjs/core/injector/injector.js:290:19)
      at TestingInjector.resolveComponentWrapper (../node_modules/.pnpm/@nestjs+testing@11.1.12_@nestjs+common@11.1.12_class-transformer@0.5.1_class-validator@_f8f5f7c9bf5f0ea617b1141b11ac9012/node_modules/@nestjs/testing/testing-injector.js:19:45)
      at resolveParam (../node_modules/.pnpm/@nestjs+core@11.1.12_@nestjs+common@11.1.12_class-transformer@0.5.1_class-validator@0.1_081de5c6d0755692e9d6b4445753904b/node_modules/@nestjs/core/injector/injector.js:140:38)
          at async Promise.all (index 2)
      at TestingInjector.resolveConstructorParams (../node_modules/.pnpm/@nestjs+core@11.1.12_@nestjs+common@11.1.12_class-transformer@0.5.1_class-validator@0.1_081de5c6d0755692e9d6b4445753904b/node_modules/@nestjs/core/injector/injector.js:169:27)
      at TestingInjector.loadInstance (../node_modules/.pnpm/@nestjs+core@11.1.12_@nestjs+common@11.1.12_class-transformer@0.5.1_class-validator@0.1_081de5c6d0755692e9d6b4445753904b/node_modules/@nestjs/core/injector/injector.js:75:13)
      at TestingInjector.loadProvider (../node_modules/.pnpm/@nestjs+core@11.1.12_@nestjs+common@11.1.12_class-transformer@0.5.1_class-validator@0.1_081de5c6d0755692e9d6b4445753904b/node_modules/@nestjs/core/injector/injector.js:103:9)
      at ../node_modules/.pnpm/@nestjs+core@11.1.12_@nestjs+common@11.1.12_class-transformer@0.5.1_class-validator@0.1_081de5c6d0755692e9d6b4445753904b/node_modules/@nestjs/core/injector/instance-loader.js:56:13
          at async Promise.all (index 5)
      at TestingInstanceLoader.createInstancesOfProviders (../node_modules/.pnpm/@nestjs+core@11.1.12_@nestjs+common@11.1.12_class-transformer@0.5.1_class-validator@0.1_081de5c6d0755692e9d6b4445753904b/node_modules/@nestjs/core/injector/instance-loader.js:55:9)
      at ../node_modules/.pnpm/@nestjs+core@11.1.12_@nestjs+common@11.1.12_class-transformer@0.5.1_class-validator@0.1_081de5c6d0755692e9d6b4445753904b/node_modules/@nestjs/core/injector/instance-loader.js:40:13
          at async Promise.all (index 1)
      at TestingInstanceLoader.createInstances (../node_modules/.pnpm/@nestjs+core@11.1.12_@nestjs+common@11.1.12_class-transformer@0.5.1_class-validator@0.1_081de5c6d0755692e9d6b4445753904b/node_modules/@nestjs/core/injector/instance-loader.js:39:9)
      at TestingInstanceLoader.createInstancesOfDependencies (../node_modules/.pnpm/@nestjs+core@11.1.12_@nestjs+common@11.1.12_class-transformer@0.5.1_class-validator@0.1_081de5c6d0755692e9d6b4445753904b/node_modules/@nestjs/core/injector/instance-loader.js:22:13)
      at TestingInstanceLoader.createInstancesOfDependencies (../node_modules/.pnpm/@nestjs+testing@11.1.12_@nestjs+common@11.1.12_class-transformer@0.5.1_class-validator@_f8f5f7c9bf5f0ea617b1141b11ac9012/node_modules/@nestjs/testing/testing-instance-loader.js:9:9)
      at TestingModuleBuilder.createInstancesOfDependencies (../node_modules/.pnpm/@nestjs+testing@11.1.12_@nestjs+common@11.1.12_class-transformer@0.5.1_class-validator@_f8f5f7c9bf5f0ea617b1141b11ac9012/node_modules/@nestjs/testing/testing-module.builder.js:118:9)
      at TestingModuleBuilder.compile (../node_modules/.pnpm/@nestjs+testing@11.1.12_@nestjs+common@11.1.12_class-transformer@0.5.1_class-validator@_f8f5f7c9bf5f0ea617b1141b11ac9012/node_modules/@nestjs/testing/testing-module.builder.js:74:9)
      at Object.<anonymous> (modules/payments/__tests__/utility-bill-integration.spec.ts:58:14)

  ● Utility Bill Integration Tests › Bill Storage and Retrieval › should store bill with all required fields

    Nest can't resolve dependencies of the PaymentGatewayService (RetryService, CircuitBreakerService, ?). Please make sure that the argument CertificatePinningService at index [2] is available in the RootTestModule context.

    Potential solutions:
    - Is RootTestModule a valid NestJS module?
    - If CertificatePinningService is a provider, is it part of the current RootTestModule?
    - If CertificatePinningService is exported from a separate @Module, is that module imported within RootTestModule?
      @Module({
        imports: [ /* the Module containing CertificatePinningService */ ]
      })

    For more common dependency resolution issues, see: https://docs.nestjs.com/faq/common-errors

      56 |
      57 |   beforeAll(async () => {
    > 58 |     module = await Test.createTestingModule({
         |              ^
      59 |       imports: [
      60 |         ConfigModule.forRoot({
      61 |           isGlobal: true,

      at TestingInjector.lookupComponentInParentModules (../node_modules/.pnpm/@nestjs+core@11.1.12_@nestjs+common@11.1.12_class-transformer@0.5.1_class-validator@0.1_081de5c6d0755692e9d6b4445753904b/node_modules/@nestjs/core/injector/injector.js:290:19)
      at TestingInjector.resolveComponentWrapper (../node_modules/.pnpm/@nestjs+testing@11.1.12_@nestjs+common@11.1.12_class-transformer@0.5.1_class-validator@_f8f5f7c9bf5f0ea617b1141b11ac9012/node_modules/@nestjs/testing/testing-injector.js:19:45)
      at resolveParam (../node_modules/.pnpm/@nestjs+core@11.1.12_@nestjs+common@11.1.12_class-transformer@0.5.1_class-validator@0.1_081de5c6d0755692e9d6b4445753904b/node_modules/@nestjs/core/injector/injector.js:140:38)
          at async Promise.all (index 2)
      at TestingInjector.resolveConstructorParams (../node_modules/.pnpm/@nestjs+core@11.1.12_@nestjs+common@11.1.12_class-transformer@0.5.1_class-validator@0.1_081de5c6d0755692e9d6b4445753904b/node_modules/@nestjs/core/injector/injector.js:169:27)
      at TestingInjector.loadInstance (../node_modules/.pnpm/@nestjs+core@11.1.12_@nestjs+common@11.1.12_class-transformer@0.5.1_class-validator@0.1_081de5c6d0755692e9d6b4445753904b/node_modules/@nestjs/core/injector/injector.js:75:13)
      at TestingInjector.loadProvider (../node_modules/.pnpm/@nestjs+core@11.1.12_@nestjs+common@11.1.12_class-transformer@0.5.1_class-validator@0.1_081de5c6d0755692e9d6b4445753904b/node_modules/@nestjs/core/injector/injector.js:103:9)
      at ../node_modules/.pnpm/@nestjs+core@11.1.12_@nestjs+common@11.1.12_class-transformer@0.5.1_class-validator@0.1_081de5c6d0755692e9d6b4445753904b/node_modules/@nestjs/core/injector/instance-loader.js:56:13
          at async Promise.all (index 5)
      at TestingInstanceLoader.createInstancesOfProviders (../node_modules/.pnpm/@nestjs+core@11.1.12_@nestjs+common@11.1.12_class-transformer@0.5.1_class-validator@0.1_081de5c6d0755692e9d6b4445753904b/node_modules/@nestjs/core/injector/instance-loader.js:55:9)
      at ../node_modules/.pnpm/@nestjs+core@11.1.12_@nestjs+common@11.1.12_class-transformer@0.5.1_class-validator@0.1_081de5c6d0755692e9d6b4445753904b/node_modules/@nestjs/core/injector/instance-loader.js:40:13
          at async Promise.all (index 1)
      at TestingInstanceLoader.createInstances (../node_modules/.pnpm/@nestjs+core@11.1.12_@nestjs+common@11.1.12_class-transformer@0.5.1_class-validator@0.1_081de5c6d0755692e9d6b4445753904b/node_modules/@nestjs/core/injector/instance-loader.js:39:9)
      at TestingInstanceLoader.createInstancesOfDependencies (../node_modules/.pnpm/@nestjs+core@11.1.12_@nestjs+common@11.1.12_class-transformer@0.5.1_class-validator@0.1_081de5c6d0755692e9d6b4445753904b/node_modules/@nestjs/core/injector/instance-loader.js:22:13)
      at TestingInstanceLoader.createInstancesOfDependencies (../node_modules/.pnpm/@nestjs+testing@11.1.12_@nestjs+common@11.1.12_class-transformer@0.5.1_class-validator@_f8f5f7c9bf5f0ea617b1141b11ac9012/node_modules/@nestjs/testing/testing-instance-loader.js:9:9)
      at TestingModuleBuilder.createInstancesOfDependencies (../node_modules/.pnpm/@nestjs+testing@11.1.12_@nestjs+common@11.1.12_class-transformer@0.5.1_class-validator@_f8f5f7c9bf5f0ea617b1141b11ac9012/node_modules/@nestjs/testing/testing-module.builder.js:118:9)
      at TestingModuleBuilder.compile (../node_modules/.pnpm/@nestjs+testing@11.1.12_@nestjs+common@11.1.12_class-transformer@0.5.1_class-validator@_f8f5f7c9bf5f0ea617b1141b11ac9012/node_modules/@nestjs/testing/testing-module.builder.js:74:9)
      at Object.<anonymous> (modules/payments/__tests__/utility-bill-integration.spec.ts:58:14)

  ● Utility Bill Integration Tests › Bill Storage and Retrieval › should retrieve bill by ID

    Nest can't resolve dependencies of the PaymentGatewayService (RetryService, CircuitBreakerService, ?). Please make sure that the argument CertificatePinningService at index [2] is available in the RootTestModule context.

    Potential solutions:
    - Is RootTestModule a valid NestJS module?
    - If CertificatePinningService is a provider, is it part of the current RootTestModule?
    - If CertificatePinningService is exported from a separate @Module, is that module imported within RootTestModule?
      @Module({
        imports: [ /* the Module containing CertificatePinningService */ ]
      })

    For more common dependency resolution issues, see: https://docs.nestjs.com/faq/common-errors

      56 |
      57 |   beforeAll(async () => {
    > 58 |     module = await Test.createTestingModule({
         |              ^
      59 |       imports: [
      60 |         ConfigModule.forRoot({
      61 |           isGlobal: true,

      at TestingInjector.lookupComponentInParentModules (../node_modules/.pnpm/@nestjs+core@11.1.12_@nestjs+common@11.1.12_class-transformer@0.5.1_class-validator@0.1_081de5c6d0755692e9d6b4445753904b/node_modules/@nestjs/core/injector/injector.js:290:19)
      at TestingInjector.resolveComponentWrapper (../node_modules/.pnpm/@nestjs+testing@11.1.12_@nestjs+common@11.1.12_class-transformer@0.5.1_class-validator@_f8f5f7c9bf5f0ea617b1141b11ac9012/node_modules/@nestjs/testing/testing-injector.js:19:45)
      at resolveParam (../node_modules/.pnpm/@nestjs+core@11.1.12_@nestjs+common@11.1.12_class-transformer@0.5.1_class-validator@0.1_081de5c6d0755692e9d6b4445753904b/node_modules/@nestjs/core/injector/injector.js:140:38)
          at async Promise.all (index 2)
      at TestingInjector.resolveConstructorParams (../node_modules/.pnpm/@nestjs+core@11.1.12_@nestjs+common@11.1.12_class-transformer@0.5.1_class-validator@0.1_081de5c6d0755692e9d6b4445753904b/node_modules/@nestjs/core/injector/injector.js:169:27)
      at TestingInjector.loadInstance (../node_modules/.pnpm/@nestjs+core@11.1.12_@nestjs+common@11.1.12_class-transformer@0.5.1_class-validator@0.1_081de5c6d0755692e9d6b4445753904b/node_modules/@nestjs/core/injector/injector.js:75:13)
      at TestingInjector.loadProvider (../node_modules/.pnpm/@nestjs+core@11.1.12_@nestjs+common@11.1.12_class-transformer@0.5.1_class-validator@0.1_081de5c6d0755692e9d6b4445753904b/node_modules/@nestjs/core/injector/injector.js:103:9)
      at ../node_modules/.pnpm/@nestjs+core@11.1.12_@nestjs+common@11.1.12_class-transformer@0.5.1_class-validator@0.1_081de5c6d0755692e9d6b4445753904b/node_modules/@nestjs/core/injector/instance-loader.js:56:13
          at async Promise.all (index 5)
      at TestingInstanceLoader.createInstancesOfProviders (../node_modules/.pnpm/@nestjs+core@11.1.12_@nestjs+common@11.1.12_class-transformer@0.5.1_class-validator@0.1_081de5c6d0755692e9d6b4445753904b/node_modules/@nestjs/core/injector/instance-loader.js:55:9)
      at ../node_modules/.pnpm/@nestjs+core@11.1.12_@nestjs+common@11.1.12_class-transformer@0.5.1_class-validator@0.1_081de5c6d0755692e9d6b4445753904b/node_modules/@nestjs/core/injector/instance-loader.js:40:13
          at async Promise.all (index 1)
      at TestingInstanceLoader.createInstances (../node_modules/.pnpm/@nestjs+core@11.1.12_@nestjs+common@11.1.12_class-transformer@0.5.1_class-validator@0.1_081de5c6d0755692e9d6b4445753904b/node_modules/@nestjs/core/injector/instance-loader.js:39:9)
      at TestingInstanceLoader.createInstancesOfDependencies (../node_modules/.pnpm/@nestjs+core@11.1.12_@nestjs+common@11.1.12_class-transformer@0.5.1_class-validator@0.1_081de5c6d0755692e9d6b4445753904b/node_modules/@nestjs/core/injector/instance-loader.js:22:13)
      at TestingInstanceLoader.createInstancesOfDependencies (../node_modules/.pnpm/@nestjs+testing@11.1.12_@nestjs+common@11.1.12_class-transformer@0.5.1_class-validator@_f8f5f7c9bf5f0ea617b1141b11ac9012/node_modules/@nestjs/testing/testing-instance-loader.js:9:9)
      at TestingModuleBuilder.createInstancesOfDependencies (../node_modules/.pnpm/@nestjs+testing@11.1.12_@nestjs+common@11.1.12_class-transformer@0.5.1_class-validator@_f8f5f7c9bf5f0ea617b1141b11ac9012/node_modules/@nestjs/testing/testing-module.builder.js:118:9)
      at TestingModuleBuilder.compile (../node_modules/.pnpm/@nestjs+testing@11.1.12_@nestjs+common@11.1.12_class-transformer@0.5.1_class-validator@_f8f5f7c9bf5f0ea617b1141b11ac9012/node_modules/@nestjs/testing/testing-module.builder.js:74:9)
      at Object.<anonymous> (modules/payments/__tests__/utility-bill-integration.spec.ts:58:14)

  ● Utility Bill Integration Tests › Bill Storage and Retrieval › should return 404 for non-existent bill

    Nest can't resolve dependencies of the PaymentGatewayService (RetryService, CircuitBreakerService, ?). Please make sure that the argument CertificatePinningService at index [2] is available in the RootTestModule context.

    Potential solutions:
    - Is RootTestModule a valid NestJS module?
    - If CertificatePinningService is a provider, is it part of the current RootTestModule?
    - If CertificatePinningService is exported from a separate @Module, is that module imported within RootTestModule?
      @Module({
        imports: [ /* the Module containing CertificatePinningService */ ]
      })

    For more common dependency resolution issues, see: https://docs.nestjs.com/faq/common-errors

      56 |
      57 |   beforeAll(async () => {
    > 58 |     module = await Test.createTestingModule({
         |              ^
      59 |       imports: [
      60 |         ConfigModule.forRoot({
      61 |           isGlobal: true,

      at TestingInjector.lookupComponentInParentModules (../node_modules/.pnpm/@nestjs+core@11.1.12_@nestjs+common@11.1.12_class-transformer@0.5.1_class-validator@0.1_081de5c6d0755692e9d6b4445753904b/node_modules/@nestjs/core/injector/injector.js:290:19)
      at TestingInjector.resolveComponentWrapper (../node_modules/.pnpm/@nestjs+testing@11.1.12_@nestjs+common@11.1.12_class-transformer@0.5.1_class-validator@_f8f5f7c9bf5f0ea617b1141b11ac9012/node_modules/@nestjs/testing/testing-injector.js:19:45)
      at resolveParam (../node_modules/.pnpm/@nestjs+core@11.1.12_@nestjs+common@11.1.12_class-transformer@0.5.1_class-validator@0.1_081de5c6d0755692e9d6b4445753904b/node_modules/@nestjs/core/injector/injector.js:140:38)
          at async Promise.all (index 2)
      at TestingInjector.resolveConstructorParams (../node_modules/.pnpm/@nestjs+core@11.1.12_@nestjs+common@11.1.12_class-transformer@0.5.1_class-validator@0.1_081de5c6d0755692e9d6b4445753904b/node_modules/@nestjs/core/injector/injector.js:169:27)
      at TestingInjector.loadInstance (../node_modules/.pnpm/@nestjs+core@11.1.12_@nestjs+common@11.1.12_class-transformer@0.5.1_class-validator@0.1_081de5c6d0755692e9d6b4445753904b/node_modules/@nestjs/core/injector/injector.js:75:13)
      at TestingInjector.loadProvider (../node_modules/.pnpm/@nestjs+core@11.1.12_@nestjs+common@11.1.12_class-transformer@0.5.1_class-validator@0.1_081de5c6d0755692e9d6b4445753904b/node_modules/@nestjs/core/injector/injector.js:103:9)
      at ../node_modules/.pnpm/@nestjs+core@11.1.12_@nestjs+common@11.1.12_class-transformer@0.5.1_class-validator@0.1_081de5c6d0755692e9d6b4445753904b/node_modules/@nestjs/core/injector/instance-loader.js:56:13
          at async Promise.all (index 5)
      at TestingInstanceLoader.createInstancesOfProviders (../node_modules/.pnpm/@nestjs+core@11.1.12_@nestjs+common@11.1.12_class-transformer@0.5.1_class-validator@0.1_081de5c6d0755692e9d6b4445753904b/node_modules/@nestjs/core/injector/instance-loader.js:55:9)
      at ../node_modules/.pnpm/@nestjs+core@11.1.12_@nestjs+common@11.1.12_class-transformer@0.5.1_class-validator@0.1_081de5c6d0755692e9d6b4445753904b/node_modules/@nestjs/core/injector/instance-loader.js:40:13
          at async Promise.all (index 1)
      at TestingInstanceLoader.createInstances (../node_modules/.pnpm/@nestjs+core@11.1.12_@nestjs+common@11.1.12_class-transformer@0.5.1_class-validator@0.1_081de5c6d0755692e9d6b4445753904b/node_modules/@nestjs/core/injector/instance-loader.js:39:9)
      at TestingInstanceLoader.createInstancesOfDependencies (../node_modules/.pnpm/@nestjs+core@11.1.12_@nestjs+common@11.1.12_class-transformer@0.5.1_class-validator@0.1_081de5c6d0755692e9d6b4445753904b/node_modules/@nestjs/core/injector/instance-loader.js:22:13)
      at TestingInstanceLoader.createInstancesOfDependencies (../node_modules/.pnpm/@nestjs+testing@11.1.12_@nestjs+common@11.1.12_class-transformer@0.5.1_class-validator@_f8f5f7c9bf5f0ea617b1141b11ac9012/node_modules/@nestjs/testing/testing-instance-loader.js:9:9)
      at TestingModuleBuilder.createInstancesOfDependencies (../node_modules/.pnpm/@nestjs+testing@11.1.12_@nestjs+common@11.1.12_class-transformer@0.5.1_class-validator@_f8f5f7c9bf5f0ea617b1141b11ac9012/node_modules/@nestjs/testing/testing-module.builder.js:118:9)
      at TestingModuleBuilder.compile (../node_modules/.pnpm/@nestjs+testing@11.1.12_@nestjs+common@11.1.12_class-transformer@0.5.1_class-validator@_f8f5f7c9bf5f0ea617b1141b11ac9012/node_modules/@nestjs/testing/testing-module.builder.js:74:9)
      at Object.<anonymous> (modules/payments/__tests__/utility-bill-integration.spec.ts:58:14)

  ● Utility Bill Integration Tests › Bill Storage and Retrieval › should list all bills for a user with filters

    Nest can't resolve dependencies of the PaymentGatewayService (RetryService, CircuitBreakerService, ?). Please make sure that the argument CertificatePinningService at index [2] is available in the RootTestModule context.

    Potential solutions:
    - Is RootTestModule a valid NestJS module?
    - If CertificatePinningService is a provider, is it part of the current RootTestModule?
    - If CertificatePinningService is exported from a separate @Module, is that module imported within RootTestModule?
      @Module({
        imports: [ /* the Module containing CertificatePinningService */ ]
      })

    For more common dependency resolution issues, see: https://docs.nestjs.com/faq/common-errors

      56 |
      57 |   beforeAll(async () => {
    > 58 |     module = await Test.createTestingModule({
         |              ^
      59 |       imports: [
      60 |         ConfigModule.forRoot({
      61 |           isGlobal: true,

      at TestingInjector.lookupComponentInParentModules (../node_modules/.pnpm/@nestjs+core@11.1.12_@nestjs+common@11.1.12_class-transformer@0.5.1_class-validator@0.1_081de5c6d0755692e9d6b4445753904b/node_modules/@nestjs/core/injector/injector.js:290:19)
      at TestingInjector.resolveComponentWrapper (../node_modules/.pnpm/@nestjs+testing@11.1.12_@nestjs+common@11.1.12_class-transformer@0.5.1_class-validator@_f8f5f7c9bf5f0ea617b1141b11ac9012/node_modules/@nestjs/testing/testing-injector.js:19:45)
      at resolveParam (../node_modules/.pnpm/@nestjs+core@11.1.12_@nestjs+common@11.1.12_class-transformer@0.5.1_class-validator@0.1_081de5c6d0755692e9d6b4445753904b/node_modules/@nestjs/core/injector/injector.js:140:38)
          at async Promise.all (index 2)
      at TestingInjector.resolveConstructorParams (../node_modules/.pnpm/@nestjs+core@11.1.12_@nestjs+common@11.1.12_class-transformer@0.5.1_class-validator@0.1_081de5c6d0755692e9d6b4445753904b/node_modules/@nestjs/core/injector/injector.js:169:27)
      at TestingInjector.loadInstance (../node_modules/.pnpm/@nestjs+core@11.1.12_@nestjs+common@11.1.12_class-transformer@0.5.1_class-validator@0.1_081de5c6d0755692e9d6b4445753904b/node_modules/@nestjs/core/injector/injector.js:75:13)
      at TestingInjector.loadProvider (../node_modules/.pnpm/@nestjs+core@11.1.12_@nestjs+common@11.1.12_class-transformer@0.5.1_class-validator@0.1_081de5c6d0755692e9d6b4445753904b/node_modules/@nestjs/core/injector/injector.js:103:9)
      at ../node_modules/.pnpm/@nestjs+core@11.1.12_@nestjs+common@11.1.12_class-transformer@0.5.1_class-validator@0.1_081de5c6d0755692e9d6b4445753904b/node_modules/@nestjs/core/injector/instance-loader.js:56:13
          at async Promise.all (index 5)
      at TestingInstanceLoader.createInstancesOfProviders (../node_modules/.pnpm/@nestjs+core@11.1.12_@nestjs+common@11.1.12_class-transformer@0.5.1_class-validator@0.1_081de5c6d0755692e9d6b4445753904b/node_modules/@nestjs/core/injector/instance-loader.js:55:9)
      at ../node_modules/.pnpm/@nestjs+core@11.1.12_@nestjs+common@11.1.12_class-transformer@0.5.1_class-validator@0.1_081de5c6d0755692e9d6b4445753904b/node_modules/@nestjs/core/injector/instance-loader.js:40:13
          at async Promise.all (index 1)
      at TestingInstanceLoader.createInstances (../node_modules/.pnpm/@nestjs+core@11.1.12_@nestjs+common@11.1.12_class-transformer@0.5.1_class-validator@0.1_081de5c6d0755692e9d6b4445753904b/node_modules/@nestjs/core/injector/instance-loader.js:39:9)
      at TestingInstanceLoader.createInstancesOfDependencies (../node_modules/.pnpm/@nestjs+core@11.1.12_@nestjs+common@11.1.12_class-transformer@0.5.1_class-validator@0.1_081de5c6d0755692e9d6b4445753904b/node_modules/@nestjs/core/injector/instance-loader.js:22:13)
      at TestingInstanceLoader.createInstancesOfDependencies (../node_modules/.pnpm/@nestjs+testing@11.1.12_@nestjs+common@11.1.12_class-transformer@0.5.1_class-validator@_f8f5f7c9bf5f0ea617b1141b11ac9012/node_modules/@nestjs/testing/testing-instance-loader.js:9:9)
      at TestingModuleBuilder.createInstancesOfDependencies (../node_modules/.pnpm/@nestjs+testing@11.1.12_@nestjs+common@11.1.12_class-transformer@0.5.1_class-validator@_f8f5f7c9bf5f0ea617b1141b11ac9012/node_modules/@nestjs/testing/testing-module.builder.js:118:9)
      at TestingModuleBuilder.compile (../node_modules/.pnpm/@nestjs+testing@11.1.12_@nestjs+common@11.1.12_class-transformer@0.5.1_class-validator@_f8f5f7c9bf5f0ea617b1141b11ac9012/node_modules/@nestjs/testing/testing-module.builder.js:74:9)
      at Object.<anonymous> (modules/payments/__tests__/utility-bill-integration.spec.ts:58:14)

  ● Utility Bill Integration Tests › Bill Storage and Retrieval › should filter bills by status

    Nest can't resolve dependencies of the PaymentGatewayService (RetryService, CircuitBreakerService, ?). Please make sure that the argument CertificatePinningService at index [2] is available in the RootTestModule context.

    Potential solutions:
    - Is RootTestModule a valid NestJS module?
    - If CertificatePinningService is a provider, is it part of the current RootTestModule?
    - If CertificatePinningService is exported from a separate @Module, is that module imported within RootTestModule?
      @Module({
        imports: [ /* the Module containing CertificatePinningService */ ]
      })

    For more common dependency resolution issues, see: https://docs.nestjs.com/faq/common-errors

      56 |
      57 |   beforeAll(async () => {
    > 58 |     module = await Test.createTestingModule({
         |              ^
      59 |       imports: [
      60 |         ConfigModule.forRoot({
      61 |           isGlobal: true,

      at TestingInjector.lookupComponentInParentModules (../node_modules/.pnpm/@nestjs+core@11.1.12_@nestjs+common@11.1.12_class-transformer@0.5.1_class-validator@0.1_081de5c6d0755692e9d6b4445753904b/node_modules/@nestjs/core/injector/injector.js:290:19)
      at TestingInjector.resolveComponentWrapper (../node_modules/.pnpm/@nestjs+testing@11.1.12_@nestjs+common@11.1.12_class-transformer@0.5.1_class-validator@_f8f5f7c9bf5f0ea617b1141b11ac9012/node_modules/@nestjs/testing/testing-injector.js:19:45)
      at resolveParam (../node_modules/.pnpm/@nestjs+core@11.1.12_@nestjs+common@11.1.12_class-transformer@0.5.1_class-validator@0.1_081de5c6d0755692e9d6b4445753904b/node_modules/@nestjs/core/injector/injector.js:140:38)
          at async Promise.all (index 2)
      at TestingInjector.resolveConstructorParams (../node_modules/.pnpm/@nestjs+core@11.1.12_@nestjs+common@11.1.12_class-transformer@0.5.1_class-validator@0.1_081de5c6d0755692e9d6b4445753904b/node_modules/@nestjs/core/injector/injector.js:169:27)
      at TestingInjector.loadInstance (../node_modules/.pnpm/@nestjs+core@11.1.12_@nestjs+common@11.1.12_class-transformer@0.5.1_class-validator@0.1_081de5c6d0755692e9d6b4445753904b/node_modules/@nestjs/core/injector/injector.js:75:13)
      at TestingInjector.loadProvider (../node_modules/.pnpm/@nestjs+core@11.1.12_@nestjs+common@11.1.12_class-transformer@0.5.1_class-validator@0.1_081de5c6d0755692e9d6b4445753904b/node_modules/@nestjs/core/injector/injector.js:103:9)
      at ../node_modules/.pnpm/@nestjs+core@11.1.12_@nestjs+common@11.1.12_class-transformer@0.5.1_class-validator@0.1_081de5c6d0755692e9d6b4445753904b/node_modules/@nestjs/core/injector/instance-loader.js:56:13
          at async Promise.all (index 5)
      at TestingInstanceLoader.createInstancesOfProviders (../node_modules/.pnpm/@nestjs+core@11.1.12_@nestjs+common@11.1.12_class-transformer@0.5.1_class-validator@0.1_081de5c6d0755692e9d6b4445753904b/node_modules/@nestjs/core/injector/instance-loader.js:55:9)
      at ../node_modules/.pnpm/@nestjs+core@11.1.12_@nestjs+common@11.1.12_class-transformer@0.5.1_class-validator@0.1_081de5c6d0755692e9d6b4445753904b/node_modules/@nestjs/core/injector/instance-loader.js:40:13
          at async Promise.all (index 1)
      at TestingInstanceLoader.createInstances (../node_modules/.pnpm/@nestjs+core@11.1.12_@nestjs+common@11.1.12_class-transformer@0.5.1_class-validator@0.1_081de5c6d0755692e9d6b4445753904b/node_modules/@nestjs/core/injector/instance-loader.js:39:9)
      at TestingInstanceLoader.createInstancesOfDependencies (../node_modules/.pnpm/@nestjs+core@11.1.12_@nestjs+common@11.1.12_class-transformer@0.5.1_class-validator@0.1_081de5c6d0755692e9d6b4445753904b/node_modules/@nestjs/core/injector/instance-loader.js:22:13)
      at TestingInstanceLoader.createInstancesOfDependencies (../node_modules/.pnpm/@nestjs+testing@11.1.12_@nestjs+common@11.1.12_class-transformer@0.5.1_class-validator@_f8f5f7c9bf5f0ea617b1141b11ac9012/node_modules/@nestjs/testing/testing-instance-loader.js:9:9)
      at TestingModuleBuilder.createInstancesOfDependencies (../node_modules/.pnpm/@nestjs+testing@11.1.12_@nestjs+common@11.1.12_class-transformer@0.5.1_class-validator@_f8f5f7c9bf5f0ea617b1141b11ac9012/node_modules/@nestjs/testing/testing-module.builder.js:118:9)
      at TestingModuleBuilder.compile (../node_modules/.pnpm/@nestjs+testing@11.1.12_@nestjs+common@11.1.12_class-transformer@0.5.1_class-validator@_f8f5f7c9bf5f0ea617b1141b11ac9012/node_modules/@nestjs/testing/testing-module.builder.js:74:9)
      at Object.<anonymous> (modules/payments/__tests__/utility-bill-integration.spec.ts:58:14)

  ● Utility Bill Integration Tests › Bill Storage and Retrieval › should not retrieve bills of other users

    Nest can't resolve dependencies of the PaymentGatewayService (RetryService, CircuitBreakerService, ?). Please make sure that the argument CertificatePinningService at index [2] is available in the RootTestModule context.

    Potential solutions:
    - Is RootTestModule a valid NestJS module?
    - If CertificatePinningService is a provider, is it part of the current RootTestModule?
    - If CertificatePinningService is exported from a separate @Module, is that module imported within RootTestModule?
      @Module({
        imports: [ /* the Module containing CertificatePinningService */ ]
      })

    For more common dependency resolution issues, see: https://docs.nestjs.com/faq/common-errors

      56 |
      57 |   beforeAll(async () => {
    > 58 |     module = await Test.createTestingModule({
         |              ^
      59 |       imports: [
      60 |         ConfigModule.forRoot({
      61 |           isGlobal: true,

      at TestingInjector.lookupComponentInParentModules (../node_modules/.pnpm/@nestjs+core@11.1.12_@nestjs+common@11.1.12_class-transformer@0.5.1_class-validator@0.1_081de5c6d0755692e9d6b4445753904b/node_modules/@nestjs/core/injector/injector.js:290:19)
      at TestingInjector.resolveComponentWrapper (../node_modules/.pnpm/@nestjs+testing@11.1.12_@nestjs+common@11.1.12_class-transformer@0.5.1_class-validator@_f8f5f7c9bf5f0ea617b1141b11ac9012/node_modules/@nestjs/testing/testing-injector.js:19:45)
      at resolveParam (../node_modules/.pnpm/@nestjs+core@11.1.12_@nestjs+common@11.1.12_class-transformer@0.5.1_class-validator@0.1_081de5c6d0755692e9d6b4445753904b/node_modules/@nestjs/core/injector/injector.js:140:38)
          at async Promise.all (index 2)
      at TestingInjector.resolveConstructorParams (../node_modules/.pnpm/@nestjs+core@11.1.12_@nestjs+common@11.1.12_class-transformer@0.5.1_class-validator@0.1_081de5c6d0755692e9d6b4445753904b/node_modules/@nestjs/core/injector/injector.js:169:27)
      at TestingInjector.loadInstance (../node_modules/.pnpm/@nestjs+core@11.1.12_@nestjs+common@11.1.12_class-transformer@0.5.1_class-validator@0.1_081de5c6d0755692e9d6b4445753904b/node_modules/@nestjs/core/injector/injector.js:75:13)
      at TestingInjector.loadProvider (../node_modules/.pnpm/@nestjs+core@11.1.12_@nestjs+common@11.1.12_class-transformer@0.5.1_class-validator@0.1_081de5c6d0755692e9d6b4445753904b/node_modules/@nestjs/core/injector/injector.js:103:9)
      at ../node_modules/.pnpm/@nestjs+core@11.1.12_@nestjs+common@11.1.12_class-transformer@0.5.1_class-validator@0.1_081de5c6d0755692e9d6b4445753904b/node_modules/@nestjs/core/injector/instance-loader.js:56:13
          at async Promise.all (index 5)
      at TestingInstanceLoader.createInstancesOfProviders (../node_modules/.pnpm/@nestjs+core@11.1.12_@nestjs+common@11.1.12_class-transformer@0.5.1_class-validator@0.1_081de5c6d0755692e9d6b4445753904b/node_modules/@nestjs/core/injector/instance-loader.js:55:9)
      at ../node_modules/.pnpm/@nestjs+core@11.1.12_@nestjs+common@11.1.12_class-transformer@0.5.1_class-validator@0.1_081de5c6d0755692e9d6b4445753904b/node_modules/@nestjs/core/injector/instance-loader.js:40:13
          at async Promise.all (index 1)
      at TestingInstanceLoader.createInstances (../node_modules/.pnpm/@nestjs+core@11.1.12_@nestjs+common@11.1.12_class-transformer@0.5.1_class-validator@0.1_081de5c6d0755692e9d6b4445753904b/node_modules/@nestjs/core/injector/instance-loader.js:39:9)
      at TestingInstanceLoader.createInstancesOfDependencies (../node_modules/.pnpm/@nestjs+core@11.1.12_@nestjs+common@11.1.12_class-transformer@0.5.1_class-validator@0.1_081de5c6d0755692e9d6b4445753904b/node_modules/@nestjs/core/injector/instance-loader.js:22:13)
      at TestingInstanceLoader.createInstancesOfDependencies (../node_modules/.pnpm/@nestjs+testing@11.1.12_@nestjs+common@11.1.12_class-transformer@0.5.1_class-validator@_f8f5f7c9bf5f0ea617b1141b11ac9012/node_modules/@nestjs/testing/testing-instance-loader.js:9:9)
      at TestingModuleBuilder.createInstancesOfDependencies (../node_modules/.pnpm/@nestjs+testing@11.1.12_@nestjs+common@11.1.12_class-transformer@0.5.1_class-validator@_f8f5f7c9bf5f0ea617b1141b11ac9012/node_modules/@nestjs/testing/testing-module.builder.js:118:9)
      at TestingModuleBuilder.compile (../node_modules/.pnpm/@nestjs+testing@11.1.12_@nestjs+common@11.1.12_class-transformer@0.5.1_class-validator@_f8f5f7c9bf5f0ea617b1141b11ac9012/node_modules/@nestjs/testing/testing-module.builder.js:74:9)
      at Object.<anonymous> (modules/payments/__tests__/utility-bill-integration.spec.ts:58:14)

  ● Utility Bill Integration Tests › Payment Processing › should process payment for a bill successfully

    Nest can't resolve dependencies of the PaymentGatewayService (RetryService, CircuitBreakerService, ?). Please make sure that the argument CertificatePinningService at index [2] is available in the RootTestModule context.

    Potential solutions:
    - Is RootTestModule a valid NestJS module?
    - If CertificatePinningService is a provider, is it part of the current RootTestModule?
    - If CertificatePinningService is exported from a separate @Module, is that module imported within RootTestModule?
      @Module({
        imports: [ /* the Module containing CertificatePinningService */ ]
      })

    For more common dependency resolution issues, see: https://docs.nestjs.com/faq/common-errors

      56 |
      57 |   beforeAll(async () => {
    > 58 |     module = await Test.createTestingModule({
         |              ^
      59 |       imports: [
      60 |         ConfigModule.forRoot({
      61 |           isGlobal: true,

      at TestingInjector.lookupComponentInParentModules (../node_modules/.pnpm/@nestjs+core@11.1.12_@nestjs+common@11.1.12_class-transformer@0.5.1_class-validator@0.1_081de5c6d0755692e9d6b4445753904b/node_modules/@nestjs/core/injector/injector.js:290:19)
      at TestingInjector.resolveComponentWrapper (../node_modules/.pnpm/@nestjs+testing@11.1.12_@nestjs+common@11.1.12_class-transformer@0.5.1_class-validator@_f8f5f7c9bf5f0ea617b1141b11ac9012/node_modules/@nestjs/testing/testing-injector.js:19:45)
      at resolveParam (../node_modules/.pnpm/@nestjs+core@11.1.12_@nestjs+common@11.1.12_class-transformer@0.5.1_class-validator@0.1_081de5c6d0755692e9d6b4445753904b/node_modules/@nestjs/core/injector/injector.js:140:38)
          at async Promise.all (index 2)
      at TestingInjector.resolveConstructorParams (../node_modules/.pnpm/@nestjs+core@11.1.12_@nestjs+common@11.1.12_class-transformer@0.5.1_class-validator@0.1_081de5c6d0755692e9d6b4445753904b/node_modules/@nestjs/core/injector/injector.js:169:27)
      at TestingInjector.loadInstance (../node_modules/.pnpm/@nestjs+core@11.1.12_@nestjs+common@11.1.12_class-transformer@0.5.1_class-validator@0.1_081de5c6d0755692e9d6b4445753904b/node_modules/@nestjs/core/injector/injector.js:75:13)
      at TestingInjector.loadProvider (../node_modules/.pnpm/@nestjs+core@11.1.12_@nestjs+common@11.1.12_class-transformer@0.5.1_class-validator@0.1_081de5c6d0755692e9d6b4445753904b/node_modules/@nestjs/core/injector/injector.js:103:9)
      at ../node_modules/.pnpm/@nestjs+core@11.1.12_@nestjs+common@11.1.12_class-transformer@0.5.1_class-validator@0.1_081de5c6d0755692e9d6b4445753904b/node_modules/@nestjs/core/injector/instance-loader.js:56:13
          at async Promise.all (index 5)
      at TestingInstanceLoader.createInstancesOfProviders (../node_modules/.pnpm/@nestjs+core@11.1.12_@nestjs+common@11.1.12_class-transformer@0.5.1_class-validator@0.1_081de5c6d0755692e9d6b4445753904b/node_modules/@nestjs/core/injector/instance-loader.js:55:9)
      at ../node_modules/.pnpm/@nestjs+core@11.1.12_@nestjs+common@11.1.12_class-transformer@0.5.1_class-validator@0.1_081de5c6d0755692e9d6b4445753904b/node_modules/@nestjs/core/injector/instance-loader.js:40:13
          at async Promise.all (index 1)
      at TestingInstanceLoader.createInstances (../node_modules/.pnpm/@nestjs+core@11.1.12_@nestjs+common@11.1.12_class-transformer@0.5.1_class-validator@0.1_081de5c6d0755692e9d6b4445753904b/node_modules/@nestjs/core/injector/instance-loader.js:39:9)
      at TestingInstanceLoader.createInstancesOfDependencies (../node_modules/.pnpm/@nestjs+core@11.1.12_@nestjs+common@11.1.12_class-transformer@0.5.1_class-validator@0.1_081de5c6d0755692e9d6b4445753904b/node_modules/@nestjs/core/injector/instance-loader.js:22:13)
      at TestingInstanceLoader.createInstancesOfDependencies (../node_modules/.pnpm/@nestjs+testing@11.1.12_@nestjs+common@11.1.12_class-transformer@0.5.1_class-validator@_f8f5f7c9bf5f0ea617b1141b11ac9012/node_modules/@nestjs/testing/testing-instance-loader.js:9:9)
      at TestingModuleBuilder.createInstancesOfDependencies (../node_modules/.pnpm/@nestjs+testing@11.1.12_@nestjs+common@11.1.12_class-transformer@0.5.1_class-validator@_f8f5f7c9bf5f0ea617b1141b11ac9012/node_modules/@nestjs/testing/testing-module.builder.js:118:9)
      at TestingModuleBuilder.compile (../node_modules/.pnpm/@nestjs+testing@11.1.12_@nestjs+common@11.1.12_class-transformer@0.5.1_class-validator@_f8f5f7c9bf5f0ea617b1141b11ac9012/node_modules/@nestjs/testing/testing-module.builder.js:74:9)
      at Object.<anonymous> (modules/payments/__tests__/utility-bill-integration.spec.ts:58:14)

  ● Utility Bill Integration Tests › Payment Processing › should include transaction fee in bill payment

    Nest can't resolve dependencies of the PaymentGatewayService (RetryService, CircuitBreakerService, ?). Please make sure that the argument CertificatePinningService at index [2] is available in the RootTestModule context.

    Potential solutions:
    - Is RootTestModule a valid NestJS module?
    - If CertificatePinningService is a provider, is it part of the current RootTestModule?
    - If CertificatePinningService is exported from a separate @Module, is that module imported within RootTestModule?
      @Module({
        imports: [ /* the Module containing CertificatePinningService */ ]
      })

    For more common dependency resolution issues, see: https://docs.nestjs.com/faq/common-errors

      56 |
      57 |   beforeAll(async () => {
    > 58 |     module = await Test.createTestingModule({
         |              ^
      59 |       imports: [
      60 |         ConfigModule.forRoot({
      61 |           isGlobal: true,

      at TestingInjector.lookupComponentInParentModules (../node_modules/.pnpm/@nestjs+core@11.1.12_@nestjs+common@11.1.12_class-transformer@0.5.1_class-validator@0.1_081de5c6d0755692e9d6b4445753904b/node_modules/@nestjs/core/injector/injector.js:290:19)
      at TestingInjector.resolveComponentWrapper (../node_modules/.pnpm/@nestjs+testing@11.1.12_@nestjs+common@11.1.12_class-transformer@0.5.1_class-validator@_f8f5f7c9bf5f0ea617b1141b11ac9012/node_modules/@nestjs/testing/testing-injector.js:19:45)
      at resolveParam (../node_modules/.pnpm/@nestjs+core@11.1.12_@nestjs+common@11.1.12_class-transformer@0.5.1_class-validator@0.1_081de5c6d0755692e9d6b4445753904b/node_modules/@nestjs/core/injector/injector.js:140:38)
          at async Promise.all (index 2)
      at TestingInjector.resolveConstructorParams (../node_modules/.pnpm/@nestjs+core@11.1.12_@nestjs+common@11.1.12_class-transformer@0.5.1_class-validator@0.1_081de5c6d0755692e9d6b4445753904b/node_modules/@nestjs/core/injector/injector.js:169:27)
      at TestingInjector.loadInstance (../node_modules/.pnpm/@nestjs+core@11.1.12_@nestjs+common@11.1.12_class-transformer@0.5.1_class-validator@0.1_081de5c6d0755692e9d6b4445753904b/node_modules/@nestjs/core/injector/injector.js:75:13)
      at TestingInjector.loadProvider (../node_modules/.pnpm/@nestjs+core@11.1.12_@nestjs+common@11.1.12_class-transformer@0.5.1_class-validator@0.1_081de5c6d0755692e9d6b4445753904b/node_modules/@nestjs/core/injector/injector.js:103:9)
      at ../node_modules/.pnpm/@nestjs+core@11.1.12_@nestjs+common@11.1.12_class-transformer@0.5.1_class-validator@0.1_081de5c6d0755692e9d6b4445753904b/node_modules/@nestjs/core/injector/instance-loader.js:56:13
          at async Promise.all (index 5)
      at TestingInstanceLoader.createInstancesOfProviders (../node_modules/.pnpm/@nestjs+core@11.1.12_@nestjs+common@11.1.12_class-transformer@0.5.1_class-validator@0.1_081de5c6d0755692e9d6b4445753904b/node_modules/@nestjs/core/injector/instance-loader.js:55:9)
      at ../node_modules/.pnpm/@nestjs+core@11.1.12_@nestjs+common@11.1.12_class-transformer@0.5.1_class-validator@0.1_081de5c6d0755692e9d6b4445753904b/node_modules/@nestjs/core/injector/instance-loader.js:40:13
          at async Promise.all (index 1)
      at TestingInstanceLoader.createInstances (../node_modules/.pnpm/@nestjs+core@11.1.12_@nestjs+common@11.1.12_class-transformer@0.5.1_class-validator@0.1_081de5c6d0755692e9d6b4445753904b/node_modules/@nestjs/core/injector/instance-loader.js:39:9)
      at TestingInstanceLoader.createInstancesOfDependencies (../node_modules/.pnpm/@nestjs+core@11.1.12_@nestjs+common@11.1.12_class-transformer@0.5.1_class-validator@0.1_081de5c6d0755692e9d6b4445753904b/node_modules/@nestjs/core/injector/instance-loader.js:22:13)
      at TestingInstanceLoader.createInstancesOfDependencies (../node_modules/.pnpm/@nestjs+testing@11.1.12_@nestjs+common@11.1.12_class-transformer@0.5.1_class-validator@_f8f5f7c9bf5f0ea617b1141b11ac9012/node_modules/@nestjs/testing/testing-instance-loader.js:9:9)
      at TestingModuleBuilder.createInstancesOfDependencies (../node_modules/.pnpm/@nestjs+testing@11.1.12_@nestjs+common@11.1.12_class-transformer@0.5.1_class-validator@_f8f5f7c9bf5f0ea617b1141b11ac9012/node_modules/@nestjs/testing/testing-module.builder.js:118:9)
      at TestingModuleBuilder.compile (../node_modules/.pnpm/@nestjs+testing@11.1.12_@nestjs+common@11.1.12_class-transformer@0.5.1_class-validator@_f8f5f7c9bf5f0ea617b1141b11ac9012/node_modules/@nestjs/testing/testing-module.builder.js:74:9)
      at Object.<anonymous> (modules/payments/__tests__/utility-bill-integration.spec.ts:58:14)

  ● Utility Bill Integration Tests › Payment Processing › should process refund for a bill payment

    Nest can't resolve dependencies of the PaymentGatewayService (RetryService, CircuitBreakerService, ?). Please make sure that the argument CertificatePinningService at index [2] is available in the RootTestModule context.

    Potential solutions:
    - Is RootTestModule a valid NestJS module?
    - If CertificatePinningService is a provider, is it part of the current RootTestModule?
    - If CertificatePinningService is exported from a separate @Module, is that module imported within RootTestModule?
      @Module({
        imports: [ /* the Module containing CertificatePinningService */ ]
      })

    For more common dependency resolution issues, see: https://docs.nestjs.com/faq/common-errors

      56 |
      57 |   beforeAll(async () => {
    > 58 |     module = await Test.createTestingModule({
         |              ^
      59 |       imports: [
      60 |         ConfigModule.forRoot({
      61 |           isGlobal: true,

      at TestingInjector.lookupComponentInParentModules (../node_modules/.pnpm/@nestjs+core@11.1.12_@nestjs+common@11.1.12_class-transformer@0.5.1_class-validator@0.1_081de5c6d0755692e9d6b4445753904b/node_modules/@nestjs/core/injector/injector.js:290:19)
      at TestingInjector.resolveComponentWrapper (../node_modules/.pnpm/@nestjs+testing@11.1.12_@nestjs+common@11.1.12_class-transformer@0.5.1_class-validator@_f8f5f7c9bf5f0ea617b1141b11ac9012/node_modules/@nestjs/testing/testing-injector.js:19:45)
      at resolveParam (../node_modules/.pnpm/@nestjs+core@11.1.12_@nestjs+common@11.1.12_class-transformer@0.5.1_class-validator@0.1_081de5c6d0755692e9d6b4445753904b/node_modules/@nestjs/core/injector/injector.js:140:38)
          at async Promise.all (index 2)
      at TestingInjector.resolveConstructorParams (../node_modules/.pnpm/@nestjs+core@11.1.12_@nestjs+common@11.1.12_class-transformer@0.5.1_class-validator@0.1_081de5c6d0755692e9d6b4445753904b/node_modules/@nestjs/core/injector/injector.js:169:27)
      at TestingInjector.loadInstance (../node_modules/.pnpm/@nestjs+core@11.1.12_@nestjs+common@11.1.12_class-transformer@0.5.1_class-validator@0.1_081de5c6d0755692e9d6b4445753904b/node_modules/@nestjs/core/injector/injector.js:75:13)
      at TestingInjector.loadProvider (../node_modules/.pnpm/@nestjs+core@11.1.12_@nestjs+common@11.1.12_class-transformer@0.5.1_class-validator@0.1_081de5c6d0755692e9d6b4445753904b/node_modules/@nestjs/core/injector/injector.js:103:9)
      at ../node_modules/.pnpm/@nestjs+core@11.1.12_@nestjs+common@11.1.12_class-transformer@0.5.1_class-validator@0.1_081de5c6d0755692e9d6b4445753904b/node_modules/@nestjs/core/injector/instance-loader.js:56:13
          at async Promise.all (index 5)
      at TestingInstanceLoader.createInstancesOfProviders (../node_modules/.pnpm/@nestjs+core@11.1.12_@nestjs+common@11.1.12_class-transformer@0.5.1_class-validator@0.1_081de5c6d0755692e9d6b4445753904b/node_modules/@nestjs/core/injector/instance-loader.js:55:9)
      at ../node_modules/.pnpm/@nestjs+core@11.1.12_@nestjs+common@11.1.12_class-transformer@0.5.1_class-validator@0.1_081de5c6d0755692e9d6b4445753904b/node_modules/@nestjs/core/injector/instance-loader.js:40:13
          at async Promise.all (index 1)
      at TestingInstanceLoader.createInstances (../node_modules/.pnpm/@nestjs+core@11.1.12_@nestjs+common@11.1.12_class-transformer@0.5.1_class-validator@0.1_081de5c6d0755692e9d6b4445753904b/node_modules/@nestjs/core/injector/instance-loader.js:39:9)
      at TestingInstanceLoader.createInstancesOfDependencies (../node_modules/.pnpm/@nestjs+core@11.1.12_@nestjs+common@11.1.12_class-transformer@0.5.1_class-validator@0.1_081de5c6d0755692e9d6b4445753904b/node_modules/@nestjs/core/injector/instance-loader.js:22:13)
      at TestingInstanceLoader.createInstancesOfDependencies (../node_modules/.pnpm/@nestjs+testing@11.1.12_@nestjs+common@11.1.12_class-transformer@0.5.1_class-validator@_f8f5f7c9bf5f0ea617b1141b11ac9012/node_modules/@nestjs/testing/testing-instance-loader.js:9:9)
      at TestingModuleBuilder.createInstancesOfDependencies (../node_modules/.pnpm/@nestjs+testing@11.1.12_@nestjs+common@11.1.12_class-transformer@0.5.1_class-validator@_f8f5f7c9bf5f0ea617b1141b11ac9012/node_modules/@nestjs/testing/testing-module.builder.js:118:9)
      at TestingModuleBuilder.compile (../node_modules/.pnpm/@nestjs+testing@11.1.12_@nestjs+common@11.1.12_class-transformer@0.5.1_class-validator@_f8f5f7c9bf5f0ea617b1141b11ac9012/node_modules/@nestjs/testing/testing-module.builder.js:74:9)
      at Object.<anonymous> (modules/payments/__tests__/utility-bill-integration.spec.ts:58:14)

  ● Utility Bill Integration Tests › Payment Processing › should process partial refund for a bill payment

    Nest can't resolve dependencies of the PaymentGatewayService (RetryService, CircuitBreakerService, ?). Please make sure that the argument CertificatePinningService at index [2] is available in the RootTestModule context.

    Potential solutions:
    - Is RootTestModule a valid NestJS module?
    - If CertificatePinningService is a provider, is it part of the current RootTestModule?
    - If CertificatePinningService is exported from a separate @Module, is that module imported within RootTestModule?
      @Module({
        imports: [ /* the Module containing CertificatePinningService */ ]
      })

    For more common dependency resolution issues, see: https://docs.nestjs.com/faq/common-errors

      56 |
      57 |   beforeAll(async () => {
    > 58 |     module = await Test.createTestingModule({
         |              ^
      59 |       imports: [
      60 |         ConfigModule.forRoot({
      61 |           isGlobal: true,

      at TestingInjector.lookupComponentInParentModules (../node_modules/.pnpm/@nestjs+core@11.1.12_@nestjs+common@11.1.12_class-transformer@0.5.1_class-validator@0.1_081de5c6d0755692e9d6b4445753904b/node_modules/@nestjs/core/injector/injector.js:290:19)
      at TestingInjector.resolveComponentWrapper (../node_modules/.pnpm/@nestjs+testing@11.1.12_@nestjs+common@11.1.12_class-transformer@0.5.1_class-validator@_f8f5f7c9bf5f0ea617b1141b11ac9012/node_modules/@nestjs/testing/testing-injector.js:19:45)
      at resolveParam (../node_modules/.pnpm/@nestjs+core@11.1.12_@nestjs+common@11.1.12_class-transformer@0.5.1_class-validator@0.1_081de5c6d0755692e9d6b4445753904b/node_modules/@nestjs/core/injector/injector.js:140:38)
          at async Promise.all (index 2)
      at TestingInjector.resolveConstructorParams (../node_modules/.pnpm/@nestjs+core@11.1.12_@nestjs+common@11.1.12_class-transformer@0.5.1_class-validator@0.1_081de5c6d0755692e9d6b4445753904b/node_modules/@nestjs/core/injector/injector.js:169:27)
      at TestingInjector.loadInstance (../node_modules/.pnpm/@nestjs+core@11.1.12_@nestjs+common@11.1.12_class-transformer@0.5.1_class-validator@0.1_081de5c6d0755692e9d6b4445753904b/node_modules/@nestjs/core/injector/injector.js:75:13)
      at TestingInjector.loadProvider (../node_modules/.pnpm/@nestjs+core@11.1.12_@nestjs+common@11.1.12_class-transformer@0.5.1_class-validator@0.1_081de5c6d0755692e9d6b4445753904b/node_modules/@nestjs/core/injector/injector.js:103:9)
      at ../node_modules/.pnpm/@nestjs+core@11.1.12_@nestjs+common@11.1.12_class-transformer@0.5.1_class-validator@0.1_081de5c6d0755692e9d6b4445753904b/node_modules/@nestjs/core/injector/instance-loader.js:56:13
          at async Promise.all (index 5)
      at TestingInstanceLoader.createInstancesOfProviders (../node_modules/.pnpm/@nestjs+core@11.1.12_@nestjs+common@11.1.12_class-transformer@0.5.1_class-validator@0.1_081de5c6d0755692e9d6b4445753904b/node_modules/@nestjs/core/injector/instance-loader.js:55:9)
      at ../node_modules/.pnpm/@nestjs+core@11.1.12_@nestjs+common@11.1.12_class-transformer@0.5.1_class-validator@0.1_081de5c6d0755692e9d6b4445753904b/node_modules/@nestjs/core/injector/instance-loader.js:40:13
          at async Promise.all (index 1)
      at TestingInstanceLoader.createInstances (../node_modules/.pnpm/@nestjs+core@11.1.12_@nestjs+common@11.1.12_class-transformer@0.5.1_class-validator@0.1_081de5c6d0755692e9d6b4445753904b/node_modules/@nestjs/core/injector/instance-loader.js:39:9)
      at TestingInstanceLoader.createInstancesOfDependencies (../node_modules/.pnpm/@nestjs+core@11.1.12_@nestjs+common@11.1.12_class-transformer@0.5.1_class-validator@0.1_081de5c6d0755692e9d6b4445753904b/node_modules/@nestjs/core/injector/instance-loader.js:22:13)
      at TestingInstanceLoader.createInstancesOfDependencies (../node_modules/.pnpm/@nestjs+testing@11.1.12_@nestjs+common@11.1.12_class-transformer@0.5.1_class-validator@_f8f5f7c9bf5f0ea617b1141b11ac9012/node_modules/@nestjs/testing/testing-instance-loader.js:9:9)
      at TestingModuleBuilder.createInstancesOfDependencies (../node_modules/.pnpm/@nestjs+testing@11.1.12_@nestjs+common@11.1.12_class-transformer@0.5.1_class-validator@_f8f5f7c9bf5f0ea617b1141b11ac9012/node_modules/@nestjs/testing/testing-module.builder.js:118:9)
      at TestingModuleBuilder.compile (../node_modules/.pnpm/@nestjs+testing@11.1.12_@nestjs+common@11.1.12_class-transformer@0.5.1_class-validator@_f8f5f7c9bf5f0ea617b1141b11ac9012/node_modules/@nestjs/testing/testing-module.builder.js:74:9)
      at Object.<anonymous> (modules/payments/__tests__/utility-bill-integration.spec.ts:58:14)

  ● Utility Bill Integration Tests › Payment Processing › should reject refund exceeding bill amount

    Nest can't resolve dependencies of the PaymentGatewayService (RetryService, CircuitBreakerService, ?). Please make sure that the argument CertificatePinningService at index [2] is available in the RootTestModule context.

    Potential solutions:
    - Is RootTestModule a valid NestJS module?
    - If CertificatePinningService is a provider, is it part of the current RootTestModule?
    - If CertificatePinningService is exported from a separate @Module, is that module imported within RootTestModule?
      @Module({
        imports: [ /* the Module containing CertificatePinningService */ ]
      })

    For more common dependency resolution issues, see: https://docs.nestjs.com/faq/common-errors

      56 |
      57 |   beforeAll(async () => {
    > 58 |     module = await Test.createTestingModule({
         |              ^
      59 |       imports: [
      60 |         ConfigModule.forRoot({
      61 |           isGlobal: true,

      at TestingInjector.lookupComponentInParentModules (../node_modules/.pnpm/@nestjs+core@11.1.12_@nestjs+common@11.1.12_class-transformer@0.5.1_class-validator@0.1_081de5c6d0755692e9d6b4445753904b/node_modules/@nestjs/core/injector/injector.js:290:19)
      at TestingInjector.resolveComponentWrapper (../node_modules/.pnpm/@nestjs+testing@11.1.12_@nestjs+common@11.1.12_class-transformer@0.5.1_class-validator@_f8f5f7c9bf5f0ea617b1141b11ac9012/node_modules/@nestjs/testing/testing-injector.js:19:45)
      at resolveParam (../node_modules/.pnpm/@nestjs+core@11.1.12_@nestjs+common@11.1.12_class-transformer@0.5.1_class-validator@0.1_081de5c6d0755692e9d6b4445753904b/node_modules/@nestjs/core/injector/injector.js:140:38)
          at async Promise.all (index 2)
      at TestingInjector.resolveConstructorParams (../node_modules/.pnpm/@nestjs+core@11.1.12_@nestjs+common@11.1.12_class-transformer@0.5.1_class-validator@0.1_081de5c6d0755692e9d6b4445753904b/node_modules/@nestjs/core/injector/injector.js:169:27)
      at TestingInjector.loadInstance (../node_modules/.pnpm/@nestjs+core@11.1.12_@nestjs+common@11.1.12_class-transformer@0.5.1_class-validator@0.1_081de5c6d0755692e9d6b4445753904b/node_modules/@nestjs/core/injector/injector.js:75:13)
      at TestingInjector.loadProvider (../node_modules/.pnpm/@nestjs+core@11.1.12_@nestjs+common@11.1.12_class-transformer@0.5.1_class-validator@0.1_081de5c6d0755692e9d6b4445753904b/node_modules/@nestjs/core/injector/injector.js:103:9)
      at ../node_modules/.pnpm/@nestjs+core@11.1.12_@nestjs+common@11.1.12_class-transformer@0.5.1_class-validator@0.1_081de5c6d0755692e9d6b4445753904b/node_modules/@nestjs/core/injector/instance-loader.js:56:13
          at async Promise.all (index 5)
      at TestingInstanceLoader.createInstancesOfProviders (../node_modules/.pnpm/@nestjs+core@11.1.12_@nestjs+common@11.1.12_class-transformer@0.5.1_class-validator@0.1_081de5c6d0755692e9d6b4445753904b/node_modules/@nestjs/core/injector/instance-loader.js:55:9)
      at ../node_modules/.pnpm/@nestjs+core@11.1.12_@nestjs+common@11.1.12_class-transformer@0.5.1_class-validator@0.1_081de5c6d0755692e9d6b4445753904b/node_modules/@nestjs/core/injector/instance-loader.js:40:13
          at async Promise.all (index 1)
      at TestingInstanceLoader.createInstances (../node_modules/.pnpm/@nestjs+core@11.1.12_@nestjs+common@11.1.12_class-transformer@0.5.1_class-validator@0.1_081de5c6d0755692e9d6b4445753904b/node_modules/@nestjs/core/injector/instance-loader.js:39:9)
      at TestingInstanceLoader.createInstancesOfDependencies (../node_modules/.pnpm/@nestjs+core@11.1.12_@nestjs+common@11.1.12_class-transformer@0.5.1_class-validator@0.1_081de5c6d0755692e9d6b4445753904b/node_modules/@nestjs/core/injector/instance-loader.js:22:13)
      at TestingInstanceLoader.createInstancesOfDependencies (../node_modules/.pnpm/@nestjs+testing@11.1.12_@nestjs+common@11.1.12_class-transformer@0.5.1_class-validator@_f8f5f7c9bf5f0ea617b1141b11ac9012/node_modules/@nestjs/testing/testing-instance-loader.js:9:9)
      at TestingModuleBuilder.createInstancesOfDependencies (../node_modules/.pnpm/@nestjs+testing@11.1.12_@nestjs+common@11.1.12_class-transformer@0.5.1_class-validator@_f8f5f7c9bf5f0ea617b1141b11ac9012/node_modules/@nestjs/testing/testing-module.builder.js:118:9)
      at TestingModuleBuilder.compile (../node_modules/.pnpm/@nestjs+testing@11.1.12_@nestjs+common@11.1.12_class-transformer@0.5.1_class-validator@_f8f5f7c9bf5f0ea617b1141b11ac9012/node_modules/@nestjs/testing/testing-module.builder.js:74:9)
      at Object.<anonymous> (modules/payments/__tests__/utility-bill-integration.spec.ts:58:14)

  ● Utility Bill Integration Tests › Payment Processing › should generate receipt for a paid bill

    Nest can't resolve dependencies of the PaymentGatewayService (RetryService, CircuitBreakerService, ?). Please make sure that the argument CertificatePinningService at index [2] is available in the RootTestModule context.

    Potential solutions:
    - Is RootTestModule a valid NestJS module?
    - If CertificatePinningService is a provider, is it part of the current RootTestModule?
    - If CertificatePinningService is exported from a separate @Module, is that module imported within RootTestModule?
      @Module({
        imports: [ /* the Module containing CertificatePinningService */ ]
      })

    For more common dependency resolution issues, see: https://docs.nestjs.com/faq/common-errors

      56 |
      57 |   beforeAll(async () => {
    > 58 |     module = await Test.createTestingModule({
         |              ^
      59 |       imports: [
      60 |         ConfigModule.forRoot({
      61 |           isGlobal: true,

      at TestingInjector.lookupComponentInParentModules (../node_modules/.pnpm/@nestjs+core@11.1.12_@nestjs+common@11.1.12_class-transformer@0.5.1_class-validator@0.1_081de5c6d0755692e9d6b4445753904b/node_modules/@nestjs/core/injector/injector.js:290:19)
      at TestingInjector.resolveComponentWrapper (../node_modules/.pnpm/@nestjs+testing@11.1.12_@nestjs+common@11.1.12_class-transformer@0.5.1_class-validator@_f8f5f7c9bf5f0ea617b1141b11ac9012/node_modules/@nestjs/testing/testing-injector.js:19:45)
      at resolveParam (../node_modules/.pnpm/@nestjs+core@11.1.12_@nestjs+common@11.1.12_class-transformer@0.5.1_class-validator@0.1_081de5c6d0755692e9d6b4445753904b/node_modules/@nestjs/core/injector/injector.js:140:38)
          at async Promise.all (index 2)
      at TestingInjector.resolveConstructorParams (../node_modules/.pnpm/@nestjs+core@11.1.12_@nestjs+common@11.1.12_class-transformer@0.5.1_class-validator@0.1_081de5c6d0755692e9d6b4445753904b/node_modules/@nestjs/core/injector/injector.js:169:27)
      at TestingInjector.loadInstance (../node_modules/.pnpm/@nestjs+core@11.1.12_@nestjs+common@11.1.12_class-transformer@0.5.1_class-validator@0.1_081de5c6d0755692e9d6b4445753904b/node_modules/@nestjs/core/injector/injector.js:75:13)
      at TestingInjector.loadProvider (../node_modules/.pnpm/@nestjs+core@11.1.12_@nestjs+common@11.1.12_class-transformer@0.5.1_class-validator@0.1_081de5c6d0755692e9d6b4445753904b/node_modules/@nestjs/core/injector/injector.js:103:9)
      at ../node_modules/.pnpm/@nestjs+core@11.1.12_@nestjs+common@11.1.12_class-transformer@0.5.1_class-validator@0.1_081de5c6d0755692e9d6b4445753904b/node_modules/@nestjs/core/injector/instance-loader.js:56:13
          at async Promise.all (index 5)
      at TestingInstanceLoader.createInstancesOfProviders (../node_modules/.pnpm/@nestjs+core@11.1.12_@nestjs+common@11.1.12_class-transformer@0.5.1_class-validator@0.1_081de5c6d0755692e9d6b4445753904b/node_modules/@nestjs/core/injector/instance-loader.js:55:9)
      at ../node_modules/.pnpm/@nestjs+core@11.1.12_@nestjs+common@11.1.12_class-transformer@0.5.1_class-validator@0.1_081de5c6d0755692e9d6b4445753904b/node_modules/@nestjs/core/injector/instance-loader.js:40:13
          at async Promise.all (index 1)
      at TestingInstanceLoader.createInstances (../node_modules/.pnpm/@nestjs+core@11.1.12_@nestjs+common@11.1.12_class-transformer@0.5.1_class-validator@0.1_081de5c6d0755692e9d6b4445753904b/node_modules/@nestjs/core/injector/instance-loader.js:39:9)
      at TestingInstanceLoader.createInstancesOfDependencies (../node_modules/.pnpm/@nestjs+core@11.1.12_@nestjs+common@11.1.12_class-transformer@0.5.1_class-validator@0.1_081de5c6d0755692e9d6b4445753904b/node_modules/@nestjs/core/injector/instance-loader.js:22:13)
      at TestingInstanceLoader.createInstancesOfDependencies (../node_modules/.pnpm/@nestjs+testing@11.1.12_@nestjs+common@11.1.12_class-transformer@0.5.1_class-validator@_f8f5f7c9bf5f0ea617b1141b11ac9012/node_modules/@nestjs/testing/testing-instance-loader.js:9:9)
      at TestingModuleBuilder.createInstancesOfDependencies (../node_modules/.pnpm/@nestjs+testing@11.1.12_@nestjs+common@11.1.12_class-transformer@0.5.1_class-validator@_f8f5f7c9bf5f0ea617b1141b11ac9012/node_modules/@nestjs/testing/testing-module.builder.js:118:9)
      at TestingModuleBuilder.compile (../node_modules/.pnpm/@nestjs+testing@11.1.12_@nestjs+common@11.1.12_class-transformer@0.5.1_class-validator@_f8f5f7c9bf5f0ea617b1141b11ac9012/node_modules/@nestjs/testing/testing-module.builder.js:74:9)
      at Object.<anonymous> (modules/payments/__tests__/utility-bill-integration.spec.ts:58:14)

  ● Utility Bill Integration Tests › Payment Processing › should reject generating receipt for non-existent bill

    Nest can't resolve dependencies of the PaymentGatewayService (RetryService, CircuitBreakerService, ?). Please make sure that the argument CertificatePinningService at index [2] is available in the RootTestModule context.

    Potential solutions:
    - Is RootTestModule a valid NestJS module?
    - If CertificatePinningService is a provider, is it part of the current RootTestModule?
    - If CertificatePinningService is exported from a separate @Module, is that module imported within RootTestModule?
      @Module({
        imports: [ /* the Module containing CertificatePinningService */ ]
      })

    For more common dependency resolution issues, see: https://docs.nestjs.com/faq/common-errors

      56 |
      57 |   beforeAll(async () => {
    > 58 |     module = await Test.createTestingModule({
         |              ^
      59 |       imports: [
      60 |         ConfigModule.forRoot({
      61 |           isGlobal: true,

      at TestingInjector.lookupComponentInParentModules (../node_modules/.pnpm/@nestjs+core@11.1.12_@nestjs+common@11.1.12_class-transformer@0.5.1_class-validator@0.1_081de5c6d0755692e9d6b4445753904b/node_modules/@nestjs/core/injector/injector.js:290:19)
      at TestingInjector.resolveComponentWrapper (../node_modules/.pnpm/@nestjs+testing@11.1.12_@nestjs+common@11.1.12_class-transformer@0.5.1_class-validator@_f8f5f7c9bf5f0ea617b1141b11ac9012/node_modules/@nestjs/testing/testing-injector.js:19:45)
      at resolveParam (../node_modules/.pnpm/@nestjs+core@11.1.12_@nestjs+common@11.1.12_class-transformer@0.5.1_class-validator@0.1_081de5c6d0755692e9d6b4445753904b/node_modules/@nestjs/core/injector/injector.js:140:38)
          at async Promise.all (index 2)
      at TestingInjector.resolveConstructorParams (../node_modules/.pnpm/@nestjs+core@11.1.12_@nestjs+common@11.1.12_class-transformer@0.5.1_class-validator@0.1_081de5c6d0755692e9d6b4445753904b/node_modules/@nestjs/core/injector/injector.js:169:27)
      at TestingInjector.loadInstance (../node_modules/.pnpm/@nestjs+core@11.1.12_@nestjs+common@11.1.12_class-transformer@0.5.1_class-validator@0.1_081de5c6d0755692e9d6b4445753904b/node_modules/@nestjs/core/injector/injector.js:75:13)
      at TestingInjector.loadProvider (../node_modules/.pnpm/@nestjs+core@11.1.12_@nestjs+common@11.1.12_class-transformer@0.5.1_class-validator@0.1_081de5c6d0755692e9d6b4445753904b/node_modules/@nestjs/core/injector/injector.js:103:9)
      at ../node_modules/.pnpm/@nestjs+core@11.1.12_@nestjs+common@11.1.12_class-transformer@0.5.1_class-validator@0.1_081de5c6d0755692e9d6b4445753904b/node_modules/@nestjs/core/injector/instance-loader.js:56:13
          at async Promise.all (index 5)
      at TestingInstanceLoader.createInstancesOfProviders (../node_modules/.pnpm/@nestjs+core@11.1.12_@nestjs+common@11.1.12_class-transformer@0.5.1_class-validator@0.1_081de5c6d0755692e9d6b4445753904b/node_modules/@nestjs/core/injector/instance-loader.js:55:9)
      at ../node_modules/.pnpm/@nestjs+core@11.1.12_@nestjs+common@11.1.12_class-transformer@0.5.1_class-validator@0.1_081de5c6d0755692e9d6b4445753904b/node_modules/@nestjs/core/injector/instance-loader.js:40:13
          at async Promise.all (index 1)
      at TestingInstanceLoader.createInstances (../node_modules/.pnpm/@nestjs+core@11.1.12_@nestjs+common@11.1.12_class-transformer@0.5.1_class-validator@0.1_081de5c6d0755692e9d6b4445753904b/node_modules/@nestjs/core/injector/instance-loader.js:39:9)
      at TestingInstanceLoader.createInstancesOfDependencies (../node_modules/.pnpm/@nestjs+core@11.1.12_@nestjs+common@11.1.12_class-transformer@0.5.1_class-validator@0.1_081de5c6d0755692e9d6b4445753904b/node_modules/@nestjs/core/injector/instance-loader.js:22:13)
      at TestingInstanceLoader.createInstancesOfDependencies (../node_modules/.pnpm/@nestjs+testing@11.1.12_@nestjs+common@11.1.12_class-transformer@0.5.1_class-validator@_f8f5f7c9bf5f0ea617b1141b11ac9012/node_modules/@nestjs/testing/testing-instance-loader.js:9:9)
      at TestingModuleBuilder.createInstancesOfDependencies (../node_modules/.pnpm/@nestjs+testing@11.1.12_@nestjs+common@11.1.12_class-transformer@0.5.1_class-validator@_f8f5f7c9bf5f0ea617b1141b11ac9012/node_modules/@nestjs/testing/testing-module.builder.js:118:9)
      at TestingModuleBuilder.compile (../node_modules/.pnpm/@nestjs+testing@11.1.12_@nestjs+common@11.1.12_class-transformer@0.5.1_class-validator@_f8f5f7c9bf5f0ea617b1141b11ac9012/node_modules/@nestjs/testing/testing-module.builder.js:74:9)
      at Object.<anonymous> (modules/payments/__tests__/utility-bill-integration.spec.ts:58:14)

  ● Utility Bill Integration Tests › Bill History and Analytics › should provide bill payment analytics summary

    Nest can't resolve dependencies of the PaymentGatewayService (RetryService, CircuitBreakerService, ?). Please make sure that the argument CertificatePinningService at index [2] is available in the RootTestModule context.

    Potential solutions:
    - Is RootTestModule a valid NestJS module?
    - If CertificatePinningService is a provider, is it part of the current RootTestModule?
    - If CertificatePinningService is exported from a separate @Module, is that module imported within RootTestModule?
      @Module({
        imports: [ /* the Module containing CertificatePinningService */ ]
      })

    For more common dependency resolution issues, see: https://docs.nestjs.com/faq/common-errors

      56 |
      57 |   beforeAll(async () => {
    > 58 |     module = await Test.createTestingModule({
         |              ^
      59 |       imports: [
      60 |         ConfigModule.forRoot({
      61 |           isGlobal: true,

      at TestingInjector.lookupComponentInParentModules (../node_modules/.pnpm/@nestjs+core@11.1.12_@nestjs+common@11.1.12_class-transformer@0.5.1_class-validator@0.1_081de5c6d0755692e9d6b4445753904b/node_modules/@nestjs/core/injector/injector.js:290:19)
      at TestingInjector.resolveComponentWrapper (../node_modules/.pnpm/@nestjs+testing@11.1.12_@nestjs+common@11.1.12_class-transformer@0.5.1_class-validator@_f8f5f7c9bf5f0ea617b1141b11ac9012/node_modules/@nestjs/testing/testing-injector.js:19:45)
      at resolveParam (../node_modules/.pnpm/@nestjs+core@11.1.12_@nestjs+common@11.1.12_class-transformer@0.5.1_class-validator@0.1_081de5c6d0755692e9d6b4445753904b/node_modules/@nestjs/core/injector/injector.js:140:38)
          at async Promise.all (index 2)
      at TestingInjector.resolveConstructorParams (../node_modules/.pnpm/@nestjs+core@11.1.12_@nestjs+common@11.1.12_class-transformer@0.5.1_class-validator@0.1_081de5c6d0755692e9d6b4445753904b/node_modules/@nestjs/core/injector/injector.js:169:27)
      at TestingInjector.loadInstance (../node_modules/.pnpm/@nestjs+core@11.1.12_@nestjs+common@11.1.12_class-transformer@0.5.1_class-validator@0.1_081de5c6d0755692e9d6b4445753904b/node_modules/@nestjs/core/injector/injector.js:75:13)
      at TestingInjector.loadProvider (../node_modules/.pnpm/@nestjs+core@11.1.12_@nestjs+common@11.1.12_class-transformer@0.5.1_class-validator@0.1_081de5c6d0755692e9d6b4445753904b/node_modules/@nestjs/core/injector/injector.js:103:9)
      at ../node_modules/.pnpm/@nestjs+core@11.1.12_@nestjs+common@11.1.12_class-transformer@0.5.1_class-validator@0.1_081de5c6d0755692e9d6b4445753904b/node_modules/@nestjs/core/injector/instance-loader.js:56:13
          at async Promise.all (index 5)
      at TestingInstanceLoader.createInstancesOfProviders (../node_modules/.pnpm/@nestjs+core@11.1.12_@nestjs+common@11.1.12_class-transformer@0.5.1_class-validator@0.1_081de5c6d0755692e9d6b4445753904b/node_modules/@nestjs/core/injector/instance-loader.js:55:9)
      at ../node_modules/.pnpm/@nestjs+core@11.1.12_@nestjs+common@11.1.12_class-transformer@0.5.1_class-validator@0.1_081de5c6d0755692e9d6b4445753904b/node_modules/@nestjs/core/injector/instance-loader.js:40:13
          at async Promise.all (index 1)
      at TestingInstanceLoader.createInstances (../node_modules/.pnpm/@nestjs+core@11.1.12_@nestjs+common@11.1.12_class-transformer@0.5.1_class-validator@0.1_081de5c6d0755692e9d6b4445753904b/node_modules/@nestjs/core/injector/instance-loader.js:39:9)
      at TestingInstanceLoader.createInstancesOfDependencies (../node_modules/.pnpm/@nestjs+core@11.1.12_@nestjs+common@11.1.12_class-transformer@0.5.1_class-validator@0.1_081de5c6d0755692e9d6b4445753904b/node_modules/@nestjs/core/injector/instance-loader.js:22:13)
      at TestingInstanceLoader.createInstancesOfDependencies (../node_modules/.pnpm/@nestjs+testing@11.1.12_@nestjs+common@11.1.12_class-transformer@0.5.1_class-validator@_f8f5f7c9bf5f0ea617b1141b11ac9012/node_modules/@nestjs/testing/testing-instance-loader.js:9:9)
      at TestingModuleBuilder.createInstancesOfDependencies (../node_modules/.pnpm/@nestjs+testing@11.1.12_@nestjs+common@11.1.12_class-transformer@0.5.1_class-validator@_f8f5f7c9bf5f0ea617b1141b11ac9012/node_modules/@nestjs/testing/testing-module.builder.js:118:9)
      at TestingModuleBuilder.compile (../node_modules/.pnpm/@nestjs+testing@11.1.12_@nestjs+common@11.1.12_class-transformer@0.5.1_class-validator@_f8f5f7c9bf5f0ea617b1141b11ac9012/node_modules/@nestjs/testing/testing-module.builder.js:74:9)
      at Object.<anonymous> (modules/payments/__tests__/utility-bill-integration.spec.ts:58:14)

  ● Utility Bill Integration Tests › Bill History and Analytics › should track analytics across different periods

    Nest can't resolve dependencies of the PaymentGatewayService (RetryService, CircuitBreakerService, ?). Please make sure that the argument CertificatePinningService at index [2] is available in the RootTestModule context.

    Potential solutions:
    - Is RootTestModule a valid NestJS module?
    - If CertificatePinningService is a provider, is it part of the current RootTestModule?
    - If CertificatePinningService is exported from a separate @Module, is that module imported within RootTestModule?
      @Module({
        imports: [ /* the Module containing CertificatePinningService */ ]
      })

    For more common dependency resolution issues, see: https://docs.nestjs.com/faq/common-errors

      56 |
      57 |   beforeAll(async () => {
    > 58 |     module = await Test.createTestingModule({
         |              ^
      59 |       imports: [
      60 |         ConfigModule.forRoot({
      61 |           isGlobal: true,

      at TestingInjector.lookupComponentInParentModules (../node_modules/.pnpm/@nestjs+core@11.1.12_@nestjs+common@11.1.12_class-transformer@0.5.1_class-validator@0.1_081de5c6d0755692e9d6b4445753904b/node_modules/@nestjs/core/injector/injector.js:290:19)
      at TestingInjector.resolveComponentWrapper (../node_modules/.pnpm/@nestjs+testing@11.1.12_@nestjs+common@11.1.12_class-transformer@0.5.1_class-validator@_f8f5f7c9bf5f0ea617b1141b11ac9012/node_modules/@nestjs/testing/testing-injector.js:19:45)
      at resolveParam (../node_modules/.pnpm/@nestjs+core@11.1.12_@nestjs+common@11.1.12_class-transformer@0.5.1_class-validator@0.1_081de5c6d0755692e9d6b4445753904b/node_modules/@nestjs/core/injector/injector.js:140:38)
          at async Promise.all (index 2)
      at TestingInjector.resolveConstructorParams (../node_modules/.pnpm/@nestjs+core@11.1.12_@nestjs+common@11.1.12_class-transformer@0.5.1_class-validator@0.1_081de5c6d0755692e9d6b4445753904b/node_modules/@nestjs/core/injector/injector.js:169:27)
      at TestingInjector.loadInstance (../node_modules/.pnpm/@nestjs+core@11.1.12_@nestjs+common@11.1.12_class-transformer@0.5.1_class-validator@0.1_081de5c6d0755692e9d6b4445753904b/node_modules/@nestjs/core/injector/injector.js:75:13)
      at TestingInjector.loadProvider (../node_modules/.pnpm/@nestjs+core@11.1.12_@nestjs+common@11.1.12_class-transformer@0.5.1_class-validator@0.1_081de5c6d0755692e9d6b4445753904b/node_modules/@nestjs/core/injector/injector.js:103:9)
      at ../node_modules/.pnpm/@nestjs+core@11.1.12_@nestjs+common@11.1.12_class-transformer@0.5.1_class-validator@0.1_081de5c6d0755692e9d6b4445753904b/node_modules/@nestjs/core/injector/instance-loader.js:56:13
          at async Promise.all (index 5)
      at TestingInstanceLoader.createInstancesOfProviders (../node_modules/.pnpm/@nestjs+core@11.1.12_@nestjs+common@11.1.12_class-transformer@0.5.1_class-validator@0.1_081de5c6d0755692e9d6b4445753904b/node_modules/@nestjs/core/injector/instance-loader.js:55:9)
      at ../node_modules/.pnpm/@nestjs+core@11.1.12_@nestjs+common@11.1.12_class-transformer@0.5.1_class-validator@0.1_081de5c6d0755692e9d6b4445753904b/node_modules/@nestjs/core/injector/instance-loader.js:40:13
          at async Promise.all (index 1)
      at TestingInstanceLoader.createInstances (../node_modules/.pnpm/@nestjs+core@11.1.12_@nestjs+common@11.1.12_class-transformer@0.5.1_class-validator@0.1_081de5c6d0755692e9d6b4445753904b/node_modules/@nestjs/core/injector/instance-loader.js:39:9)
      at TestingInstanceLoader.createInstancesOfDependencies (../node_modules/.pnpm/@nestjs+core@11.1.12_@nestjs+common@11.1.12_class-transformer@0.5.1_class-validator@0.1_081de5c6d0755692e9d6b4445753904b/node_modules/@nestjs/core/injector/instance-loader.js:22:13)
      at TestingInstanceLoader.createInstancesOfDependencies (../node_modules/.pnpm/@nestjs+testing@11.1.12_@nestjs+common@11.1.12_class-transformer@0.5.1_class-validator@_f8f5f7c9bf5f0ea617b1141b11ac9012/node_modules/@nestjs/testing/testing-instance-loader.js:9:9)
      at TestingModuleBuilder.createInstancesOfDependencies (../node_modules/.pnpm/@nestjs+testing@11.1.12_@nestjs+common@11.1.12_class-transformer@0.5.1_class-validator@_f8f5f7c9bf5f0ea617b1141b11ac9012/node_modules/@nestjs/testing/testing-module.builder.js:118:9)
      at TestingModuleBuilder.compile (../node_modules/.pnpm/@nestjs+testing@11.1.12_@nestjs+common@11.1.12_class-transformer@0.5.1_class-validator@_f8f5f7c9bf5f0ea617b1141b11ac9012/node_modules/@nestjs/testing/testing-module.builder.js:74:9)
      at Object.<anonymous> (modules/payments/__tests__/utility-bill-integration.spec.ts:58:14)

  ● Utility Bill Integration Tests › Bill History and Analytics › should track bill history in chronological order

    Nest can't resolve dependencies of the PaymentGatewayService (RetryService, CircuitBreakerService, ?). Please make sure that the argument CertificatePinningService at index [2] is available in the RootTestModule context.

    Potential solutions:
    - Is RootTestModule a valid NestJS module?
    - If CertificatePinningService is a provider, is it part of the current RootTestModule?
    - If CertificatePinningService is exported from a separate @Module, is that module imported within RootTestModule?
      @Module({
        imports: [ /* the Module containing CertificatePinningService */ ]
      })

    For more common dependency resolution issues, see: https://docs.nestjs.com/faq/common-errors

      56 |
      57 |   beforeAll(async () => {
    > 58 |     module = await Test.createTestingModule({
         |              ^
      59 |       imports: [
      60 |         ConfigModule.forRoot({
      61 |           isGlobal: true,

      at TestingInjector.lookupComponentInParentModules (../node_modules/.pnpm/@nestjs+core@11.1.12_@nestjs+common@11.1.12_class-transformer@0.5.1_class-validator@0.1_081de5c6d0755692e9d6b4445753904b/node_modules/@nestjs/core/injector/injector.js:290:19)
      at TestingInjector.resolveComponentWrapper (../node_modules/.pnpm/@nestjs+testing@11.1.12_@nestjs+common@11.1.12_class-transformer@0.5.1_class-validator@_f8f5f7c9bf5f0ea617b1141b11ac9012/node_modules/@nestjs/testing/testing-injector.js:19:45)
      at resolveParam (../node_modules/.pnpm/@nestjs+core@11.1.12_@nestjs+common@11.1.12_class-transformer@0.5.1_class-validator@0.1_081de5c6d0755692e9d6b4445753904b/node_modules/@nestjs/core/injector/injector.js:140:38)
          at async Promise.all (index 2)
      at TestingInjector.resolveConstructorParams (../node_modules/.pnpm/@nestjs+core@11.1.12_@nestjs+common@11.1.12_class-transformer@0.5.1_class-validator@0.1_081de5c6d0755692e9d6b4445753904b/node_modules/@nestjs/core/injector/injector.js:169:27)
      at TestingInjector.loadInstance (../node_modules/.pnpm/@nestjs+core@11.1.12_@nestjs+common@11.1.12_class-transformer@0.5.1_class-validator@0.1_081de5c6d0755692e9d6b4445753904b/node_modules/@nestjs/core/injector/injector.js:75:13)
      at TestingInjector.loadProvider (../node_modules/.pnpm/@nestjs+core@11.1.12_@nestjs+common@11.1.12_class-transformer@0.5.1_class-validator@0.1_081de5c6d0755692e9d6b4445753904b/node_modules/@nestjs/core/injector/injector.js:103:9)
      at ../node_modules/.pnpm/@nestjs+core@11.1.12_@nestjs+common@11.1.12_class-transformer@0.5.1_class-validator@0.1_081de5c6d0755692e9d6b4445753904b/node_modules/@nestjs/core/injector/instance-loader.js:56:13
          at async Promise.all (index 5)
      at TestingInstanceLoader.createInstancesOfProviders (../node_modules/.pnpm/@nestjs+core@11.1.12_@nestjs+common@11.1.12_class-transformer@0.5.1_class-validator@0.1_081de5c6d0755692e9d6b4445753904b/node_modules/@nestjs/core/injector/instance-loader.js:55:9)
      at ../node_modules/.pnpm/@nestjs+core@11.1.12_@nestjs+common@11.1.12_class-transformer@0.5.1_class-validator@0.1_081de5c6d0755692e9d6b4445753904b/node_modules/@nestjs/core/injector/instance-loader.js:40:13
          at async Promise.all (index 1)
      at TestingInstanceLoader.createInstances (../node_modules/.pnpm/@nestjs+core@11.1.12_@nestjs+common@11.1.12_class-transformer@0.5.1_class-validator@0.1_081de5c6d0755692e9d6b4445753904b/node_modules/@nestjs/core/injector/instance-loader.js:39:9)
      at TestingInstanceLoader.createInstancesOfDependencies (../node_modules/.pnpm/@nestjs+core@11.1.12_@nestjs+common@11.1.12_class-transformer@0.5.1_class-validator@0.1_081de5c6d0755692e9d6b4445753904b/node_modules/@nestjs/core/injector/instance-loader.js:22:13)
      at TestingInstanceLoader.createInstancesOfDependencies (../node_modules/.pnpm/@nestjs+testing@11.1.12_@nestjs+common@11.1.12_class-transformer@0.5.1_class-validator@_f8f5f7c9bf5f0ea617b1141b11ac9012/node_modules/@nestjs/testing/testing-instance-loader.js:9:9)
      at TestingModuleBuilder.createInstancesOfDependencies (../node_modules/.pnpm/@nestjs+testing@11.1.12_@nestjs+common@11.1.12_class-transformer@0.5.1_class-validator@_f8f5f7c9bf5f0ea617b1141b11ac9012/node_modules/@nestjs/testing/testing-module.builder.js:118:9)
      at TestingModuleBuilder.compile (../node_modules/.pnpm/@nestjs+testing@11.1.12_@nestjs+common@11.1.12_class-transformer@0.5.1_class-validator@_f8f5f7c9bf5f0ea617b1141b11ac9012/node_modules/@nestjs/testing/testing-module.builder.js:74:9)
      at Object.<anonymous> (modules/payments/__tests__/utility-bill-integration.spec.ts:58:14)

  ● Utility Bill Integration Tests › Bill History and Analytics › should include refunded amounts in analytics

    Nest can't resolve dependencies of the PaymentGatewayService (RetryService, CircuitBreakerService, ?). Please make sure that the argument CertificatePinningService at index [2] is available in the RootTestModule context.

    Potential solutions:
    - Is RootTestModule a valid NestJS module?
    - If CertificatePinningService is a provider, is it part of the current RootTestModule?
    - If CertificatePinningService is exported from a separate @Module, is that module imported within RootTestModule?
      @Module({
        imports: [ /* the Module containing CertificatePinningService */ ]
      })

    For more common dependency resolution issues, see: https://docs.nestjs.com/faq/common-errors

      56 |
      57 |   beforeAll(async () => {
    > 58 |     module = await Test.createTestingModule({
         |              ^
      59 |       imports: [
      60 |         ConfigModule.forRoot({
      61 |           isGlobal: true,

      at TestingInjector.lookupComponentInParentModules (../node_modules/.pnpm/@nestjs+core@11.1.12_@nestjs+common@11.1.12_class-transformer@0.5.1_class-validator@0.1_081de5c6d0755692e9d6b4445753904b/node_modules/@nestjs/core/injector/injector.js:290:19)
      at TestingInjector.resolveComponentWrapper (../node_modules/.pnpm/@nestjs+testing@11.1.12_@nestjs+common@11.1.12_class-transformer@0.5.1_class-validator@_f8f5f7c9bf5f0ea617b1141b11ac9012/node_modules/@nestjs/testing/testing-injector.js:19:45)
      at resolveParam (../node_modules/.pnpm/@nestjs+core@11.1.12_@nestjs+common@11.1.12_class-transformer@0.5.1_class-validator@0.1_081de5c6d0755692e9d6b4445753904b/node_modules/@nestjs/core/injector/injector.js:140:38)
          at async Promise.all (index 2)
      at TestingInjector.resolveConstructorParams (../node_modules/.pnpm/@nestjs+core@11.1.12_@nestjs+common@11.1.12_class-transformer@0.5.1_class-validator@0.1_081de5c6d0755692e9d6b4445753904b/node_modules/@nestjs/core/injector/injector.js:169:27)
      at TestingInjector.loadInstance (../node_modules/.pnpm/@nestjs+core@11.1.12_@nestjs+common@11.1.12_class-transformer@0.5.1_class-validator@0.1_081de5c6d0755692e9d6b4445753904b/node_modules/@nestjs/core/injector/injector.js:75:13)
      at TestingInjector.loadProvider (../node_modules/.pnpm/@nestjs+core@11.1.12_@nestjs+common@11.1.12_class-transformer@0.5.1_class-validator@0.1_081de5c6d0755692e9d6b4445753904b/node_modules/@nestjs/core/injector/injector.js:103:9)
      at ../node_modules/.pnpm/@nestjs+core@11.1.12_@nestjs+common@11.1.12_class-transformer@0.5.1_class-validator@0.1_081de5c6d0755692e9d6b4445753904b/node_modules/@nestjs/core/injector/instance-loader.js:56:13
          at async Promise.all (index 5)
      at TestingInstanceLoader.createInstancesOfProviders (../node_modules/.pnpm/@nestjs+core@11.1.12_@nestjs+common@11.1.12_class-transformer@0.5.1_class-validator@0.1_081de5c6d0755692e9d6b4445753904b/node_modules/@nestjs/core/injector/instance-loader.js:55:9)
      at ../node_modules/.pnpm/@nestjs+core@11.1.12_@nestjs+common@11.1.12_class-transformer@0.5.1_class-validator@0.1_081de5c6d0755692e9d6b4445753904b/node_modules/@nestjs/core/injector/instance-loader.js:40:13
          at async Promise.all (index 1)
      at TestingInstanceLoader.createInstances (../node_modules/.pnpm/@nestjs+core@11.1.12_@nestjs+common@11.1.12_class-transformer@0.5.1_class-validator@0.1_081de5c6d0755692e9d6b4445753904b/node_modules/@nestjs/core/injector/instance-loader.js:39:9)
      at TestingInstanceLoader.createInstancesOfDependencies (../node_modules/.pnpm/@nestjs+core@11.1.12_@nestjs+common@11.1.12_class-transformer@0.5.1_class-validator@0.1_081de5c6d0755692e9d6b4445753904b/node_modules/@nestjs/core/injector/instance-loader.js:22:13)
      at TestingInstanceLoader.createInstancesOfDependencies (../node_modules/.pnpm/@nestjs+testing@11.1.12_@nestjs+common@11.1.12_class-transformer@0.5.1_class-validator@_f8f5f7c9bf5f0ea617b1141b11ac9012/node_modules/@nestjs/testing/testing-instance-loader.js:9:9)
      at TestingModuleBuilder.createInstancesOfDependencies (../node_modules/.pnpm/@nestjs+testing@11.1.12_@nestjs+common@11.1.12_class-transformer@0.5.1_class-validator@_f8f5f7c9bf5f0ea617b1141b11ac9012/node_modules/@nestjs/testing/testing-module.builder.js:118:9)
      at TestingModuleBuilder.compile (../node_modules/.pnpm/@nestjs+testing@11.1.12_@nestjs+common@11.1.12_class-transformer@0.5.1_class-validator@_f8f5f7c9bf5f0ea617b1141b11ac9012/node_modules/@nestjs/testing/testing-module.builder.js:74:9)
      at Object.<anonymous> (modules/payments/__tests__/utility-bill-integration.spec.ts:58:14)

  ● Utility Bill Integration Tests › Dispute Handling › should process refund on disputed bill

    Nest can't resolve dependencies of the PaymentGatewayService (RetryService, CircuitBreakerService, ?). Please make sure that the argument CertificatePinningService at index [2] is available in the RootTestModule context.

    Potential solutions:
    - Is RootTestModule a valid NestJS module?
    - If CertificatePinningService is a provider, is it part of the current RootTestModule?
    - If CertificatePinningService is exported from a separate @Module, is that module imported within RootTestModule?
      @Module({
        imports: [ /* the Module containing CertificatePinningService */ ]
      })

    For more common dependency resolution issues, see: https://docs.nestjs.com/faq/common-errors

      56 |
      57 |   beforeAll(async () => {
    > 58 |     module = await Test.createTestingModule({
         |              ^
      59 |       imports: [
      60 |         ConfigModule.forRoot({
      61 |           isGlobal: true,

      at TestingInjector.lookupComponentInParentModules (../node_modules/.pnpm/@nestjs+core@11.1.12_@nestjs+common@11.1.12_class-transformer@0.5.1_class-validator@0.1_081de5c6d0755692e9d6b4445753904b/node_modules/@nestjs/core/injector/injector.js:290:19)
      at TestingInjector.resolveComponentWrapper (../node_modules/.pnpm/@nestjs+testing@11.1.12_@nestjs+common@11.1.12_class-transformer@0.5.1_class-validator@_f8f5f7c9bf5f0ea617b1141b11ac9012/node_modules/@nestjs/testing/testing-injector.js:19:45)
      at resolveParam (../node_modules/.pnpm/@nestjs+core@11.1.12_@nestjs+common@11.1.12_class-transformer@0.5.1_class-validator@0.1_081de5c6d0755692e9d6b4445753904b/node_modules/@nestjs/core/injector/injector.js:140:38)
          at async Promise.all (index 2)
      at TestingInjector.resolveConstructorParams (../node_modules/.pnpm/@nestjs+core@11.1.12_@nestjs+common@11.1.12_class-transformer@0.5.1_class-validator@0.1_081de5c6d0755692e9d6b4445753904b/node_modules/@nestjs/core/injector/injector.js:169:27)
      at TestingInjector.loadInstance (../node_modules/.pnpm/@nestjs+core@11.1.12_@nestjs+common@11.1.12_class-transformer@0.5.1_class-validator@0.1_081de5c6d0755692e9d6b4445753904b/node_modules/@nestjs/core/injector/injector.js:75:13)
      at TestingInjector.loadProvider (../node_modules/.pnpm/@nestjs+core@11.1.12_@nestjs+common@11.1.12_class-transformer@0.5.1_class-validator@0.1_081de5c6d0755692e9d6b4445753904b/node_modules/@nestjs/core/injector/injector.js:103:9)
      at ../node_modules/.pnpm/@nestjs+core@11.1.12_@nestjs+common@11.1.12_class-transformer@0.5.1_class-validator@0.1_081de5c6d0755692e9d6b4445753904b/node_modules/@nestjs/core/injector/instance-loader.js:56:13
          at async Promise.all (index 5)
      at TestingInstanceLoader.createInstancesOfProviders (../node_modules/.pnpm/@nestjs+core@11.1.12_@nestjs+common@11.1.12_class-transformer@0.5.1_class-validator@0.1_081de5c6d0755692e9d6b4445753904b/node_modules/@nestjs/core/injector/instance-loader.js:55:9)
      at ../node_modules/.pnpm/@nestjs+core@11.1.12_@nestjs+common@11.1.12_class-transformer@0.5.1_class-validator@0.1_081de5c6d0755692e9d6b4445753904b/node_modules/@nestjs/core/injector/instance-loader.js:40:13
          at async Promise.all (index 1)
      at TestingInstanceLoader.createInstances (../node_modules/.pnpm/@nestjs+core@11.1.12_@nestjs+common@11.1.12_class-transformer@0.5.1_class-validator@0.1_081de5c6d0755692e9d6b4445753904b/node_modules/@nestjs/core/injector/instance-loader.js:39:9)
      at TestingInstanceLoader.createInstancesOfDependencies (../node_modules/.pnpm/@nestjs+core@11.1.12_@nestjs+common@11.1.12_class-transformer@0.5.1_class-validator@0.1_081de5c6d0755692e9d6b4445753904b/node_modules/@nestjs/core/injector/instance-loader.js:22:13)
      at TestingInstanceLoader.createInstancesOfDependencies (../node_modules/.pnpm/@nestjs+testing@11.1.12_@nestjs+common@11.1.12_class-transformer@0.5.1_class-validator@_f8f5f7c9bf5f0ea617b1141b11ac9012/node_modules/@nestjs/testing/testing-instance-loader.js:9:9)
      at TestingModuleBuilder.createInstancesOfDependencies (../node_modules/.pnpm/@nestjs+testing@11.1.12_@nestjs+common@11.1.12_class-transformer@0.5.1_class-validator@_f8f5f7c9bf5f0ea617b1141b11ac9012/node_modules/@nestjs/testing/testing-module.builder.js:118:9)
      at TestingModuleBuilder.compile (../node_modules/.pnpm/@nestjs+testing@11.1.12_@nestjs+common@11.1.12_class-transformer@0.5.1_class-validator@_f8f5f7c9bf5f0ea617b1141b11ac9012/node_modules/@nestjs/testing/testing-module.builder.js:74:9)
      at Object.<anonymous> (modules/payments/__tests__/utility-bill-integration.spec.ts:58:14)

  ● Utility Bill Integration Tests › Dispute Handling › should partial refund on partially disputed bill

    Nest can't resolve dependencies of the PaymentGatewayService (RetryService, CircuitBreakerService, ?). Please make sure that the argument CertificatePinningService at index [2] is available in the RootTestModule context.

    Potential solutions:
    - Is RootTestModule a valid NestJS module?
    - If CertificatePinningService is a provider, is it part of the current RootTestModule?
    - If CertificatePinningService is exported from a separate @Module, is that module imported within RootTestModule?
      @Module({
        imports: [ /* the Module containing CertificatePinningService */ ]
      })

    For more common dependency resolution issues, see: https://docs.nestjs.com/faq/common-errors

      56 |
      57 |   beforeAll(async () => {
    > 58 |     module = await Test.createTestingModule({
         |              ^
      59 |       imports: [
      60 |         ConfigModule.forRoot({
      61 |           isGlobal: true,

      at TestingInjector.lookupComponentInParentModules (../node_modules/.pnpm/@nestjs+core@11.1.12_@nestjs+common@11.1.12_class-transformer@0.5.1_class-validator@0.1_081de5c6d0755692e9d6b4445753904b/node_modules/@nestjs/core/injector/injector.js:290:19)
      at TestingInjector.resolveComponentWrapper (../node_modules/.pnpm/@nestjs+testing@11.1.12_@nestjs+common@11.1.12_class-transformer@0.5.1_class-validator@_f8f5f7c9bf5f0ea617b1141b11ac9012/node_modules/@nestjs/testing/testing-injector.js:19:45)
      at resolveParam (../node_modules/.pnpm/@nestjs+core@11.1.12_@nestjs+common@11.1.12_class-transformer@0.5.1_class-validator@0.1_081de5c6d0755692e9d6b4445753904b/node_modules/@nestjs/core/injector/injector.js:140:38)
          at async Promise.all (index 2)
      at TestingInjector.resolveConstructorParams (../node_modules/.pnpm/@nestjs+core@11.1.12_@nestjs+common@11.1.12_class-transformer@0.5.1_class-validator@0.1_081de5c6d0755692e9d6b4445753904b/node_modules/@nestjs/core/injector/injector.js:169:27)
      at TestingInjector.loadInstance (../node_modules/.pnpm/@nestjs+core@11.1.12_@nestjs+common@11.1.12_class-transformer@0.5.1_class-validator@0.1_081de5c6d0755692e9d6b4445753904b/node_modules/@nestjs/core/injector/injector.js:75:13)
      at TestingInjector.loadProvider (../node_modules/.pnpm/@nestjs+core@11.1.12_@nestjs+common@11.1.12_class-transformer@0.5.1_class-validator@0.1_081de5c6d0755692e9d6b4445753904b/node_modules/@nestjs/core/injector/injector.js:103:9)
      at ../node_modules/.pnpm/@nestjs+core@11.1.12_@nestjs+common@11.1.12_class-transformer@0.5.1_class-validator@0.1_081de5c6d0755692e9d6b4445753904b/node_modules/@nestjs/core/injector/instance-loader.js:56:13
          at async Promise.all (index 5)
      at TestingInstanceLoader.createInstancesOfProviders (../node_modules/.pnpm/@nestjs+core@11.1.12_@nestjs+common@11.1.12_class-transformer@0.5.1_class-validator@0.1_081de5c6d0755692e9d6b4445753904b/node_modules/@nestjs/core/injector/instance-loader.js:55:9)
      at ../node_modules/.pnpm/@nestjs+core@11.1.12_@nestjs+common@11.1.12_class-transformer@0.5.1_class-validator@0.1_081de5c6d0755692e9d6b4445753904b/node_modules/@nestjs/core/injector/instance-loader.js:40:13
          at async Promise.all (index 1)
      at TestingInstanceLoader.createInstances (../node_modules/.pnpm/@nestjs+core@11.1.12_@nestjs+common@11.1.12_class-transformer@0.5.1_class-validator@0.1_081de5c6d0755692e9d6b4445753904b/node_modules/@nestjs/core/injector/instance-loader.js:39:9)
      at TestingInstanceLoader.createInstancesOfDependencies (../node_modules/.pnpm/@nestjs+core@11.1.12_@nestjs+common@11.1.12_class-transformer@0.5.1_class-validator@0.1_081de5c6d0755692e9d6b4445753904b/node_modules/@nestjs/core/injector/instance-loader.js:22:13)
      at TestingInstanceLoader.createInstancesOfDependencies (../node_modules/.pnpm/@nestjs+testing@11.1.12_@nestjs+common@11.1.12_class-transformer@0.5.1_class-validator@_f8f5f7c9bf5f0ea617b1141b11ac9012/node_modules/@nestjs/testing/testing-instance-loader.js:9:9)
      at TestingModuleBuilder.createInstancesOfDependencies (../node_modules/.pnpm/@nestjs+testing@11.1.12_@nestjs+common@11.1.12_class-transformer@0.5.1_class-validator@_f8f5f7c9bf5f0ea617b1141b11ac9012/node_modules/@nestjs/testing/testing-module.builder.js:118:9)
      at TestingModuleBuilder.compile (../node_modules/.pnpm/@nestjs+testing@11.1.12_@nestjs+common@11.1.12_class-transformer@0.5.1_class-validator@_f8f5f7c9bf5f0ea617b1141b11ac9012/node_modules/@nestjs/testing/testing-module.builder.js:74:9)
      at Object.<anonymous> (modules/payments/__tests__/utility-bill-integration.spec.ts:58:14)

  ● Utility Bill Integration Tests › Dispute Handling › should prevent double refund on same disputed bill

    Nest can't resolve dependencies of the PaymentGatewayService (RetryService, CircuitBreakerService, ?). Please make sure that the argument CertificatePinningService at index [2] is available in the RootTestModule context.

    Potential solutions:
    - Is RootTestModule a valid NestJS module?
    - If CertificatePinningService is a provider, is it part of the current RootTestModule?
    - If CertificatePinningService is exported from a separate @Module, is that module imported within RootTestModule?
      @Module({
        imports: [ /* the Module containing CertificatePinningService */ ]
      })

    For more common dependency resolution issues, see: https://docs.nestjs.com/faq/common-errors

      56 |
      57 |   beforeAll(async () => {
    > 58 |     module = await Test.createTestingModule({
         |              ^
      59 |       imports: [
      60 |         ConfigModule.forRoot({
      61 |           isGlobal: true,

      at TestingInjector.lookupComponentInParentModules (../node_modules/.pnpm/@nestjs+core@11.1.12_@nestjs+common@11.1.12_class-transformer@0.5.1_class-validator@0.1_081de5c6d0755692e9d6b4445753904b/node_modules/@nestjs/core/injector/injector.js:290:19)
      at TestingInjector.resolveComponentWrapper (../node_modules/.pnpm/@nestjs+testing@11.1.12_@nestjs+common@11.1.12_class-transformer@0.5.1_class-validator@_f8f5f7c9bf5f0ea617b1141b11ac9012/node_modules/@nestjs/testing/testing-injector.js:19:45)
      at resolveParam (../node_modules/.pnpm/@nestjs+core@11.1.12_@nestjs+common@11.1.12_class-transformer@0.5.1_class-validator@0.1_081de5c6d0755692e9d6b4445753904b/node_modules/@nestjs/core/injector/injector.js:140:38)
          at async Promise.all (index 2)
      at TestingInjector.resolveConstructorParams (../node_modules/.pnpm/@nestjs+core@11.1.12_@nestjs+common@11.1.12_class-transformer@0.5.1_class-validator@0.1_081de5c6d0755692e9d6b4445753904b/node_modules/@nestjs/core/injector/injector.js:169:27)
      at TestingInjector.loadInstance (../node_modules/.pnpm/@nestjs+core@11.1.12_@nestjs+common@11.1.12_class-transformer@0.5.1_class-validator@0.1_081de5c6d0755692e9d6b4445753904b/node_modules/@nestjs/core/injector/injector.js:75:13)
      at TestingInjector.loadProvider (../node_modules/.pnpm/@nestjs+core@11.1.12_@nestjs+common@11.1.12_class-transformer@0.5.1_class-validator@0.1_081de5c6d0755692e9d6b4445753904b/node_modules/@nestjs/core/injector/injector.js:103:9)
      at ../node_modules/.pnpm/@nestjs+core@11.1.12_@nestjs+common@11.1.12_class-transformer@0.5.1_class-validator@0.1_081de5c6d0755692e9d6b4445753904b/node_modules/@nestjs/core/injector/instance-loader.js:56:13
          at async Promise.all (index 5)
      at TestingInstanceLoader.createInstancesOfProviders (../node_modules/.pnpm/@nestjs+core@11.1.12_@nestjs+common@11.1.12_class-transformer@0.5.1_class-validator@0.1_081de5c6d0755692e9d6b4445753904b/node_modules/@nestjs/core/injector/instance-loader.js:55:9)
      at ../node_modules/.pnpm/@nestjs+core@11.1.12_@nestjs+common@11.1.12_class-transformer@0.5.1_class-validator@0.1_081de5c6d0755692e9d6b4445753904b/node_modules/@nestjs/core/injector/instance-loader.js:40:13
          at async Promise.all (index 1)
      at TestingInstanceLoader.createInstances (../node_modules/.pnpm/@nestjs+core@11.1.12_@nestjs+common@11.1.12_class-transformer@0.5.1_class-validator@0.1_081de5c6d0755692e9d6b4445753904b/node_modules/@nestjs/core/injector/instance-loader.js:39:9)
      at TestingInstanceLoader.createInstancesOfDependencies (../node_modules/.pnpm/@nestjs+core@11.1.12_@nestjs+common@11.1.12_class-transformer@0.5.1_class-validator@0.1_081de5c6d0755692e9d6b4445753904b/node_modules/@nestjs/core/injector/instance-loader.js:22:13)
      at TestingInstanceLoader.createInstancesOfDependencies (../node_modules/.pnpm/@nestjs+testing@11.1.12_@nestjs+common@11.1.12_class-transformer@0.5.1_class-validator@_f8f5f7c9bf5f0ea617b1141b11ac9012/node_modules/@nestjs/testing/testing-instance-loader.js:9:9)
      at TestingModuleBuilder.createInstancesOfDependencies (../node_modules/.pnpm/@nestjs+testing@11.1.12_@nestjs+common@11.1.12_class-transformer@0.5.1_class-validator@_f8f5f7c9bf5f0ea617b1141b11ac9012/node_modules/@nestjs/testing/testing-module.builder.js:118:9)
      at TestingModuleBuilder.compile (../node_modules/.pnpm/@nestjs+testing@11.1.12_@nestjs+common@11.1.12_class-transformer@0.5.1_class-validator@_f8f5f7c9bf5f0ea617b1141b11ac9012/node_modules/@nestjs/testing/testing-module.builder.js:74:9)
      at Object.<anonymous> (modules/payments/__tests__/utility-bill-integration.spec.ts:58:14)

  ● Utility Bill Integration Tests › Dispute Handling › should track dispute resolution in bill history

    Nest can't resolve dependencies of the PaymentGatewayService (RetryService, CircuitBreakerService, ?). Please make sure that the argument CertificatePinningService at index [2] is available in the RootTestModule context.

    Potential solutions:
    - Is RootTestModule a valid NestJS module?
    - If CertificatePinningService is a provider, is it part of the current RootTestModule?
    - If CertificatePinningService is exported from a separate @Module, is that module imported within RootTestModule?
      @Module({
        imports: [ /* the Module containing CertificatePinningService */ ]
      })

    For more common dependency resolution issues, see: https://docs.nestjs.com/faq/common-errors

      56 |
      57 |   beforeAll(async () => {
    > 58 |     module = await Test.createTestingModule({
         |              ^
      59 |       imports: [
      60 |         ConfigModule.forRoot({
      61 |           isGlobal: true,

      at TestingInjector.lookupComponentInParentModules (../node_modules/.pnpm/@nestjs+core@11.1.12_@nestjs+common@11.1.12_class-transformer@0.5.1_class-validator@0.1_081de5c6d0755692e9d6b4445753904b/node_modules/@nestjs/core/injector/injector.js:290:19)
      at TestingInjector.resolveComponentWrapper (../node_modules/.pnpm/@nestjs+testing@11.1.12_@nestjs+common@11.1.12_class-transformer@0.5.1_class-validator@_f8f5f7c9bf5f0ea617b1141b11ac9012/node_modules/@nestjs/testing/testing-injector.js:19:45)
      at resolveParam (../node_modules/.pnpm/@nestjs+core@11.1.12_@nestjs+common@11.1.12_class-transformer@0.5.1_class-validator@0.1_081de5c6d0755692e9d6b4445753904b/node_modules/@nestjs/core/injector/injector.js:140:38)
          at async Promise.all (index 2)
      at TestingInjector.resolveConstructorParams (../node_modules/.pnpm/@nestjs+core@11.1.12_@nestjs+common@11.1.12_class-transformer@0.5.1_class-validator@0.1_081de5c6d0755692e9d6b4445753904b/node_modules/@nestjs/core/injector/injector.js:169:27)
      at TestingInjector.loadInstance (../node_modules/.pnpm/@nestjs+core@11.1.12_@nestjs+common@11.1.12_class-transformer@0.5.1_class-validator@0.1_081de5c6d0755692e9d6b4445753904b/node_modules/@nestjs/core/injector/injector.js:75:13)
      at TestingInjector.loadProvider (../node_modules/.pnpm/@nestjs+core@11.1.12_@nestjs+common@11.1.12_class-transformer@0.5.1_class-validator@0.1_081de5c6d0755692e9d6b4445753904b/node_modules/@nestjs/core/injector/injector.js:103:9)
      at ../node_modules/.pnpm/@nestjs+core@11.1.12_@nestjs+common@11.1.12_class-transformer@0.5.1_class-validator@0.1_081de5c6d0755692e9d6b4445753904b/node_modules/@nestjs/core/injector/instance-loader.js:56:13
          at async Promise.all (index 5)
      at TestingInstanceLoader.createInstancesOfProviders (../node_modules/.pnpm/@nestjs+core@11.1.12_@nestjs+common@11.1.12_class-transformer@0.5.1_class-validator@0.1_081de5c6d0755692e9d6b4445753904b/node_modules/@nestjs/core/injector/instance-loader.js:55:9)
      at ../node_modules/.pnpm/@nestjs+core@11.1.12_@nestjs+common@11.1.12_class-transformer@0.5.1_class-validator@0.1_081de5c6d0755692e9d6b4445753904b/node_modules/@nestjs/core/injector/instance-loader.js:40:13
          at async Promise.all (index 1)
      at TestingInstanceLoader.createInstances (../node_modules/.pnpm/@nestjs+core@11.1.12_@nestjs+common@11.1.12_class-transformer@0.5.1_class-validator@0.1_081de5c6d0755692e9d6b4445753904b/node_modules/@nestjs/core/injector/instance-loader.js:39:9)
      at TestingInstanceLoader.createInstancesOfDependencies (../node_modules/.pnpm/@nestjs+core@11.1.12_@nestjs+common@11.1.12_class-transformer@0.5.1_class-validator@0.1_081de5c6d0755692e9d6b4445753904b/node_modules/@nestjs/core/injector/instance-loader.js:22:13)
      at TestingInstanceLoader.createInstancesOfDependencies (../node_modules/.pnpm/@nestjs+testing@11.1.12_@nestjs+common@11.1.12_class-transformer@0.5.1_class-validator@_f8f5f7c9bf5f0ea617b1141b11ac9012/node_modules/@nestjs/testing/testing-instance-loader.js:9:9)
      at TestingModuleBuilder.createInstancesOfDependencies (../node_modules/.pnpm/@nestjs+testing@11.1.12_@nestjs+common@11.1.12_class-transformer@0.5.1_class-validator@_f8f5f7c9bf5f0ea617b1141b11ac9012/node_modules/@nestjs/testing/testing-module.builder.js:118:9)
      at TestingModuleBuilder.compile (../node_modules/.pnpm/@nestjs+testing@11.1.12_@nestjs+common@11.1.12_class-transformer@0.5.1_class-validator@_f8f5f7c9bf5f0ea617b1141b11ac9012/node_modules/@nestjs/testing/testing-module.builder.js:74:9)
      at Object.<anonymous> (modules/payments/__tests__/utility-bill-integration.spec.ts:58:14)

  ● Utility Bill Integration Tests › Edge Cases and Error Scenarios › should handle concurrent bill submissions

    Nest can't resolve dependencies of the PaymentGatewayService (RetryService, CircuitBreakerService, ?). Please make sure that the argument CertificatePinningService at index [2] is available in the RootTestModule context.

    Potential solutions:
    - Is RootTestModule a valid NestJS module?
    - If CertificatePinningService is a provider, is it part of the current RootTestModule?
    - If CertificatePinningService is exported from a separate @Module, is that module imported within RootTestModule?
      @Module({
        imports: [ /* the Module containing CertificatePinningService */ ]
      })

    For more common dependency resolution issues, see: https://docs.nestjs.com/faq/common-errors

      56 |
      57 |   beforeAll(async () => {
    > 58 |     module = await Test.createTestingModule({
         |              ^
      59 |       imports: [
      60 |         ConfigModule.forRoot({
      61 |           isGlobal: true,

      at TestingInjector.lookupComponentInParentModules (../node_modules/.pnpm/@nestjs+core@11.1.12_@nestjs+common@11.1.12_class-transformer@0.5.1_class-validator@0.1_081de5c6d0755692e9d6b4445753904b/node_modules/@nestjs/core/injector/injector.js:290:19)
      at TestingInjector.resolveComponentWrapper (../node_modules/.pnpm/@nestjs+testing@11.1.12_@nestjs+common@11.1.12_class-transformer@0.5.1_class-validator@_f8f5f7c9bf5f0ea617b1141b11ac9012/node_modules/@nestjs/testing/testing-injector.js:19:45)
      at resolveParam (../node_modules/.pnpm/@nestjs+core@11.1.12_@nestjs+common@11.1.12_class-transformer@0.5.1_class-validator@0.1_081de5c6d0755692e9d6b4445753904b/node_modules/@nestjs/core/injector/injector.js:140:38)
          at async Promise.all (index 2)
      at TestingInjector.resolveConstructorParams (../node_modules/.pnpm/@nestjs+core@11.1.12_@nestjs+common@11.1.12_class-transformer@0.5.1_class-validator@0.1_081de5c6d0755692e9d6b4445753904b/node_modules/@nestjs/core/injector/injector.js:169:27)
      at TestingInjector.loadInstance (../node_modules/.pnpm/@nestjs+core@11.1.12_@nestjs+common@11.1.12_class-transformer@0.5.1_class-validator@0.1_081de5c6d0755692e9d6b4445753904b/node_modules/@nestjs/core/injector/injector.js:75:13)
      at TestingInjector.loadProvider (../node_modules/.pnpm/@nestjs+core@11.1.12_@nestjs+common@11.1.12_class-transformer@0.5.1_class-validator@0.1_081de5c6d0755692e9d6b4445753904b/node_modules/@nestjs/core/injector/injector.js:103:9)
      at ../node_modules/.pnpm/@nestjs+core@11.1.12_@nestjs+common@11.1.12_class-transformer@0.5.1_class-validator@0.1_081de5c6d0755692e9d6b4445753904b/node_modules/@nestjs/core/injector/instance-loader.js:56:13
          at async Promise.all (index 5)
      at TestingInstanceLoader.createInstancesOfProviders (../node_modules/.pnpm/@nestjs+core@11.1.12_@nestjs+common@11.1.12_class-transformer@0.5.1_class-validator@0.1_081de5c6d0755692e9d6b4445753904b/node_modules/@nestjs/core/injector/instance-loader.js:55:9)
      at ../node_modules/.pnpm/@nestjs+core@11.1.12_@nestjs+common@11.1.12_class-transformer@0.5.1_class-validator@0.1_081de5c6d0755692e9d6b4445753904b/node_modules/@nestjs/core/injector/instance-loader.js:40:13
          at async Promise.all (index 1)
      at TestingInstanceLoader.createInstances (../node_modules/.pnpm/@nestjs+core@11.1.12_@nestjs+common@11.1.12_class-transformer@0.5.1_class-validator@0.1_081de5c6d0755692e9d6b4445753904b/node_modules/@nestjs/core/injector/instance-loader.js:39:9)
      at TestingInstanceLoader.createInstancesOfDependencies (../node_modules/.pnpm/@nestjs+core@11.1.12_@nestjs+common@11.1.12_class-transformer@0.5.1_class-validator@0.1_081de5c6d0755692e9d6b4445753904b/node_modules/@nestjs/core/injector/instance-loader.js:22:13)
      at TestingInstanceLoader.createInstancesOfDependencies (../node_modules/.pnpm/@nestjs+testing@11.1.12_@nestjs+common@11.1.12_class-transformer@0.5.1_class-validator@_f8f5f7c9bf5f0ea617b1141b11ac9012/node_modules/@nestjs/testing/testing-instance-loader.js:9:9)
      at TestingModuleBuilder.createInstancesOfDependencies (../node_modules/.pnpm/@nestjs+testing@11.1.12_@nestjs+common@11.1.12_class-transformer@0.5.1_class-validator@_f8f5f7c9bf5f0ea617b1141b11ac9012/node_modules/@nestjs/testing/testing-module.builder.js:118:9)
      at TestingModuleBuilder.compile (../node_modules/.pnpm/@nestjs+testing@11.1.12_@nestjs+common@11.1.12_class-transformer@0.5.1_class-validator@_f8f5f7c9bf5f0ea617b1141b11ac9012/node_modules/@nestjs/testing/testing-module.builder.js:74:9)
      at Object.<anonymous> (modules/payments/__tests__/utility-bill-integration.spec.ts:58:14)

  ● Utility Bill Integration Tests › Edge Cases and Error Scenarios › should handle bill with large amount

    Nest can't resolve dependencies of the PaymentGatewayService (RetryService, CircuitBreakerService, ?). Please make sure that the argument CertificatePinningService at index [2] is available in the RootTestModule context.

    Potential solutions:
    - Is RootTestModule a valid NestJS module?
    - If CertificatePinningService is a provider, is it part of the current RootTestModule?
    - If CertificatePinningService is exported from a separate @Module, is that module imported within RootTestModule?
      @Module({
        imports: [ /* the Module containing CertificatePinningService */ ]
      })

    For more common dependency resolution issues, see: https://docs.nestjs.com/faq/common-errors

      56 |
      57 |   beforeAll(async () => {
    > 58 |     module = await Test.createTestingModule({
         |              ^
      59 |       imports: [
      60 |         ConfigModule.forRoot({
      61 |           isGlobal: true,

      at TestingInjector.lookupComponentInParentModules (../node_modules/.pnpm/@nestjs+core@11.1.12_@nestjs+common@11.1.12_class-transformer@0.5.1_class-validator@0.1_081de5c6d0755692e9d6b4445753904b/node_modules/@nestjs/core/injector/injector.js:290:19)
      at TestingInjector.resolveComponentWrapper (../node_modules/.pnpm/@nestjs+testing@11.1.12_@nestjs+common@11.1.12_class-transformer@0.5.1_class-validator@_f8f5f7c9bf5f0ea617b1141b11ac9012/node_modules/@nestjs/testing/testing-injector.js:19:45)
      at resolveParam (../node_modules/.pnpm/@nestjs+core@11.1.12_@nestjs+common@11.1.12_class-transformer@0.5.1_class-validator@0.1_081de5c6d0755692e9d6b4445753904b/node_modules/@nestjs/core/injector/injector.js:140:38)
          at async Promise.all (index 2)
      at TestingInjector.resolveConstructorParams (../node_modules/.pnpm/@nestjs+core@11.1.12_@nestjs+common@11.1.12_class-transformer@0.5.1_class-validator@0.1_081de5c6d0755692e9d6b4445753904b/node_modules/@nestjs/core/injector/injector.js:169:27)
      at TestingInjector.loadInstance (../node_modules/.pnpm/@nestjs+core@11.1.12_@nestjs+common@11.1.12_class-transformer@0.5.1_class-validator@0.1_081de5c6d0755692e9d6b4445753904b/node_modules/@nestjs/core/injector/injector.js:75:13)
      at TestingInjector.loadProvider (../node_modules/.pnpm/@nestjs+core@11.1.12_@nestjs+common@11.1.12_class-transformer@0.5.1_class-validator@0.1_081de5c6d0755692e9d6b4445753904b/node_modules/@nestjs/core/injector/injector.js:103:9)
      at ../node_modules/.pnpm/@nestjs+core@11.1.12_@nestjs+common@11.1.12_class-transformer@0.5.1_class-validator@0.1_081de5c6d0755692e9d6b4445753904b/node_modules/@nestjs/core/injector/instance-loader.js:56:13
          at async Promise.all (index 5)
      at TestingInstanceLoader.createInstancesOfProviders (../node_modules/.pnpm/@nestjs+core@11.1.12_@nestjs+common@11.1.12_class-transformer@0.5.1_class-validator@0.1_081de5c6d0755692e9d6b4445753904b/node_modules/@nestjs/core/injector/instance-loader.js:55:9)
      at ../node_modules/.pnpm/@nestjs+core@11.1.12_@nestjs+common@11.1.12_class-transformer@0.5.1_class-validator@0.1_081de5c6d0755692e9d6b4445753904b/node_modules/@nestjs/core/injector/instance-loader.js:40:13
          at async Promise.all (index 1)
      at TestingInstanceLoader.createInstances (../node_modules/.pnpm/@nestjs+core@11.1.12_@nestjs+common@11.1.12_class-transformer@0.5.1_class-validator@0.1_081de5c6d0755692e9d6b4445753904b/node_modules/@nestjs/core/injector/instance-loader.js:39:9)
      at TestingInstanceLoader.createInstancesOfDependencies (../node_modules/.pnpm/@nestjs+core@11.1.12_@nestjs+common@11.1.12_class-transformer@0.5.1_class-validator@0.1_081de5c6d0755692e9d6b4445753904b/node_modules/@nestjs/core/injector/instance-loader.js:22:13)
      at TestingInstanceLoader.createInstancesOfDependencies (../node_modules/.pnpm/@nestjs+testing@11.1.12_@nestjs+common@11.1.12_class-transformer@0.5.1_class-validator@_f8f5f7c9bf5f0ea617b1141b11ac9012/node_modules/@nestjs/testing/testing-instance-loader.js:9:9)
      at TestingModuleBuilder.createInstancesOfDependencies (../node_modules/.pnpm/@nestjs+testing@11.1.12_@nestjs+common@11.1.12_class-transformer@0.5.1_class-validator@_f8f5f7c9bf5f0ea617b1141b11ac9012/node_modules/@nestjs/testing/testing-module.builder.js:118:9)
      at TestingModuleBuilder.compile (../node_modules/.pnpm/@nestjs+testing@11.1.12_@nestjs+common@11.1.12_class-transformer@0.5.1_class-validator@_f8f5f7c9bf5f0ea617b1141b11ac9012/node_modules/@nestjs/testing/testing-module.builder.js:74:9)
      at Object.<anonymous> (modules/payments/__tests__/utility-bill-integration.spec.ts:58:14)

  ● Utility Bill Integration Tests › Edge Cases and Error Scenarios › should handle bill with decimal amounts

    Nest can't resolve dependencies of the PaymentGatewayService (RetryService, CircuitBreakerService, ?). Please make sure that the argument CertificatePinningService at index [2] is available in the RootTestModule context.

    Potential solutions:
    - Is RootTestModule a valid NestJS module?
    - If CertificatePinningService is a provider, is it part of the current RootTestModule?
    - If CertificatePinningService is exported from a separate @Module, is that module imported within RootTestModule?
      @Module({
        imports: [ /* the Module containing CertificatePinningService */ ]
      })

    For more common dependency resolution issues, see: https://docs.nestjs.com/faq/common-errors

      56 |
      57 |   beforeAll(async () => {
    > 58 |     module = await Test.createTestingModule({
         |              ^
      59 |       imports: [
      60 |         ConfigModule.forRoot({
      61 |           isGlobal: true,

      at TestingInjector.lookupComponentInParentModules (../node_modules/.pnpm/@nestjs+core@11.1.12_@nestjs+common@11.1.12_class-transformer@0.5.1_class-validator@0.1_081de5c6d0755692e9d6b4445753904b/node_modules/@nestjs/core/injector/injector.js:290:19)
      at TestingInjector.resolveComponentWrapper (../node_modules/.pnpm/@nestjs+testing@11.1.12_@nestjs+common@11.1.12_class-transformer@0.5.1_class-validator@_f8f5f7c9bf5f0ea617b1141b11ac9012/node_modules/@nestjs/testing/testing-injector.js:19:45)
      at resolveParam (../node_modules/.pnpm/@nestjs+core@11.1.12_@nestjs+common@11.1.12_class-transformer@0.5.1_class-validator@0.1_081de5c6d0755692e9d6b4445753904b/node_modules/@nestjs/core/injector/injector.js:140:38)
          at async Promise.all (index 2)
      at TestingInjector.resolveConstructorParams (../node_modules/.pnpm/@nestjs+core@11.1.12_@nestjs+common@11.1.12_class-transformer@0.5.1_class-validator@0.1_081de5c6d0755692e9d6b4445753904b/node_modules/@nestjs/core/injector/injector.js:169:27)
      at TestingInjector.loadInstance (../node_modules/.pnpm/@nestjs+core@11.1.12_@nestjs+common@11.1.12_class-transformer@0.5.1_class-validator@0.1_081de5c6d0755692e9d6b4445753904b/node_modules/@nestjs/core/injector/injector.js:75:13)
      at TestingInjector.loadProvider (../node_modules/.pnpm/@nestjs+core@11.1.12_@nestjs+common@11.1.12_class-transformer@0.5.1_class-validator@0.1_081de5c6d0755692e9d6b4445753904b/node_modules/@nestjs/core/injector/injector.js:103:9)
      at ../node_modules/.pnpm/@nestjs+core@11.1.12_@nestjs+common@11.1.12_class-transformer@0.5.1_class-validator@0.1_081de5c6d0755692e9d6b4445753904b/node_modules/@nestjs/core/injector/instance-loader.js:56:13
          at async Promise.all (index 5)
      at TestingInstanceLoader.createInstancesOfProviders (../node_modules/.pnpm/@nestjs+core@11.1.12_@nestjs+common@11.1.12_class-transformer@0.5.1_class-validator@0.1_081de5c6d0755692e9d6b4445753904b/node_modules/@nestjs/core/injector/instance-loader.js:55:9)
      at ../node_modules/.pnpm/@nestjs+core@11.1.12_@nestjs+common@11.1.12_class-transformer@0.5.1_class-validator@0.1_081de5c6d0755692e9d6b4445753904b/node_modules/@nestjs/core/injector/instance-loader.js:40:13
          at async Promise.all (index 1)
      at TestingInstanceLoader.createInstances (../node_modules/.pnpm/@nestjs+core@11.1.12_@nestjs+common@11.1.12_class-transformer@0.5.1_class-validator@0.1_081de5c6d0755692e9d6b4445753904b/node_modules/@nestjs/core/injector/instance-loader.js:39:9)
      at TestingInstanceLoader.createInstancesOfDependencies (../node_modules/.pnpm/@nestjs+core@11.1.12_@nestjs+common@11.1.12_class-transformer@0.5.1_class-validator@0.1_081de5c6d0755692e9d6b4445753904b/node_modules/@nestjs/core/injector/instance-loader.js:22:13)
      at TestingInstanceLoader.createInstancesOfDependencies (../node_modules/.pnpm/@nestjs+testing@11.1.12_@nestjs+common@11.1.12_class-transformer@0.5.1_class-validator@_f8f5f7c9bf5f0ea617b1141b11ac9012/node_modules/@nestjs/testing/testing-instance-loader.js:9:9)
      at TestingModuleBuilder.createInstancesOfDependencies (../node_modules/.pnpm/@nestjs+testing@11.1.12_@nestjs+common@11.1.12_class-transformer@0.5.1_class-validator@_f8f5f7c9bf5f0ea617b1141b11ac9012/node_modules/@nestjs/testing/testing-module.builder.js:118:9)
      at TestingModuleBuilder.compile (../node_modules/.pnpm/@nestjs+testing@11.1.12_@nestjs+common@11.1.12_class-transformer@0.5.1_class-validator@_f8f5f7c9bf5f0ea617b1141b11ac9012/node_modules/@nestjs/testing/testing-module.builder.js:74:9)
      at Object.<anonymous> (modules/payments/__tests__/utility-bill-integration.spec.ts:58:14)

  ● Utility Bill Integration Tests › Edge Cases and Error Scenarios › should handle idempotent bill submissions

    Nest can't resolve dependencies of the PaymentGatewayService (RetryService, CircuitBreakerService, ?). Please make sure that the argument CertificatePinningService at index [2] is available in the RootTestModule context.

    Potential solutions:
    - Is RootTestModule a valid NestJS module?
    - If CertificatePinningService is a provider, is it part of the current RootTestModule?
    - If CertificatePinningService is exported from a separate @Module, is that module imported within RootTestModule?
      @Module({
        imports: [ /* the Module containing CertificatePinningService */ ]
      })

    For more common dependency resolution issues, see: https://docs.nestjs.com/faq/common-errors

      56 |
      57 |   beforeAll(async () => {
    > 58 |     module = await Test.createTestingModule({
         |              ^
      59 |       imports: [
      60 |         ConfigModule.forRoot({
      61 |           isGlobal: true,

      at TestingInjector.lookupComponentInParentModules (../node_modules/.pnpm/@nestjs+core@11.1.12_@nestjs+common@11.1.12_class-transformer@0.5.1_class-validator@0.1_081de5c6d0755692e9d6b4445753904b/node_modules/@nestjs/core/injector/injector.js:290:19)
      at TestingInjector.resolveComponentWrapper (../node_modules/.pnpm/@nestjs+testing@11.1.12_@nestjs+common@11.1.12_class-transformer@0.5.1_class-validator@_f8f5f7c9bf5f0ea617b1141b11ac9012/node_modules/@nestjs/testing/testing-injector.js:19:45)
      at resolveParam (../node_modules/.pnpm/@nestjs+core@11.1.12_@nestjs+common@11.1.12_class-transformer@0.5.1_class-validator@0.1_081de5c6d0755692e9d6b4445753904b/node_modules/@nestjs/core/injector/injector.js:140:38)
          at async Promise.all (index 2)
      at TestingInjector.resolveConstructorParams (../node_modules/.pnpm/@nestjs+core@11.1.12_@nestjs+common@11.1.12_class-transformer@0.5.1_class-validator@0.1_081de5c6d0755692e9d6b4445753904b/node_modules/@nestjs/core/injector/injector.js:169:27)
      at TestingInjector.loadInstance (../node_modules/.pnpm/@nestjs+core@11.1.12_@nestjs+common@11.1.12_class-transformer@0.5.1_class-validator@0.1_081de5c6d0755692e9d6b4445753904b/node_modules/@nestjs/core/injector/injector.js:75:13)
      at TestingInjector.loadProvider (../node_modules/.pnpm/@nestjs+core@11.1.12_@nestjs+common@11.1.12_class-transformer@0.5.1_class-validator@0.1_081de5c6d0755692e9d6b4445753904b/node_modules/@nestjs/core/injector/injector.js:103:9)
      at ../node_modules/.pnpm/@nestjs+core@11.1.12_@nestjs+common@11.1.12_class-transformer@0.5.1_class-validator@0.1_081de5c6d0755692e9d6b4445753904b/node_modules/@nestjs/core/injector/instance-loader.js:56:13
          at async Promise.all (index 5)
      at TestingInstanceLoader.createInstancesOfProviders (../node_modules/.pnpm/@nestjs+core@11.1.12_@nestjs+common@11.1.12_class-transformer@0.5.1_class-validator@0.1_081de5c6d0755692e9d6b4445753904b/node_modules/@nestjs/core/injector/instance-loader.js:55:9)
      at ../node_modules/.pnpm/@nestjs+core@11.1.12_@nestjs+common@11.1.12_class-transformer@0.5.1_class-validator@0.1_081de5c6d0755692e9d6b4445753904b/node_modules/@nestjs/core/injector/instance-loader.js:40:13
          at async Promise.all (index 1)
      at TestingInstanceLoader.createInstances (../node_modules/.pnpm/@nestjs+core@11.1.12_@nestjs+common@11.1.12_class-transformer@0.5.1_class-validator@0.1_081de5c6d0755692e9d6b4445753904b/node_modules/@nestjs/core/injector/instance-loader.js:39:9)
      at TestingInstanceLoader.createInstancesOfDependencies (../node_modules/.pnpm/@nestjs+core@11.1.12_@nestjs+common@11.1.12_class-transformer@0.5.1_class-validator@0.1_081de5c6d0755692e9d6b4445753904b/node_modules/@nestjs/core/injector/instance-loader.js:22:13)
      at TestingInstanceLoader.createInstancesOfDependencies (../node_modules/.pnpm/@nestjs+testing@11.1.12_@nestjs+common@11.1.12_class-transformer@0.5.1_class-validator@_f8f5f7c9bf5f0ea617b1141b11ac9012/node_modules/@nestjs/testing/testing-instance-loader.js:9:9)
      at TestingModuleBuilder.createInstancesOfDependencies (../node_modules/.pnpm/@nestjs+testing@11.1.12_@nestjs+common@11.1.12_class-transformer@0.5.1_class-validator@_f8f5f7c9bf5f0ea617b1141b11ac9012/node_modules/@nestjs/testing/testing-module.builder.js:118:9)
      at TestingModuleBuilder.compile (../node_modules/.pnpm/@nestjs+testing@11.1.12_@nestjs+common@11.1.12_class-transformer@0.5.1_class-validator@_f8f5f7c9bf5f0ea617b1141b11ac9012/node_modules/@nestjs/testing/testing-module.builder.js:74:9)
      at Object.<anonymous> (modules/payments/__tests__/utility-bill-integration.spec.ts:58:14)

  ● Utility Bill Integration Tests › Edge Cases and Error Scenarios › should maintain data consistency on failed operations

    Nest can't resolve dependencies of the PaymentGatewayService (RetryService, CircuitBreakerService, ?). Please make sure that the argument CertificatePinningService at index [2] is available in the RootTestModule context.

    Potential solutions:
    - Is RootTestModule a valid NestJS module?
    - If CertificatePinningService is a provider, is it part of the current RootTestModule?
    - If CertificatePinningService is exported from a separate @Module, is that module imported within RootTestModule?
      @Module({
        imports: [ /* the Module containing CertificatePinningService */ ]
      })

    For more common dependency resolution issues, see: https://docs.nestjs.com/faq/common-errors

      56 |
      57 |   beforeAll(async () => {
    > 58 |     module = await Test.createTestingModule({
         |              ^
      59 |       imports: [
      60 |         ConfigModule.forRoot({
      61 |           isGlobal: true,

      at TestingInjector.lookupComponentInParentModules (../node_modules/.pnpm/@nestjs+core@11.1.12_@nestjs+common@11.1.12_class-transformer@0.5.1_class-validator@0.1_081de5c6d0755692e9d6b4445753904b/node_modules/@nestjs/core/injector/injector.js:290:19)
      at TestingInjector.resolveComponentWrapper (../node_modules/.pnpm/@nestjs+testing@11.1.12_@nestjs+common@11.1.12_class-transformer@0.5.1_class-validator@_f8f5f7c9bf5f0ea617b1141b11ac9012/node_modules/@nestjs/testing/testing-injector.js:19:45)
      at resolveParam (../node_modules/.pnpm/@nestjs+core@11.1.12_@nestjs+common@11.1.12_class-transformer@0.5.1_class-validator@0.1_081de5c6d0755692e9d6b4445753904b/node_modules/@nestjs/core/injector/injector.js:140:38)
          at async Promise.all (index 2)
      at TestingInjector.resolveConstructorParams (../node_modules/.pnpm/@nestjs+core@11.1.12_@nestjs+common@11.1.12_class-transformer@0.5.1_class-validator@0.1_081de5c6d0755692e9d6b4445753904b/node_modules/@nestjs/core/injector/injector.js:169:27)
      at TestingInjector.loadInstance (../node_modules/.pnpm/@nestjs+core@11.1.12_@nestjs+common@11.1.12_class-transformer@0.5.1_class-validator@0.1_081de5c6d0755692e9d6b4445753904b/node_modules/@nestjs/core/injector/injector.js:75:13)
      at TestingInjector.loadProvider (../node_modules/.pnpm/@nestjs+core@11.1.12_@nestjs+common@11.1.12_class-transformer@0.5.1_class-validator@0.1_081de5c6d0755692e9d6b4445753904b/node_modules/@nestjs/core/injector/injector.js:103:9)
      at ../node_modules/.pnpm/@nestjs+core@11.1.12_@nestjs+common@11.1.12_class-transformer@0.5.1_class-validator@0.1_081de5c6d0755692e9d6b4445753904b/node_modules/@nestjs/core/injector/instance-loader.js:56:13
          at async Promise.all (index 5)
      at TestingInstanceLoader.createInstancesOfProviders (../node_modules/.pnpm/@nestjs+core@11.1.12_@nestjs+common@11.1.12_class-transformer@0.5.1_class-validator@0.1_081de5c6d0755692e9d6b4445753904b/node_modules/@nestjs/core/injector/instance-loader.js:55:9)
      at ../node_modules/.pnpm/@nestjs+core@11.1.12_@nestjs+common@11.1.12_class-transformer@0.5.1_class-validator@0.1_081de5c6d0755692e9d6b4445753904b/node_modules/@nestjs/core/injector/instance-loader.js:40:13
          at async Promise.all (index 1)
      at TestingInstanceLoader.createInstances (../node_modules/.pnpm/@nestjs+core@11.1.12_@nestjs+common@11.1.12_class-transformer@0.5.1_class-validator@0.1_081de5c6d0755692e9d6b4445753904b/node_modules/@nestjs/core/injector/instance-loader.js:39:9)
      at TestingInstanceLoader.createInstancesOfDependencies (../node_modules/.pnpm/@nestjs+core@11.1.12_@nestjs+common@11.1.12_class-transformer@0.5.1_class-validator@0.1_081de5c6d0755692e9d6b4445753904b/node_modules/@nestjs/core/injector/instance-loader.js:22:13)
      at TestingInstanceLoader.createInstancesOfDependencies (../node_modules/.pnpm/@nestjs+testing@11.1.12_@nestjs+common@11.1.12_class-transformer@0.5.1_class-validator@_f8f5f7c9bf5f0ea617b1141b11ac9012/node_modules/@nestjs/testing/testing-instance-loader.js:9:9)
      at TestingModuleBuilder.createInstancesOfDependencies (../node_modules/.pnpm/@nestjs+testing@11.1.12_@nestjs+common@11.1.12_class-transformer@0.5.1_class-validator@_f8f5f7c9bf5f0ea617b1141b11ac9012/node_modules/@nestjs/testing/testing-module.builder.js:118:9)
      at TestingModuleBuilder.compile (../node_modules/.pnpm/@nestjs+testing@11.1.12_@nestjs+common@11.1.12_class-transformer@0.5.1_class-validator@_f8f5f7c9bf5f0ea617b1141b11ac9012/node_modules/@nestjs/testing/testing-module.builder.js:74:9)
      at Object.<anonymous> (modules/payments/__tests__/utility-bill-integration.spec.ts:58:14)

  ● Utility Bill Integration Tests › Edge Cases and Error Scenarios › should handle empty bill history gracefully

    Nest can't resolve dependencies of the PaymentGatewayService (RetryService, CircuitBreakerService, ?). Please make sure that the argument CertificatePinningService at index [2] is available in the RootTestModule context.

    Potential solutions:
    - Is RootTestModule a valid NestJS module?
    - If CertificatePinningService is a provider, is it part of the current RootTestModule?
    - If CertificatePinningService is exported from a separate @Module, is that module imported within RootTestModule?
      @Module({
        imports: [ /* the Module containing CertificatePinningService */ ]
      })

    For more common dependency resolution issues, see: https://docs.nestjs.com/faq/common-errors

      56 |
      57 |   beforeAll(async () => {
    > 58 |     module = await Test.createTestingModule({
         |              ^
      59 |       imports: [
      60 |         ConfigModule.forRoot({
      61 |           isGlobal: true,

      at TestingInjector.lookupComponentInParentModules (../node_modules/.pnpm/@nestjs+core@11.1.12_@nestjs+common@11.1.12_class-transformer@0.5.1_class-validator@0.1_081de5c6d0755692e9d6b4445753904b/node_modules/@nestjs/core/injector/injector.js:290:19)
      at TestingInjector.resolveComponentWrapper (../node_modules/.pnpm/@nestjs+testing@11.1.12_@nestjs+common@11.1.12_class-transformer@0.5.1_class-validator@_f8f5f7c9bf5f0ea617b1141b11ac9012/node_modules/@nestjs/testing/testing-injector.js:19:45)
      at resolveParam (../node_modules/.pnpm/@nestjs+core@11.1.12_@nestjs+common@11.1.12_class-transformer@0.5.1_class-validator@0.1_081de5c6d0755692e9d6b4445753904b/node_modules/@nestjs/core/injector/injector.js:140:38)
          at async Promise.all (index 2)
      at TestingInjector.resolveConstructorParams (../node_modules/.pnpm/@nestjs+core@11.1.12_@nestjs+common@11.1.12_class-transformer@0.5.1_class-validator@0.1_081de5c6d0755692e9d6b4445753904b/node_modules/@nestjs/core/injector/injector.js:169:27)
      at TestingInjector.loadInstance (../node_modules/.pnpm/@nestjs+core@11.1.12_@nestjs+common@11.1.12_class-transformer@0.5.1_class-validator@0.1_081de5c6d0755692e9d6b4445753904b/node_modules/@nestjs/core/injector/injector.js:75:13)
      at TestingInjector.loadProvider (../node_modules/.pnpm/@nestjs+core@11.1.12_@nestjs+common@11.1.12_class-transformer@0.5.1_class-validator@0.1_081de5c6d0755692e9d6b4445753904b/node_modules/@nestjs/core/injector/injector.js:103:9)
      at ../node_modules/.pnpm/@nestjs+core@11.1.12_@nestjs+common@11.1.12_class-transformer@0.5.1_class-validator@0.1_081de5c6d0755692e9d6b4445753904b/node_modules/@nestjs/core/injector/instance-loader.js:56:13
          at async Promise.all (index 5)
      at TestingInstanceLoader.createInstancesOfProviders (../node_modules/.pnpm/@nestjs+core@11.1.12_@nestjs+common@11.1.12_class-transformer@0.5.1_class-validator@0.1_081de5c6d0755692e9d6b4445753904b/node_modules/@nestjs/core/injector/instance-loader.js:55:9)
      at ../node_modules/.pnpm/@nestjs+core@11.1.12_@nestjs+common@11.1.12_class-transformer@0.5.1_class-validator@0.1_081de5c6d0755692e9d6b4445753904b/node_modules/@nestjs/core/injector/instance-loader.js:40:13
          at async Promise.all (index 1)
      at TestingInstanceLoader.createInstances (../node_modules/.pnpm/@nestjs+core@11.1.12_@nestjs+common@11.1.12_class-transformer@0.5.1_class-validator@0.1_081de5c6d0755692e9d6b4445753904b/node_modules/@nestjs/core/injector/instance-loader.js:39:9)
      at TestingInstanceLoader.createInstancesOfDependencies (../node_modules/.pnpm/@nestjs+core@11.1.12_@nestjs+common@11.1.12_class-transformer@0.5.1_class-validator@0.1_081de5c6d0755692e9d6b4445753904b/node_modules/@nestjs/core/injector/instance-loader.js:22:13)
      at TestingInstanceLoader.createInstancesOfDependencies (../node_modules/.pnpm/@nestjs+testing@11.1.12_@nestjs+common@11.1.12_class-transformer@0.5.1_class-validator@_f8f5f7c9bf5f0ea617b1141b11ac9012/node_modules/@nestjs/testing/testing-instance-loader.js:9:9)
      at TestingModuleBuilder.createInstancesOfDependencies (../node_modules/.pnpm/@nestjs+testing@11.1.12_@nestjs+common@11.1.12_class-transformer@0.5.1_class-validator@_f8f5f7c9bf5f0ea617b1141b11ac9012/node_modules/@nestjs/testing/testing-module.builder.js:118:9)
      at TestingModuleBuilder.compile (../node_modules/.pnpm/@nestjs+testing@11.1.12_@nestjs+common@11.1.12_class-transformer@0.5.1_class-validator@_f8f5f7c9bf5f0ea617b1141b11ac9012/node_modules/@nestjs/testing/testing-module.builder.js:74:9)
      at Object.<anonymous> (modules/payments/__tests__/utility-bill-integration.spec.ts:58:14)

[31m[Nest] 1338115  - [39m08/01/2026, 12:21:01 AM [31m  ERROR[39m [38;5;3m[AuthService] [39m[31mERROR in AuthService.register[39m
[31m[Nest] 1338109  - [39m08/01/2026, 12:21:01 AM [31m  ERROR[39m [38;5;3m[AuthService] [39m[31mERROR in AuthService.register[39m
[31m[Nest] 1338115  - [39m08/01/2026, 12:21:01 AM [31m  ERROR[39m [38;5;3m[AuthService] [39mDuplicateEntryError: Email already registered
    at AuthService.register [90m(/home/caxton/personal/projects/chioma/chioma-monorepo/backend/[39msrc/modules/auth/auth.service.ts:97:13[90m)[39m
[90m    at processTicksAndRejections (node:internal/process/task_queues:105:5)[39m
    at AuthService.descriptor.value [90m(/home/caxton/personal/projects/chioma/chioma-monorepo/backend/[39msrc/common/logger/logging.decorator.ts:50:24[90m)[39m
    at Object.<anonymous> [90m(/home/caxton/personal/projects/chioma/chioma-monorepo/backend/[39msrc/modules/auth/auth.comprehensive.spec.ts:207:7[90m)[39m {
  code: [32m'BUS_4002'[39m,
  statusCode: [33m409[39m,
  isOperational: [33mtrue[39m,
  timestamp: [35m2026-07-31T23:21:01.322Z[39m,
  context: [90mundefined[39m
}
[31m[Nest] 1338115  - [39m08/01/2026, 12:21:01 AM [31m  ERROR[39m [38;5;3m[AuthService] [39mObject(3) {
  service: [32m'AuthService'[39m,
  method: [32m'register'[39m,
  duration: [33m2[39m
}
[31m[Nest] 1338109  - [39m08/01/2026, 12:21:01 AM [31m  ERROR[39m [38;5;3m[AuthService] [39mDuplicateEntryError: Email already registered
    at AuthService.register [90m(/home/caxton/personal/projects/chioma/chioma-monorepo/backend/[39msrc/modules/auth/auth.service.ts:97:13[90m)[39m
[90m    at processTicksAndRejections (node:internal/process/task_queues:105:5)[39m
    at AuthService.descriptor.value [90m(/home/caxton/personal/projects/chioma/chioma-monorepo/backend/[39msrc/common/logger/logging.decorator.ts:50:24[90m)[39m
    at Object.<anonymous> [90m(/home/caxton/personal/projects/chioma/chioma-monorepo/backend/[39msrc/modules/auth/auth.service.spec.ts:266:7[90m)[39m {
  code: [32m'BUS_4002'[39m,
  statusCode: [33m409[39m,
  isOperational: [33mtrue[39m,
  timestamp: [35m2026-07-31T23:21:01.343Z[39m,
  context: [90mundefined[39m
}
[31m[Nest] 1338109  - [39m08/01/2026, 12:21:01 AM [31m  ERROR[39m [38;5;3m[AuthService] [39mObject(3) {
  service: [32m'AuthService'[39m,
  method: [32m'register'[39m,
  duration: [33m0[39m
}
[31m[Nest] 1338109  - [39m08/01/2026, 12:21:01 AM [31m  ERROR[39m [38;5;3m[AuthService] [39m[31mCritical background failure [verification_email]: all retries exhausted {"userId":"test-user-id","email":"newuser@example.com"}[39m
[31m[Nest] 1338115  - [39m08/01/2026, 12:21:01 AM [31m  ERROR[39m [38;5;3m[AuthService] [39m[31mToken refresh failed: Invalid token type[39m
[31m[Nest] 1338109  - [39m08/01/2026, 12:21:01 AM [31m  ERROR[39m [38;5;3m[AuthService] [39m[31mCritical background failure [verification_email_enqueue]: redis unreachable {"userId":"test-user-id","email":"newuser2@example.com"}[39m
[31m[Nest] 1338115  - [39m08/01/2026, 12:21:01 AM [31m  ERROR[39m [38;5;3m[AuthService] [39m[31mToken refresh failed: User not found or token revoked[39m
[31m[Nest] 1338115  - [39m08/01/2026, 12:21:01 AM [31m  ERROR[39m [38;5;3m[AuthService] [39m[31mToken refresh failed: User not found or token revoked[39m
[31m[Nest] 1338135  - [39m08/01/2026, 12:21:01 AM [31m  ERROR[39m [38;5;3m[RetryService] [39m[31m[RetryService] All 3 attempt(s) exhausted. Last error: still timing out[39m
[31m[Nest] 1338135  - [39m08/01/2026, 12:21:01 AM [31m  ERROR[39m [38;5;3m[RetryService] [39mObject(2) {
  attempts: [33m3[39m,
  error: [32m'still timing out'[39m
}
PASS src/modules/payments/payment-error-scenarios.spec.ts
[31m[Nest] 1338115  - [39m08/01/2026, 12:21:01 AM [31m  ERROR[39m [38;5;3m[AuthService] [39m[31mToken refresh failed: Invalid refresh token[39m
[31m[Nest] 1338115  - [39m08/01/2026, 12:21:01 AM [31m  ERROR[39m [38;5;3m[AuthService] [39m[31mToken refresh failed: jwt expired[39m
PASS src/modules/auth/auth.comprehensive.spec.ts
PASS src/modules/auth/auth.service.spec.ts
PASS src/modules/agreements/__tests__/agreements.pagination.spec.ts
PASS src/modules/disputes/__tests__/admin-disputes.controller.spec.ts
[31m[Nest] 1338129  - [39m08/01/2026, 12:21:02 AM [31m  ERROR[39m [38;5;3m[EncryptionService] [39m[31mEncryption key init failed[39m
[31m[Nest] 1338129  - [39m08/01/2026, 12:21:02 AM [31m  ERROR[39m [38;5;3m[EncryptionService] [39mError: ENCRYPTION_KEY_BASE64 or ENCRYPTION_KEYS required
    at EncryptionService.initializeKeys [90m(/home/caxton/personal/projects/chioma/chioma-monorepo/backend/[39msrc/common/services/encryption.service.ts:80:17[90m)[39m
    at new EncryptionService [90m(/home/caxton/personal/projects/chioma/chioma-monorepo/backend/[39msrc/common/services/encryption.service.ts:65:10[90m)[39m
    at TestingInjector.instantiateClass [90m(/home/caxton/personal/projects/chioma/chioma-monorepo/backend/[39mnode_modules/[4m.pnpm[24m/@nestjs+core@11.1.12_@nestjs+common@11.1.12_class-transformer@0.5.1_class-validator@0.1_081de5c6d0755692e9d6b4445753904b/node_modules/[4m@nestjs[24m/core/injector/injector.js:422:19[90m)[39m
    at callback [90m(/home/caxton/personal/projects/chioma/chioma-monorepo/backend/[39mnode_modules/[4m.pnpm[24m/@nestjs+core@11.1.12_@nestjs+common@11.1.12_class-transformer@0.5.1_class-validator@0.1_081de5c6d0755692e9d6b4445753904b/node_modules/[4m@nestjs[24m/core/injector/injector.js:70:45[90m)[39m
[90m    at processTicksAndRejections (node:internal/process/task_queues:105:5)[39m
    at TestingInjector.resolveConstructorParams [90m(/home/caxton/personal/projects/chioma/chioma-monorepo/backend/[39mnode_modules/[4m.pnpm[24m/@nestjs+core@11.1.12_@nestjs+common@11.1.12_class-transformer@0.5.1_class-validator@0.1_081de5c6d0755692e9d6b4445753904b/node_modules/[4m@nestjs[24m/core/injector/injector.js:170:24[90m)[39m
    at TestingInjector.loadInstance [90m(/home/caxton/personal/projects/chioma/chioma-monorepo/backend/[39mnode_modules/[4m.pnpm[24m/@nestjs+core@11.1.12_@nestjs+common@11.1.12_class-transformer@0.5.1_class-validator@0.1_081de5c6d0755692e9d6b4445753904b/node_modules/[4m@nestjs[24m/core/injector/injector.js:75:13[90m)[39m
    at TestingInjector.loadProvider [90m(/home/caxton/personal/projects/chioma/chioma-monorepo/backend/[39mnode_modules/[4m.pnpm[24m/@nestjs+core@11.1.12_@nestjs+common@11.1.12_class-transformer@0.5.1_class-validator@0.1_081de5c6d0755692e9d6b4445753904b/node_modules/[4m@nestjs[24m/core/injector/injector.js:103:9[90m)[39m
    at [90m/home/caxton/personal/projects/chioma/chioma-monorepo/backend/[39mnode_modules/[4m.pnpm[24m/@nestjs+core@11.1.12_@nestjs+common@11.1.12_class-transformer@0.5.1_class-validator@0.1_081de5c6d0755692e9d6b4445753904b/node_modules/[4m@nestjs[24m/core/injector/instance-loader.js:56:13
    at async Promise.all (index 3)
    at TestingInstanceLoader.createInstancesOfProviders [90m(/home/caxton/personal/projects/chioma/chioma-monorepo/backend/[39mnode_modules/[4m.pnpm[24m/@nestjs+core@11.1.12_@nestjs+common@11.1.12_class-transformer@0.5.1_class-validator@0.1_081de5c6d0755692e9d6b4445753904b/node_modules/[4m@nestjs[24m/core/injector/instance-loader.js:55:9[90m)[39m
    at [90m/home/caxton/personal/projects/chioma/chioma-monorepo/backend/[39mnode_modules/[4m.pnpm[24m/@nestjs+core@11.1.12_@nestjs+common@11.1.12_class-transformer@0.5.1_class-validator@0.1_081de5c6d0755692e9d6b4445753904b/node_modules/[4m@nestjs[24m/core/injector/instance-loader.js:40:13
    at async Promise.all (index 1)
    at TestingInstanceLoader.createInstances [90m(/home/caxton/personal/projects/chioma/chioma-monorepo/backend/[39mnode_modules/[4m.pnpm[24m/@nestjs+core@11.1.12_@nestjs+common@11.1.12_class-transformer@0.5.1_class-validator@0.1_081de5c6d0755692e9d6b4445753904b/node_modules/[4m@nestjs[24m/core/injector/instance-loader.js:39:9[90m)[39m
    at TestingInstanceLoader.createInstancesOfDependencies [90m(/home/caxton/personal/projects/chioma/chioma-monorepo/backend/[39mnode_modules/[4m.pnpm[24m/@nestjs+core@11.1.12_@nestjs+common@11.1.12_class-transformer@0.5.1_class-validator@0.1_081de5c6d0755692e9d6b4445753904b/node_modules/[4m@nestjs[24m/core/injector/instance-loader.js:22:13[90m)[39m
    at TestingInstanceLoader.createInstancesOfDependencies [90m(/home/caxton/personal/projects/chioma/chioma-monorepo/backend/[39mnode_modules/[4m.pnpm[24m/@nestjs+testing@11.1.12_@nestjs+common@11.1.12_class-transformer@0.5.1_class-validator@_f8f5f7c9bf5f0ea617b1141b11ac9012/node_modules/[4m@nestjs[24m/testing/testing-instance-loader.js:9:9[90m)[39m
    at TestingModuleBuilder.createInstancesOfDependencies [90m(/home/caxton/personal/projects/chioma/chioma-monorepo/backend/[39mnode_modules/[4m.pnpm[24m/@nestjs+testing@11.1.12_@nestjs+common@11.1.12_class-transformer@0.5.1_class-validator@_f8f5f7c9bf5f0ea617b1141b11ac9012/node_modules/[4m@nestjs[24m/testing/testing-module.builder.js:118:9[90m)[39m
    at TestingModuleBuilder.compile [90m(/home/caxton/personal/projects/chioma/chioma-monorepo/backend/[39mnode_modules/[4m.pnpm[24m/@nestjs+testing@11.1.12_@nestjs+common@11.1.12_class-transformer@0.5.1_class-validator@_f8f5f7c9bf5f0ea617b1141b11ac9012/node_modules/[4m@nestjs[24m/testing/testing-module.builder.js:74:9[90m)[39m
    at Object.<anonymous> [90m(/home/caxton/personal/projects/chioma/chioma-monorepo/backend/[39msrc/common/__tests__/encryption-at-rest-and-in-transit.spec.ts:163:5[90m)[39m
PASS src/modules/analytics/analytics.service.spec.ts
PASS src/database/consistency-checker.spec.ts
  ● Console

    console.log
      [dotenv@17.2.3] injecting env (64) from .env.test,.env -- tip: 🔄 add secrets lifecycle management: https://dotenvx.com/ops

      at _log (../node_modules/.pnpm/dotenv@17.2.3/node_modules/dotenv/lib/main.js:142:11)

PASS src/modules/payments/payment.performance.spec.ts
[31m[Nest] 1338108  - [39m08/01/2026, 12:21:02 AM [31m  ERROR[39m [38;5;3m[StellarHealthIndicator] [39m[31mStellar health check failed[39m
[31m[Nest] 1338108  - [39m08/01/2026, 12:21:02 AM [31m  ERROR[39m [38;5;3m[StellarHealthIndicator] [39mError: Network error
    at Object.<anonymous> [90m(/home/caxton/personal/projects/chioma/chioma-monorepo/backend/[39msrc/health/indicators/stellar.indicator.spec.ts:81:25[90m)[39m
    at Promise.then.completed [90m(/home/caxton/personal/projects/chioma/chioma-monorepo/backend/[39mnode_modules/[4m.pnpm[24m/jest-circus@29.7.0/node_modules/[4mjest-circus[24m/build/utils.js:298:28[90m)[39m
    at new Promise (<anonymous>)
    at callAsyncCircusFn [90m(/home/caxton/personal/projects/chioma/chioma-monorepo/backend/[39mnode_modules/[4m.pnpm[24m/jest-circus@29.7.0/node_modules/[4mjest-circus[24m/build/utils.js:231:10[90m)[39m
    at _callCircusTest [90m(/home/caxton/personal/projects/chioma/chioma-monorepo/backend/[39mnode_modules/[4m.pnpm[24m/jest-circus@29.7.0/node_modules/[4mjest-circus[24m/build/run.js:316:40[90m)[39m
[90m    at processTicksAndRejections (node:internal/process/task_queues:105:5)[39m
    at _runTest [90m(/home/caxton/personal/projects/chioma/chioma-monorepo/backend/[39mnode_modules/[4m.pnpm[24m/jest-circus@29.7.0/node_modules/[4mjest-circus[24m/build/run.js:252:3[90m)[39m
    at _runTestsForDescribeBlock [90m(/home/caxton/personal/projects/chioma/chioma-monorepo/backend/[39mnode_modules/[4m.pnpm[24m/jest-circus@29.7.0/node_modules/[4mjest-circus[24m/build/run.js:126:9[90m)[39m
    at _runTestsForDescribeBlock [90m(/home/caxton/personal/projects/chioma/chioma-monorepo/backend/[39mnode_modules/[4m.pnpm[24m/jest-circus@29.7.0/node_modules/[4mjest-circus[24m/build/run.js:121:9[90m)[39m
    at _runTestsForDescribeBlock [90m(/home/caxton/personal/projects/chioma/chioma-monorepo/backend/[39mnode_modules/[4m.pnpm[24m/jest-circus@29.7.0/node_modules/[4mjest-circus[24m/build/run.js:121:9[90m)[39m
    at run [90m(/home/caxton/personal/projects/chioma/chioma-monorepo/backend/[39mnode_modules/[4m.pnpm[24m/jest-circus@29.7.0/node_modules/[4mjest-circus[24m/build/run.js:71:3[90m)[39m
    at runAndTransformResultsToJestFormat [90m(/home/caxton/personal/projects/chioma/chioma-monorepo/backend/[39mnode_modules/[4m.pnpm[24m/jest-circus@29.7.0/node_modules/[4mjest-circus[24m/build/legacy-code-todo-rewrite/jestAdapterInit.js:122:21[90m)[39m
    at jestAdapter [90m(/home/caxton/personal/projects/chioma/chioma-monorepo/backend/[39mnode_modules/[4m.pnpm[24m/jest-circus@29.7.0/node_modules/[4mjest-circus[24m/build/legacy-code-todo-rewrite/jestAdapter.js:79:19[90m)[39m
    at runTestInternal [90m(/home/caxton/personal/projects/chioma/chioma-monorepo/backend/[39mnode_modules/[4m.pnpm[24m/jest-runner@29.7.0/node_modules/[4mjest-runner[24m/build/runTest.js:367:16[90m)[39m
    at runTest [90m(/home/caxton/personal/projects/chioma/chioma-monorepo/backend/[39mnode_modules/[4m.pnpm[24m/jest-runner@29.7.0/node_modules/[4mjest-runner[24m/build/runTest.js:444:34[90m)[39m
    at Object.worker [90m(/home/caxton/personal/projects/chioma/chioma-monorepo/backend/[39mnode_modules/[4m.pnpm[24m/jest-runner@29.7.0/node_modules/[4mjest-runner[24m/build/testWorker.js:106:12[90m)[39m
[31m[Nest] 1338108  - [39m08/01/2026, 12:21:02 AM [31m  ERROR[39m [38;5;3m[StellarHealthIndicator] [39m[31mStellar health check failed[39m
[31m[Nest] 1338108  - [39m08/01/2026, 12:21:02 AM [31m  ERROR[39m [38;5;3m[StellarHealthIndicator] [39mError: Timeout
    at Object.<anonymous> [90m(/home/caxton/personal/projects/chioma/chioma-monorepo/backend/[39msrc/health/indicators/stellar.indicator.spec.ts:92:25[90m)[39m
    at Promise.then.completed [90m(/home/caxton/personal/projects/chioma/chioma-monorepo/backend/[39mnode_modules/[4m.pnpm[24m/jest-circus@29.7.0/node_modules/[4mjest-circus[24m/build/utils.js:298:28[90m)[39m
    at new Promise (<anonymous>)
    at callAsyncCircusFn [90m(/home/caxton/personal/projects/chioma/chioma-monorepo/backend/[39mnode_modules/[4m.pnpm[24m/jest-circus@29.7.0/node_modules/[4mjest-circus[24m/build/utils.js:231:10[90m)[39m
    at _callCircusTest [90m(/home/caxton/personal/projects/chioma/chioma-monorepo/backend/[39mnode_modules/[4m.pnpm[24m/jest-circus@29.7.0/node_modules/[4mjest-circus[24m/build/run.js:316:40[90m)[39m
[90m    at processTicksAndRejections (node:internal/process/task_queues:105:5)[39m
    at _runTest [90m(/home/caxton/personal/projects/chioma/chioma-monorepo/backend/[39mnode_modules/[4m.pnpm[24m/jest-circus@29.7.0/node_modules/[4mjest-circus[24m/build/run.js:252:3[90m)[39m
    at _runTestsForDescribeBlock [90m(/home/caxton/personal/projects/chioma/chioma-monorepo/backend/[39mnode_modules/[4m.pnpm[24m/jest-circus@29.7.0/node_modules/[4mjest-circus[24m/build/run.js:126:9[90m)[39m
    at _runTestsForDescribeBlock [90m(/home/caxton/personal/projects/chioma/chioma-monorepo/backend/[39mnode_modules/[4m.pnpm[24m/jest-circus@29.7.0/node_modules/[4mjest-circus[24m/build/run.js:121:9[90m)[39m
    at _runTestsForDescribeBlock [90m(/home/caxton/personal/projects/chioma/chioma-monorepo/backend/[39mnode_modules/[4m.pnpm[24m/jest-circus@29.7.0/node_modules/[4mjest-circus[24m/build/run.js:121:9[90m)[39m
    at run [90m(/home/caxton/personal/projects/chioma/chioma-monorepo/backend/[39mnode_modules/[4m.pnpm[24m/jest-circus@29.7.0/node_modules/[4mjest-circus[24m/build/run.js:71:3[90m)[39m
    at runAndTransformResultsToJestFormat [90m(/home/caxton/personal/projects/chioma/chioma-monorepo/backend/[39mnode_modules/[4m.pnpm[24m/jest-circus@29.7.0/node_modules/[4mjest-circus[24m/build/legacy-code-todo-rewrite/jestAdapterInit.js:122:21[90m)[39m
    at jestAdapter [90m(/home/caxton/personal/projects/chioma/chioma-monorepo/backend/[39mnode_modules/[4m.pnpm[24m/jest-circus@29.7.0/node_modules/[4mjest-circus[24m/build/legacy-code-todo-rewrite/jestAdapter.js:79:19[90m)[39m
    at runTestInternal [90m(/home/caxton/personal/projects/chioma/chioma-monorepo/backend/[39mnode_modules/[4m.pnpm[24m/jest-runner@29.7.0/node_modules/[4mjest-runner[24m/build/runTest.js:367:16[90m)[39m
    at runTest [90m(/home/caxton/personal/projects/chioma/chioma-monorepo/backend/[39mnode_modules/[4m.pnpm[24m/jest-runner@29.7.0/node_modules/[4mjest-runner[24m/build/runTest.js:444:34[90m)[39m
    at Object.worker [90m(/home/caxton/personal/projects/chioma/chioma-monorepo/backend/[39mnode_modules/[4m.pnpm[24m/jest-runner@29.7.0/node_modules/[4mjest-runner[24m/build/testWorker.js:106:12[90m)[39m
[31m[Nest] 1338108  - [39m08/01/2026, 12:21:02 AM [31m  ERROR[39m [38;5;3m[StellarHealthIndicator] [39m[31mFailed to fetch latest ledger[39m
[31m[Nest] 1338108  - [39m08/01/2026, 12:21:02 AM [31m  ERROR[39m [38;5;3m[StellarHealthIndicator] [39mError: Ledger request failed
    at Object.<anonymous> [90m(/home/caxton/personal/projects/chioma/chioma-monorepo/backend/[39msrc/health/indicators/stellar.indicator.spec.ts:256:25[90m)[39m
    at Promise.then.completed [90m(/home/caxton/personal/projects/chioma/chioma-monorepo/backend/[39mnode_modules/[4m.pnpm[24m/jest-circus@29.7.0/node_modules/[4mjest-circus[24m/build/utils.js:298:28[90m)[39m
    at new Promise (<anonymous>)
    at callAsyncCircusFn [90m(/home/caxton/personal/projects/chioma/chioma-monorepo/backend/[39mnode_modules/[4m.pnpm[24m/jest-circus@29.7.0/node_modules/[4mjest-circus[24m/build/utils.js:231:10[90m)[39m
    at _callCircusTest [90m(/home/caxton/personal/projects/chioma/chioma-monorepo/backend/[39mnode_modules/[4m.pnpm[24m/jest-circus@29.7.0/node_modules/[4mjest-circus[24m/build/run.js:316:40[90m)[39m
[90m    at processTicksAndRejections (node:internal/process/task_queues:105:5)[39m
    at _runTest [90m(/home/caxton/personal/projects/chioma/chioma-monorepo/backend/[39mnode_modules/[4m.pnpm[24m/jest-circus@29.7.0/node_modules/[4mjest-circus[24m/build/run.js:252:3[90m)[39m
    at _runTestsForDescribeBlock [90m(/home/caxton/personal/projects/chioma/chioma-monorepo/backend/[39mnode_modules/[4m.pnpm[24m/jest-circus@29.7.0/node_modules/[4mjest-circus[24m/build/run.js:126:9[90m)[39m
    at _runTestsForDescribeBlock [90m(/home/caxton/personal/projects/chioma/chioma-monorepo/backend/[39mnode_modules/[4m.pnpm[24m/jest-circus@29.7.0/node_modules/[4mjest-circus[24m/build/run.js:121:9[90m)[39m
    at _runTestsForDescribeBlock [90m(/home/caxton/personal/projects/chioma/chioma-monorepo/backend/[39mnode_modules/[4m.pnpm[24m/jest-circus@29.7.0/node_modules/[4mjest-circus[24m/build/run.js:121:9[90m)[39m
    at run [90m(/home/caxton/personal/projects/chioma/chioma-monorepo/backend/[39mnode_modules/[4m.pnpm[24m/jest-circus@29.7.0/node_modules/[4mjest-circus[24m/build/run.js:71:3[90m)[39m
    at runAndTransformResultsToJestFormat [90m(/home/caxton/personal/projects/chioma/chioma-monorepo/backend/[39mnode_modules/[4m.pnpm[24m/jest-circus@29.7.0/node_modules/[4mjest-circus[24m/build/legacy-code-todo-rewrite/jestAdapterInit.js:122:21[90m)[39m
    at jestAdapter [90m(/home/caxton/personal/projects/chioma/chioma-monorepo/backend/[39mnode_modules/[4m.pnpm[24m/jest-circus@29.7.0/node_modules/[4mjest-circus[24m/build/legacy-code-todo-rewrite/jestAdapter.js:79:19[90m)[39m
    at runTestInternal [90m(/home/caxton/personal/projects/chioma/chioma-monorepo/backend/[39mnode_modules/[4m.pnpm[24m/jest-runner@29.7.0/node_modules/[4mjest-runner[24m/build/runTest.js:367:16[90m)[39m
    at runTest [90m(/home/caxton/personal/projects/chioma/chioma-monorepo/backend/[39mnode_modules/[4m.pnpm[24m/jest-runner@29.7.0/node_modules/[4mjest-runner[24m/build/runTest.js:444:34[90m)[39m
    at Object.worker [90m(/home/caxton/personal/projects/chioma/chioma-monorepo/backend/[39mnode_modules/[4m.pnpm[24m/jest-runner@29.7.0/node_modules/[4mjest-runner[24m/build/testWorker.js:106:12[90m)[39m
PASS src/health/indicators/stellar.indicator.spec.ts
PASS src/modules/properties/__tests__/properties.pagination.spec.ts
PASS src/modules/documents/document.service.spec.ts
PASS src/modules/subletting/subletting.service.spec.ts
PASS src/modules/kyc/admin-kyc.controller.spec.ts
PASS src/modules/security/security-hardening.spec.ts
[31m[Nest] 1338135  - [39m08/01/2026, 12:21:03 AM [31m  ERROR[39m [38;5;3m[EncryptionService] [39m[31mDecryption failed with all known keys[39m
[31m[Nest] 1338115  - [39m08/01/2026, 12:21:03 AM [31m  ERROR[39m [38;5;3m[EncryptionService] [39m[31mDecryption failed with all known keys[39m
PASS src/modules/feedback/feedback.service.spec.ts
PASS src/modules/auth/oauth/oauth2.controller.spec.ts
[31m[Nest] 1338135  - [39m08/01/2026, 12:21:04 AM [31m  ERROR[39m [38;5;3m[EncryptionService] [39m[31mDecryption failed with all known keys[39m
PASS src/modules/payments/payment.controller.spec.ts
[31m[Nest] 1338135  - [39m08/01/2026, 12:21:05 AM [31m  ERROR[39m [38;5;3m[EncryptionService] [39m[31mDecryption failed with all known keys[39m
PASS src/modules/stellar/services/agent-registry.service.spec.ts
[31m[Nest] 1338129  - [39m08/01/2026, 12:21:05 AM [31m  ERROR[39m [38;5;3m[EncryptionService] [39m[31mDecryption failed with all known keys[39m
PASS src/modules/auth/cron/session-cleanup.service.spec.ts
[31m[Nest] 1338121  - [39m08/01/2026, 12:21:06 AM [31m  ERROR[39m [38;5;3m[KycService] [39m[31mFailed to encrypt KYC data[39m
PASS src/modules/kyc/__tests__/kyc-encryption.integration.spec.ts
[31m[Nest] 1338121  - [39m08/01/2026, 12:21:06 AM [31m  ERROR[39m [38;5;3m[KycService] [39mError: Encryption failed
    at Object.<anonymous> [90m(/home/caxton/personal/projects/chioma/chioma-monorepo/backend/[39msrc/modules/kyc/kyc.service.spec.ts:140:15[90m)[39m
    at [90m/home/caxton/personal/projects/chioma/chioma-monorepo/backend/[39mnode_modules/[4m.pnpm[24m/jest-mock@29.7.0/node_modules/[4mjest-mock[24m/build/index.js:397:39
    at Object.<anonymous> [90m(/home/caxton/personal/projects/chioma/chioma-monorepo/backend/[39mnode_modules/[4m.pnpm[24m/jest-mock@29.7.0/node_modules/[4mjest-mock[24m/build/index.js:404:13[90m)[39m
    at Object.mockConstructor [as encrypt] [90m(/home/caxton/personal/projects/chioma/chioma-monorepo/backend/[39mnode_modules/[4m.pnpm[24m/jest-mock@29.7.0/node_modules/[4mjest-mock[24m/build/index.js:103:19[90m)[39m
    at encryptSensitiveKycFields [90m(/home/caxton/personal/projects/chioma/chioma-monorepo/backend/[39msrc/modules/kyc/kyc-encryption.util.ts:85:48[90m)[39m
    at KycService.encryptKycData [90m(/home/caxton/personal/projects/chioma/chioma-monorepo/backend/[39msrc/modules/kyc/kyc.service.ts:371:54[90m)[39m
    at KycService.submitKyc [90m(/home/caxton/personal/projects/chioma/chioma-monorepo/backend/[39msrc/modules/kyc/kyc.service.ts:70:37[90m)[39m
    at Object.<anonymous> [90m(/home/caxton/personal/projects/chioma/chioma-monorepo/backend/[39msrc/modules/kyc/kyc.service.spec.ts:143:28[90m)[39m
    at Promise.then.completed [90m(/home/caxton/personal/projects/chioma/chioma-monorepo/backend/[39mnode_modules/[4m.pnpm[24m/jest-circus@29.7.0/node_modules/[4mjest-circus[24m/build/utils.js:298:28[90m)[39m
    at new Promise (<anonymous>)
    at callAsyncCircusFn [90m(/home/caxton/personal/projects/chioma/chioma-monorepo/backend/[39mnode_modules/[4m.pnpm[24m/jest-circus@29.7.0/node_modules/[4mjest-circus[24m/build/utils.js:231:10[90m)[39m
    at _callCircusTest [90m(/home/caxton/personal/projects/chioma/chioma-monorepo/backend/[39mnode_modules/[4m.pnpm[24m/jest-circus@29.7.0/node_modules/[4mjest-circus[24m/build/run.js:316:40[90m)[39m
[90m    at processTicksAndRejections (node:internal/process/task_queues:105:5)[39m
    at _runTest [90m(/home/caxton/personal/projects/chioma/chioma-monorepo/backend/[39mnode_modules/[4m.pnpm[24m/jest-circus@29.7.0/node_modules/[4mjest-circus[24m/build/run.js:252:3[90m)[39m
    at _runTestsForDescribeBlock [90m(/home/caxton/personal/projects/chioma/chioma-monorepo/backend/[39mnode_modules/[4m.pnpm[24m/jest-circus@29.7.0/node_modules/[4mjest-circus[24m/build/run.js:126:9[90m)[39m
    at _runTestsForDescribeBlock [90m(/home/caxton/personal/projects/chioma/chioma-monorepo/backend/[39mnode_modules/[4m.pnpm[24m/jest-circus@29.7.0/node_modules/[4mjest-circus[24m/build/run.js:121:9[90m)[39m
    at _runTestsForDescribeBlock [90m(/home/caxton/personal/projects/chioma/chioma-monorepo/backend/[39mnode_modules/[4m.pnpm[24m/jest-circus@29.7.0/node_modules/[4mjest-circus[24m/build/run.js:121:9[90m)[39m
    at run [90m(/home/caxton/personal/projects/chioma/chioma-monorepo/backend/[39mnode_modules/[4m.pnpm[24m/jest-circus@29.7.0/node_modules/[4mjest-circus[24m/build/run.js:71:3[90m)[39m
    at runAndTransformResultsToJestFormat [90m(/home/caxton/personal/projects/chioma/chioma-monorepo/backend/[39mnode_modules/[4m.pnpm[24m/jest-circus@29.7.0/node_modules/[4mjest-circus[24m/build/legacy-code-todo-rewrite/jestAdapterInit.js:122:21[90m)[39m
    at jestAdapter [90m(/home/caxton/personal/projects/chioma/chioma-monorepo/backend/[39mnode_modules/[4m.pnpm[24m/jest-circus@29.7.0/node_modules/[4mjest-circus[24m/build/legacy-code-todo-rewrite/jestAdapter.js:79:19[90m)[39m
    at runTestInternal [90m(/home/caxton/personal/projects/chioma/chioma-monorepo/backend/[39mnode_modules/[4m.pnpm[24m/jest-runner@29.7.0/node_modules/[4mjest-runner[24m/build/runTest.js:367:16[90m)[39m
    at runTest [90m(/home/caxton/personal/projects/chioma/chioma-monorepo/backend/[39mnode_modules/[4m.pnpm[24m/jest-runner@29.7.0/node_modules/[4mjest-runner[24m/build/runTest.js:444:34[90m)[39m
    at Object.worker [90m(/home/caxton/personal/projects/chioma/chioma-monorepo/backend/[39mnode_modules/[4m.pnpm[24m/jest-runner@29.7.0/node_modules/[4mjest-runner[24m/build/testWorker.js:106:12[90m)[39m
[31m[Nest] 1338121  - [39m08/01/2026, 12:21:06 AM [31m  ERROR[39m [38;5;3m[KycService] [39m[31mFailed to submit KYC for user user-123[39m
[31m[Nest] 1338121  - [39m08/01/2026, 12:21:06 AM [31m  ERROR[39m [38;5;3m[KycService] [39mError: Encryption failed
    at Object.<anonymous> [90m(/home/caxton/personal/projects/chioma/chioma-monorepo/backend/[39msrc/modules/kyc/kyc.service.spec.ts:140:15[90m)[39m
    at [90m/home/caxton/personal/projects/chioma/chioma-monorepo/backend/[39mnode_modules/[4m.pnpm[24m/jest-mock@29.7.0/node_modules/[4mjest-mock[24m/build/index.js:397:39
    at Object.<anonymous> [90m(/home/caxton/personal/projects/chioma/chioma-monorepo/backend/[39mnode_modules/[4m.pnpm[24m/jest-mock@29.7.0/node_modules/[4mjest-mock[24m/build/index.js:404:13[90m)[39m
    at Object.mockConstructor [as encrypt] [90m(/home/caxton/personal/projects/chioma/chioma-monorepo/backend/[39mnode_modules/[4m.pnpm[24m/jest-mock@29.7.0/node_modules/[4mjest-mock[24m/build/index.js:103:19[90m)[39m
    at encryptSensitiveKycFields [90m(/home/caxton/personal/projects/chioma/chioma-monorepo/backend/[39msrc/modules/kyc/kyc-encryption.util.ts:85:48[90m)[39m
    at KycService.encryptKycData [90m(/home/caxton/personal/projects/chioma/chioma-monorepo/backend/[39msrc/modules/kyc/kyc.service.ts:371:54[90m)[39m
    at KycService.submitKyc [90m(/home/caxton/personal/projects/chioma/chioma-monorepo/backend/[39msrc/modules/kyc/kyc.service.ts:70:37[90m)[39m
    at Object.<anonymous> [90m(/home/caxton/personal/projects/chioma/chioma-monorepo/backend/[39msrc/modules/kyc/kyc.service.spec.ts:143:28[90m)[39m
    at Promise.then.completed [90m(/home/caxton/personal/projects/chioma/chioma-monorepo/backend/[39mnode_modules/[4m.pnpm[24m/jest-circus@29.7.0/node_modules/[4mjest-circus[24m/build/utils.js:298:28[90m)[39m
    at new Promise (<anonymous>)
    at callAsyncCircusFn [90m(/home/caxton/personal/projects/chioma/chioma-monorepo/backend/[39mnode_modules/[4m.pnpm[24m/jest-circus@29.7.0/node_modules/[4mjest-circus[24m/build/utils.js:231:10[90m)[39m
    at _callCircusTest [90m(/home/caxton/personal/projects/chioma/chioma-monorepo/backend/[39mnode_modules/[4m.pnpm[24m/jest-circus@29.7.0/node_modules/[4mjest-circus[24m/build/run.js:316:40[90m)[39m
[90m    at processTicksAndRejections (node:internal/process/task_queues:105:5)[39m
    at _runTest [90m(/home/caxton/personal/projects/chioma/chioma-monorepo/backend/[39mnode_modules/[4m.pnpm[24m/jest-circus@29.7.0/node_modules/[4mjest-circus[24m/build/run.js:252:3[90m)[39m
    at _runTestsForDescribeBlock [90m(/home/caxton/personal/projects/chioma/chioma-monorepo/backend/[39mnode_modules/[4m.pnpm[24m/jest-circus@29.7.0/node_modules/[4mjest-circus[24m/build/run.js:126:9[90m)[39m
    at _runTestsForDescribeBlock [90m(/home/caxton/personal/projects/chioma/chioma-monorepo/backend/[39mnode_modules/[4m.pnpm[24m/jest-circus@29.7.0/node_modules/[4mjest-circus[24m/build/run.js:121:9[90m)[39m
    at _runTestsForDescribeBlock [90m(/home/caxton/personal/projects/chioma/chioma-monorepo/backend/[39mnode_modules/[4m.pnpm[24m/jest-circus@29.7.0/node_modules/[4mjest-circus[24m/build/run.js:121:9[90m)[39m
    at run [90m(/home/caxton/personal/projects/chioma/chioma-monorepo/backend/[39mnode_modules/[4m.pnpm[24m/jest-circus@29.7.0/node_modules/[4mjest-circus[24m/build/run.js:71:3[90m)[39m
    at runAndTransformResultsToJestFormat [90m(/home/caxton/personal/projects/chioma/chioma-monorepo/backend/[39mnode_modules/[4m.pnpm[24m/jest-circus@29.7.0/node_modules/[4mjest-circus[24m/build/legacy-code-todo-rewrite/jestAdapterInit.js:122:21[90m)[39m
    at jestAdapter [90m(/home/caxton/personal/projects/chioma/chioma-monorepo/backend/[39mnode_modules/[4m.pnpm[24m/jest-circus@29.7.0/node_modules/[4mjest-circus[24m/build/legacy-code-todo-rewrite/jestAdapter.js:79:19[90m)[39m
    at runTestInternal [90m(/home/caxton/personal/projects/chioma/chioma-monorepo/backend/[39mnode_modules/[4m.pnpm[24m/jest-runner@29.7.0/node_modules/[4mjest-runner[24m/build/runTest.js:367:16[90m)[39m
    at runTest [90m(/home/caxton/personal/projects/chioma/chioma-monorepo/backend/[39mnode_modules/[4m.pnpm[24m/jest-runner@29.7.0/node_modules/[4mjest-runner[24m/build/runTest.js:444:34[90m)[39m
    at Object.worker [90m(/home/caxton/personal/projects/chioma/chioma-monorepo/backend/[39mnode_modules/[4m.pnpm[24m/jest-runner@29.7.0/node_modules/[4mjest-runner[24m/build/testWorker.js:106:12[90m)[39m
[31m[Nest] 1338135  - [39m08/01/2026, 12:21:06 AM [31m  ERROR[39m [38;5;3m[EncryptionService] [39m[31mDecryption failed with all known keys[39m
PASS src/modules/monitoring/performance-monitor.service.spec.ts
PASS src/modules/stellar/__tests__/stellar.service.spec.ts
PASS src/modules/inquiries/inquiries.service.spec.ts
PASS src/common/__tests__/api-timeout.integration.spec.ts
PASS src/modules/kyc/kyc.controller.spec.ts
PASS src/modules/stellar/__tests__/stellar.comprehensive.spec.ts
PASS src/modules/kyc/kyc.service.spec.ts
PASS src/modules/agreements/agreements.service.spec.ts
PASS src/modules/auth/oauth/oauth2-client.service.spec.ts
PASS src/modules/users/users.service.spec.ts
PASS src/modules/bookings/bookings.service.spec.ts
[31m[Nest] 1338127  - [39m08/01/2026, 12:21:09 AM [31m  ERROR[39m [38;5;3m[EncryptionService] [39m[31mDecryption failed with all known keys[39m
PASS src/modules/stellar/services/property-registry.service.spec.ts
PASS src/modules/payments/payment-gateway.contract.spec.ts
PASS src/modules/queues/services/queue-processing.integration.spec.ts
PASS src/modules/payments/payment.service.comprehensive.spec.ts
[31m[Nest] 1338121  - [39m08/01/2026, 12:21:09 AM [31m  ERROR[39m [38;5;3m[DeadLetterQueueService] [39m[31mJob 42 moved to dead letter queue from email: send failed[39m
[31m[Nest] 1338121  - [39m08/01/2026, 12:21:09 AM [31m  ERROR[39m [38;5;3m[DeadLetterQueueService] [39m[31mJob 42 moved to dead letter queue from email: send failed[39m
[31m[Nest] 1338121  - [39m08/01/2026, 12:21:09 AM [31m  ERROR[39m [38;5;3m[DeadLetterQueueService] [39m[31mJob 42 moved to dead letter queue from email: fail[39m
[31m[Nest] 1338121  - [39m08/01/2026, 12:21:10 AM [31m  ERROR[39m [38;5;3m[DeadLetterQueueService] [39m[31mFailed to send retry-exhaustion alert for email job 42[39m
Error: smtp down
    at Object.<anonymous> (/home/caxton/personal/projects/chioma/chioma-monorepo/backend/src/modules/queues/services/dead-letter-queue.service.spec.ts:133:7)
    at Promise.then.completed (/home/caxton/personal/projects/chioma/chioma-monorepo/backend/node_modules/.pnpm/jest-circus@29.7.0/node_modules/jest-circus/build/utils.js:298:28)
    at new Promise (<anonymous>)
    at callAsyncCircusFn (/home/caxton/personal/projects/chioma/chioma-monorepo/backend/node_modules/.pnpm/jest-circus@29.7.0/node_modules/jest-circus/build/utils.js:231:10)
    at _callCircusTest (/home/caxton/personal/projects/chioma/chioma-monorepo/backend/node_modules/.pnpm/jest-circus@29.7.0/node_modules/jest-circus/build/run.js:316:40)
    at processTicksAndRejections (node:internal/process/task_queues:105:5)
    at _runTest (/home/caxton/personal/projects/chioma/chioma-monorepo/backend/node_modules/.pnpm/jest-circus@29.7.0/node_modules/jest-circus/build/run.js:252:3)
    at _runTestsForDescribeBlock (/home/caxton/personal/projects/chioma/chioma-monorepo/backend/node_modules/.pnpm/jest-circus@29.7.0/node_modules/jest-circus/build/run.js:126:9)
    at _runTestsForDescribeBlock (/home/caxton/personal/projects/chioma/chioma-monorepo/backend/node_modules/.pnpm/jest-circus@29.7.0/node_modules/jest-circus/build/run.js:121:9)
    at run (/home/caxton/personal/projects/chioma/chioma-monorepo/backend/node_modules/.pnpm/jest-circus@29.7.0/node_modules/jest-circus/build/run.js:71:3)
    at runAndTransformResultsToJestFormat (/home/caxton/personal/projects/chioma/chioma-monorepo/backend/node_modules/.pnpm/jest-circus@29.7.0/node_modules/jest-circus/build/legacy-code-todo-rewrite/jestAdapterInit.js:122:21)
    at jestAdapter (/home/caxton/personal/projects/chioma/chioma-monorepo/backend/node_modules/.pnpm/jest-circus@29.7.0/node_modules/jest-circus/build/legacy-code-todo-rewrite/jestAdapter.js:79:19)
    at runTestInternal (/home/caxton/personal/projects/chioma/chioma-monorepo/backend/node_modules/.pnpm/jest-runner@29.7.0/node_modules/jest-runner/build/runTest.js:367:16)
    at runTest (/home/caxton/personal/projects/chioma/chioma-monorepo/backend/node_modules/.pnpm/jest-runner@29.7.0/node_modules/jest-runner/build/runTest.js:444:34)
    at Object.worker (/home/caxton/personal/projects/chioma/chioma-monorepo/backend/node_modules/.pnpm/jest-runner@29.7.0/node_modules/jest-runner/build/testWorker.js:106:12)
[31m[Nest] 1338127  - [39m08/01/2026, 12:21:10 AM [31m  ERROR[39m [38;5;3m[EncryptionService] [39m[31mDecryption failed with all known keys[39m
PASS src/modules/stellar/__tests__/stellar.controller.spec.ts
PASS src/modules/queues/services/dead-letter-queue.service.spec.ts
PASS src/modules/webhooks/webhooks.controller.spec.ts
PASS src/common/__tests__/sql-injection.spec.ts
[31m[Nest] 1338135  - [39m08/01/2026, 12:21:10 AM [31m  ERROR[39m [38;5;3m[EncryptionService] [39m[31mDecryption failed with all known keys[39m
PASS src/modules/reviews/reviews.service.spec.ts
PASS src/modules/kyc/kyc-data-migration.util.spec.ts (7.06 s)
PASS src/modules/stellar/controllers/property-registry.controller.spec.ts
[31m[Nest] 1338115  - [39m08/01/2026, 12:21:10 AM [31m  ERROR[39m [38;5;3m[NotificationsService] [39m[31mFailed to send notification "Payment received" to user user-6[39m
Error: db down
    at Object.<anonymous> (/home/caxton/personal/projects/chioma/chioma-monorepo/backend/src/modules/notifications/notifications.service.spec.ts:164:45)
    at Promise.then.completed (/home/caxton/personal/projects/chioma/chioma-monorepo/backend/node_modules/.pnpm/jest-circus@29.7.0/node_modules/jest-circus/build/utils.js:298:28)
    at new Promise (<anonymous>)
    at callAsyncCircusFn (/home/caxton/personal/projects/chioma/chioma-monorepo/backend/node_modules/.pnpm/jest-circus@29.7.0/node_modules/jest-circus/build/utils.js:231:10)
    at _callCircusTest (/home/caxton/personal/projects/chioma/chioma-monorepo/backend/node_modules/.pnpm/jest-circus@29.7.0/node_modules/jest-circus/build/run.js:316:40)
    at processTicksAndRejections (node:internal/process/task_queues:105:5)
    at _runTest (/home/caxton/personal/projects/chioma/chioma-monorepo/backend/node_modules/.pnpm/jest-circus@29.7.0/node_modules/jest-circus/build/run.js:252:3)
    at _runTestsForDescribeBlock (/home/caxton/personal/projects/chioma/chioma-monorepo/backend/node_modules/.pnpm/jest-circus@29.7.0/node_modules/jest-circus/build/run.js:126:9)
    at _runTestsForDescribeBlock (/home/caxton/personal/projects/chioma/chioma-monorepo/backend/node_modules/.pnpm/jest-circus@29.7.0/node_modules/jest-circus/build/run.js:121:9)
    at run (/home/caxton/personal/projects/chioma/chioma-monorepo/backend/node_modules/.pnpm/jest-circus@29.7.0/node_modules/jest-circus/build/run.js:71:3)
    at runAndTransformResultsToJestFormat (/home/caxton/personal/projects/chioma/chioma-monorepo/backend/node_modules/.pnpm/jest-circus@29.7.0/node_modules/jest-circus/build/legacy-code-todo-rewrite/jestAdapterInit.js:122:21)
    at jestAdapter (/home/caxton/personal/projects/chioma/chioma-monorepo/backend/node_modules/.pnpm/jest-circus@29.7.0/node_modules/jest-circus/build/legacy-code-todo-rewrite/jestAdapter.js:79:19)
    at runTestInternal (/home/caxton/personal/projects/chioma/chioma-monorepo/backend/node_modules/.pnpm/jest-runner@29.7.0/node_modules/jest-runner/build/runTest.js:367:16)
    at runTest (/home/caxton/personal/projects/chioma/chioma-monorepo/backend/node_modules/.pnpm/jest-runner@29.7.0/node_modules/jest-runner/build/runTest.js:444:34)
    at Object.worker (/home/caxton/personal/projects/chioma/chioma-monorepo/backend/node_modules/.pnpm/jest-runner@29.7.0/node_modules/jest-runner/build/testWorker.js:106:12)
PASS src/modules/notifications/notifications.service.spec.ts
[32m[Nest] 1338115  - [39m08/01/2026, 12:21:10 AM [32m    LOG[39m [38;5;3m[NotificationsService] [39m[32mNotification sent to user user-1: Payment received[39m
[32m[Nest] 1338115  - [39m08/01/2026, 12:21:10 AM [32m    LOG[39m [38;5;3m[NotificationsService] [39m[32mNotification sent to user user-1: Payment received[39m
[32m[Nest] 1338115  - [39m08/01/2026, 12:21:10 AM [32m    LOG[39m [38;5;3m[NotificationsService] [39m[32mNotification sent to user user-2: Maintenance[39m
[32m[Nest] 1338115  - [39m08/01/2026, 12:21:10 AM [32m    LOG[39m [38;5;3m[NotificationsService] [39m[32mNotification sent to user user-3: New message[39m
[31m[Nest] 1338121  - [39m08/01/2026, 12:21:11 AM [31m  ERROR[39m [38;5;3m[EmailService] [39m[31mFailed to send verification email to user@example.com[39m
Error: SMTP connection failed
    at Object.<anonymous> (/home/caxton/personal/projects/chioma/chioma-monorepo/backend/src/modules/notifications/email.service.spec.ts:103:38)
    at Promise.then.completed (/home/caxton/personal/projects/chioma/chioma-monorepo/backend/node_modules/.pnpm/jest-circus@29.7.0/node_modules/jest-circus/build/utils.js:298:28)
    at new Promise (<anonymous>)
    at callAsyncCircusFn (/home/caxton/personal/projects/chioma/chioma-monorepo/backend/node_modules/.pnpm/jest-circus@29.7.0/node_modules/jest-circus/build/utils.js:231:10)
    at _callCircusTest (/home/caxton/personal/projects/chioma/chioma-monorepo/backend/node_modules/.pnpm/jest-circus@29.7.0/node_modules/jest-circus/build/run.js:316:40)
    at processTicksAndRejections (node:internal/process/task_queues:105:5)
    at _runTest (/home/caxton/personal/projects/chioma/chioma-monorepo/backend/node_modules/.pnpm/jest-circus@29.7.0/node_modules/jest-circus/build/run.js:252:3)
    at _runTestsForDescribeBlock (/home/caxton/personal/projects/chioma/chioma-monorepo/backend/node_modules/.pnpm/jest-circus@29.7.0/node_modules/jest-circus/build/run.js:126:9)
    at _runTestsForDescribeBlock (/home/caxton/personal/projects/chioma/chioma-monorepo/backend/node_modules/.pnpm/jest-circus@29.7.0/node_modules/jest-circus/build/run.js:121:9)
    at _runTestsForDescribeBlock (/home/caxton/personal/projects/chioma/chioma-monorepo/backend/node_modules/.pnpm/jest-circus@29.7.0/node_modules/jest-circus/build/run.js:121:9)
    at run (/home/caxton/personal/projects/chioma/chioma-monorepo/backend/node_modules/.pnpm/jest-circus@29.7.0/node_modules/jest-circus/build/run.js:71:3)
    at runAndTransformResultsToJestFormat (/home/caxton/personal/projects/chioma/chioma-monorepo/backend/node_modules/.pnpm/jest-circus@29.7.0/node_modules/jest-circus/build/legacy-code-todo-rewrite/jestAdapterInit.js:122:21)
    at jestAdapter (/home/caxton/personal/projects/chioma/chioma-monorepo/backend/node_modules/.pnpm/jest-circus@29.7.0/node_modules/jest-circus/build/legacy-code-todo-rewrite/jestAdapter.js:79:19)
    at runTestInternal (/home/caxton/personal/projects/chioma/chioma-monorepo/backend/node_modules/.pnpm/jest-runner@29.7.0/node_modules/jest-runner/build/runTest.js:367:16)
    at runTest (/home/caxton/personal/projects/chioma/chioma-monorepo/backend/node_modules/.pnpm/jest-runner@29.7.0/node_modules/jest-runner/build/runTest.js:444:34)
    at Object.worker (/home/caxton/personal/projects/chioma/chioma-monorepo/backend/node_modules/.pnpm/jest-runner@29.7.0/node_modules/jest-runner/build/testWorker.js:106:12)
[31m[Nest] 1338121  - [39m08/01/2026, 12:21:11 AM [31m  ERROR[39m [38;5;3m[RetryDecorator] [39m[31m[sendVerificationEmail] All 1 attempt(s) exhausted. Last error: Failed to send verification email[39m
[31m[Nest] 1338121  - [39m08/01/2026, 12:21:11 AM [31m  ERROR[39m [38;5;3m[EmailService] [39m[31mFailed to send password reset email to reset@example.com[39m
Error: Auth error
    at Object.<anonymous> (/home/caxton/personal/projects/chioma/chioma-monorepo/backend/src/modules/notifications/email.service.spec.ts:172:38)
    at Promise.then.completed (/home/caxton/personal/projects/chioma/chioma-monorepo/backend/node_modules/.pnpm/jest-circus@29.7.0/node_modules/jest-circus/build/utils.js:298:28)
    at new Promise (<anonymous>)
    at callAsyncCircusFn (/home/caxton/personal/projects/chioma/chioma-monorepo/backend/node_modules/.pnpm/jest-circus@29.7.0/node_modules/jest-circus/build/utils.js:231:10)
    at _callCircusTest (/home/caxton/personal/projects/chioma/chioma-monorepo/backend/node_modules/.pnpm/jest-circus@29.7.0/node_modules/jest-circus/build/run.js:316:40)
    at processTicksAndRejections (node:internal/process/task_queues:105:5)
    at _runTest (/home/caxton/personal/projects/chioma/chioma-monorepo/backend/node_modules/.pnpm/jest-circus@29.7.0/node_modules/jest-circus/build/run.js:252:3)
    at _runTestsForDescribeBlock (/home/caxton/personal/projects/chioma/chioma-monorepo/backend/node_modules/.pnpm/jest-circus@29.7.0/node_modules/jest-circus/build/run.js:126:9)
    at _runTestsForDescribeBlock (/home/caxton/personal/projects/chioma/chioma-monorepo/backend/node_modules/.pnpm/jest-circus@29.7.0/node_modules/jest-circus/build/run.js:121:9)
    at _runTestsForDescribeBlock (/home/caxton/personal/projects/chioma/chioma-monorepo/backend/node_modules/.pnpm/jest-circus@29.7.0/node_modules/jest-circus/build/run.js:121:9)
    at run (/home/caxton/personal/projects/chioma/chioma-monorepo/backend/node_modules/.pnpm/jest-circus@29.7.0/node_modules/jest-circus/build/run.js:71:3)
    at runAndTransformResultsToJestFormat (/home/caxton/personal/projects/chioma/chioma-monorepo/backend/node_modules/.pnpm/jest-circus@29.7.0/node_modules/jest-circus/build/legacy-code-todo-rewrite/jestAdapterInit.js:122:21)
    at jestAdapter (/home/caxton/personal/projects/chioma/chioma-monorepo/backend/node_modules/.pnpm/jest-circus@29.7.0/node_modules/jest-circus/build/legacy-code-todo-rewrite/jestAdapter.js:79:19)
    at runTestInternal (/home/caxton/personal/projects/chioma/chioma-monorepo/backend/node_modules/.pnpm/jest-runner@29.7.0/node_modules/jest-runner/build/runTest.js:367:16)
    at runTest (/home/caxton/personal/projects/chioma/chioma-monorepo/backend/node_modules/.pnpm/jest-runner@29.7.0/node_modules/jest-runner/build/runTest.js:444:34)
    at Object.worker (/home/caxton/personal/projects/chioma/chioma-monorepo/backend/node_modules/.pnpm/jest-runner@29.7.0/node_modules/jest-runner/build/testWorker.js:106:12)
[31m[Nest] 1338121  - [39m08/01/2026, 12:21:11 AM [31m  ERROR[39m [38;5;3m[RetryDecorator] [39m[31m[sendPasswordResetEmail] All 1 attempt(s) exhausted. Last error: Failed to send password reset email[39m
[31m[Nest] 1338121  - [39m08/01/2026, 12:21:11 AM [31m  ERROR[39m [38;5;3m[EmailService] [39m[31mEmail rate limit check failed for key "password-reset:reset@example.com", allowing send[39m
redis down
[31m[Nest] 1338121  - [39m08/01/2026, 12:21:11 AM [31m  ERROR[39m [38;5;3m[EmailService] [39m[31mFailed to send notification email to n@example.com[39m
Error: send failed
    at Object.<anonymous> (/home/caxton/personal/projects/chioma/chioma-monorepo/backend/src/modules/notifications/email.service.spec.ts:335:38)
    at Promise.then.completed (/home/caxton/personal/projects/chioma/chioma-monorepo/backend/node_modules/.pnpm/jest-circus@29.7.0/node_modules/jest-circus/build/utils.js:298:28)
    at new Promise (<anonymous>)
    at callAsyncCircusFn (/home/caxton/personal/projects/chioma/chioma-monorepo/backend/node_modules/.pnpm/jest-circus@29.7.0/node_modules/jest-circus/build/utils.js:231:10)
    at _callCircusTest (/home/caxton/personal/projects/chioma/chioma-monorepo/backend/node_modules/.pnpm/jest-circus@29.7.0/node_modules/jest-circus/build/run.js:316:40)
    at processTicksAndRejections (node:internal/process/task_queues:105:5)
    at _runTest (/home/caxton/personal/projects/chioma/chioma-monorepo/backend/node_modules/.pnpm/jest-circus@29.7.0/node_modules/jest-circus/build/run.js:252:3)
    at _runTestsForDescribeBlock (/home/caxton/personal/projects/chioma/chioma-monorepo/backend/node_modules/.pnpm/jest-circus@29.7.0/node_modules/jest-circus/build/run.js:126:9)
    at _runTestsForDescribeBlock (/home/caxton/personal/projects/chioma/chioma-monorepo/backend/node_modules/.pnpm/jest-circus@29.7.0/node_modules/jest-circus/build/run.js:121:9)
    at _runTestsForDescribeBlock (/home/caxton/personal/projects/chioma/chioma-monorepo/backend/node_modules/.pnpm/jest-circus@29.7.0/node_modules/jest-circus/build/run.js:121:9)
    at run (/home/caxton/personal/projects/chioma/chioma-monorepo/backend/node_modules/.pnpm/jest-circus@29.7.0/node_modules/jest-circus/build/run.js:71:3)
    at runAndTransformResultsToJestFormat (/home/caxton/personal/projects/chioma/chioma-monorepo/backend/node_modules/.pnpm/jest-circus@29.7.0/node_modules/jest-circus/build/legacy-code-todo-rewrite/jestAdapterInit.js:122:21)
    at jestAdapter (/home/caxton/personal/projects/chioma/chioma-monorepo/backend/node_modules/.pnpm/jest-circus@29.7.0/node_modules/jest-circus/build/legacy-code-todo-rewrite/jestAdapter.js:79:19)
    at runTestInternal (/home/caxton/personal/projects/chioma/chioma-monorepo/backend/node_modules/.pnpm/jest-runner@29.7.0/node_modules/jest-runner/build/runTest.js:367:16)
    at runTest (/home/caxton/personal/projects/chioma/chioma-monorepo/backend/node_modules/.pnpm/jest-runner@29.7.0/node_modules/jest-runner/build/runTest.js:444:34)
    at Object.worker (/home/caxton/personal/projects/chioma/chioma-monorepo/backend/node_modules/.pnpm/jest-runner@29.7.0/node_modules/jest-runner/build/testWorker.js:106:12)
[31m[Nest] 1338121  - [39m08/01/2026, 12:21:11 AM [31m  ERROR[39m [38;5;3m[RetryDecorator] [39m[31m[sendNotificationEmail] All 1 attempt(s) exhausted. Last error: Failed to send notification email[39m
[31m[Nest] 1338121  - [39m08/01/2026, 12:21:11 AM [31m  ERROR[39m [38;5;3m[EmailService] [39m[31mFailed to send alert email to admin@chioma.app[39m
Error: relay error
    at Object.<anonymous> (/home/caxton/personal/projects/chioma/chioma-monorepo/backend/src/modules/notifications/email.service.spec.ts:389:38)
    at Promise.then.completed (/home/caxton/personal/projects/chioma/chioma-monorepo/backend/node_modules/.pnpm/jest-circus@29.7.0/node_modules/jest-circus/build/utils.js:298:28)
    at new Promise (<anonymous>)
    at callAsyncCircusFn (/home/caxton/personal/projects/chioma/chioma-monorepo/backend/node_modules/.pnpm/jest-circus@29.7.0/node_modules/jest-circus/build/utils.js:231:10)
    at _callCircusTest (/home/caxton/personal/projects/chioma/chioma-monorepo/backend/node_modules/.pnpm/jest-circus@29.7.0/node_modules/jest-circus/build/run.js:316:40)
    at processTicksAndRejections (node:internal/process/task_queues:105:5)
    at _runTest (/home/caxton/personal/projects/chioma/chioma-monorepo/backend/node_modules/.pnpm/jest-circus@29.7.0/node_modules/jest-circus/build/run.js:252:3)
    at _runTestsForDescribeBlock (/home/caxton/personal/projects/chioma/chioma-monorepo/backend/node_modules/.pnpm/jest-circus@29.7.0/node_modules/jest-circus/build/run.js:126:9)
    at _runTestsForDescribeBlock (/home/caxton/personal/projects/chioma/chioma-monorepo/backend/node_modules/.pnpm/jest-circus@29.7.0/node_modules/jest-circus/build/run.js:121:9)
    at _runTestsForDescribeBlock (/home/caxton/personal/projects/chioma/chioma-monorepo/backend/node_modules/.pnpm/jest-circus@29.7.0/node_modules/jest-circus/build/run.js:121:9)
    at run (/home/caxton/personal/projects/chioma/chioma-monorepo/backend/node_modules/.pnpm/jest-circus@29.7.0/node_modules/jest-circus/build/run.js:71:3)
    at runAndTransformResultsToJestFormat (/home/caxton/personal/projects/chioma/chioma-monorepo/backend/node_modules/.pnpm/jest-circus@29.7.0/node_modules/jest-circus/build/legacy-code-todo-rewrite/jestAdapterInit.js:122:21)
    at jestAdapter (/home/caxton/personal/projects/chioma/chioma-monorepo/backend/node_modules/.pnpm/jest-circus@29.7.0/node_modules/jest-circus/build/legacy-code-todo-rewrite/jestAdapter.js:79:19)
    at runTestInternal (/home/caxton/personal/projects/chioma/chioma-monorepo/backend/node_modules/.pnpm/jest-runner@29.7.0/node_modules/jest-runner/build/runTest.js:367:16)
    at runTest (/home/caxton/personal/projects/chioma/chioma-monorepo/backend/node_modules/.pnpm/jest-runner@29.7.0/node_modules/jest-runner/build/runTest.js:444:34)
    at Object.worker (/home/caxton/personal/projects/chioma/chioma-monorepo/backend/node_modules/.pnpm/jest-runner@29.7.0/node_modules/jest-runner/build/testWorker.js:106:12)
[31m[Nest] 1338121  - [39m08/01/2026, 12:21:11 AM [31m  ERROR[39m [38;5;3m[RetryDecorator] [39m[31m[sendAlertEmail] All 1 attempt(s) exhausted. Last error: Failed to send alert email[39m
PASS src/modules/notifications/email.service.spec.ts
PASS src/modules/payments/schedule.service.spec.ts
PASS src/common/interceptors/response-time.interceptor.spec.ts
[31m[Nest] 1338135  - [39m08/01/2026, 12:21:11 AM [31m  ERROR[39m [38;5;3m[EncryptionService] [39m[31mDecryption failed with all known keys[39m
PASS src/modules/properties/availability.service.spec.ts
PASS src/modules/scheduled-tasks/__tests__/scheduled-tasks.integration.spec.ts
PASS src/common/__tests__/encryption-at-rest-and-in-transit.spec.ts (10.106 s)
PASS src/config/env.validation.spec.ts
PASS src/common/utils/date/__tests__/date.utils.spec.ts
PASS src/modules/auth/oauth/oauth2.service.spec.ts
PASS src/modules/profile/profile.service.spec.ts
PASS src/modules/kyc/__tests__/kyc-encryption.unit.spec.ts (12.814 s)
PASS src/common/__tests__/circuit-breaker.integration.spec.ts
PASS src/modules/kyc/__tests__/kyc-encryption.security.spec.ts (11.546 s)
PASS src/modules/monitoring/database-monitor.service.spec.ts
[31m[Nest] 1338109  - [39m08/01/2026, 12:21:13 AM [31m  ERROR[39m [38;5;3m[EncryptionService] [39m[31mDecryption failed with all known keys[39m
PASS src/modules/maintenance/maintenance.service.spec.ts
PASS src/modules/security/encryption.service.spec.ts
PASS src/modules/fraud/fraud-alerts.service.spec.ts
PASS src/common/__tests__/api-compression.integration.spec.ts
PASS src/common/utils/pagination/__tests__/pagination.utils.spec.ts
PASS src/modules/payments/payment.service.spec.ts
[31m[Nest] 1338108  - [39m08/01/2026, 12:21:13 AM [31m  ERROR[39m [38;5;3m[AllExceptionsFilter] [39m[31mPOST /api/test - 500 [request-id][39m
[31m[Nest] 1338108  - [39m08/01/2026, 12:21:13 AM [31m  ERROR[39m [38;5;3m[AllExceptionsFilter] [39m[31mError: Unhandled
    at Object.<anonymous> (/home/caxton/personal/projects/chioma/chioma-monorepo/backend/src/common/filters/all-exceptions.filter.spec.ts:61:23)
    at Promise.then.completed (/home/caxton/personal/projects/chioma/chioma-monorepo/backend/node_modules/.pnpm/jest-circus@29.7.0/node_modules/jest-circus/build/utils.js:298:28)
    at new Promise (<anonymous>)
    at callAsyncCircusFn (/home/caxton/personal/projects/chioma/chioma-monorepo/backend/node_modules/.pnpm/jest-circus@29.7.0/node_modules/jest-circus/build/utils.js:231:10)
    at _callCircusTest (/home/caxton/personal/projects/chioma/chioma-monorepo/backend/node_modules/.pnpm/jest-circus@29.7.0/node_modules/jest-circus/build/run.js:316:40)
    at processTicksAndRejections (node:internal/process/task_queues:105:5)
    at _runTest (/home/caxton/personal/projects/chioma/chioma-monorepo/backend/node_modules/.pnpm/jest-circus@29.7.0/node_modules/jest-circus/build/run.js:252:3)
    at _runTestsForDescribeBlock (/home/caxton/personal/projects/chioma/chioma-monorepo/backend/node_modules/.pnpm/jest-circus@29.7.0/node_modules/jest-circus/build/run.js:126:9)
    at _runTestsForDescribeBlock (/home/caxton/personal/projects/chioma/chioma-monorepo/backend/node_modules/.pnpm/jest-circus@29.7.0/node_modules/jest-circus/build/run.js:121:9)
    at run (/home/caxton/personal/projects/chioma/chioma-monorepo/backend/node_modules/.pnpm/jest-circus@29.7.0/node_modules/jest-circus/build/run.js:71:3)
    at runAndTransformResultsToJestFormat (/home/caxton/personal/projects/chioma/chioma-monorepo/backend/node_modules/.pnpm/jest-circus@29.7.0/node_modules/jest-circus/build/legacy-code-todo-rewrite/jestAdapterInit.js:122:21)
    at jestAdapter (/home/caxton/personal/projects/chioma/chioma-monorepo/backend/node_modules/.pnpm/jest-circus@29.7.0/node_modules/jest-circus/build/legacy-code-todo-rewrite/jestAdapter.js:79:19)
    at runTestInternal (/home/caxton/personal/projects/chioma/chioma-monorepo/backend/node_modules/.pnpm/jest-runner@29.7.0/node_modules/jest-runner/build/runTest.js:367:16)
    at runTest (/home/caxton/personal/projects/chioma/chioma-monorepo/backend/node_modules/.pnpm/jest-runner@29.7.0/node_modules/jest-runner/build/runTest.js:444:34)
    at Object.worker (/home/caxton/personal/projects/chioma/chioma-monorepo/backend/node_modules/.pnpm/jest-runner@29.7.0/node_modules/jest-runner/build/testWorker.js:106:12)[39m
{"requestId":"request-id","path":"/api/test","method":"POST","statusCode":500}
PASS src/modules/auth/__tests__/auth-endpoint-security.spec.ts
PASS src/common/filters/all-exceptions.filter.spec.ts
[33m[Nest] 1338108  - [39m08/01/2026, 12:21:13 AM [33m   WARN[39m [38;5;3m[AllExceptionsFilter] [39m[33mPOST /api/test - 400: email must be an email, password must be longer than or equal to 8 characters [request-id][39m
[33m[Nest] 1338108  - [39m08/01/2026, 12:21:13 AM [33m   WARN[39m [38;5;3m[AllExceptionsFilter] [39m[33mPOST /api/test - 403: Custom body [request-id][39m
[33m[Nest] 1338108  - [39m08/01/2026, 12:21:13 AM [33m   WARN[39m [38;5;3m[AllExceptionsFilter] [39m[33mPOST /api/test - 429: Too many requests [request-id][39m
[33m[Nest] 1338108  - [39m08/01/2026, 12:21:13 AM [33m   WARN[39m [38;5;3m[AllExceptionsFilter] [39m[33mPOST /api/test - 400: Bad input [request-id][39m
[33m[Nest] 1338108  - [39m08/01/2026, 12:21:13 AM [33m   WARN[39m [38;5;3m[AllExceptionsFilter] [39m[33mPOST /api/test - 429: Too Many Requests [request-id][39m
[31m[Nest] 1338129  - [39m08/01/2026, 12:21:13 AM [31m  ERROR[39m [38;5;3m[DisputeContractEnhancedService] [39m[31mFailed to register arbiter: Blockchain error[39m
Error: Blockchain error
    at Object.<anonymous> (/home/caxton/personal/projects/chioma/chioma-monorepo/backend/src/modules/stellar/services/dispute-contract-enhanced.service.spec.ts:173:9)
    at Promise.then.completed (/home/caxton/personal/projects/chioma/chioma-monorepo/backend/node_modules/.pnpm/jest-circus@29.7.0/node_modules/jest-circus/build/utils.js:298:28)
    at new Promise (<anonymous>)
    at callAsyncCircusFn (/home/caxton/personal/projects/chioma/chioma-monorepo/backend/node_modules/.pnpm/jest-circus@29.7.0/node_modules/jest-circus/build/utils.js:231:10)
    at _callCircusTest (/home/caxton/personal/projects/chioma/chioma-monorepo/backend/node_modules/.pnpm/jest-circus@29.7.0/node_modules/jest-circus/build/run.js:316:40)
    at processTicksAndRejections (node:internal/process/task_queues:105:5)
    at _runTest (/home/caxton/personal/projects/chioma/chioma-monorepo/backend/node_modules/.pnpm/jest-circus@29.7.0/node_modules/jest-circus/build/run.js:252:3)
    at _runTestsForDescribeBlock (/home/caxton/personal/projects/chioma/chioma-monorepo/backend/node_modules/.pnpm/jest-circus@29.7.0/node_modules/jest-circus/build/run.js:126:9)
    at _runTestsForDescribeBlock (/home/caxton/personal/projects/chioma/chioma-monorepo/backend/node_modules/.pnpm/jest-circus@29.7.0/node_modules/jest-circus/build/run.js:121:9)
    at _runTestsForDescribeBlock (/home/caxton/personal/projects/chioma/chioma-monorepo/backend/node_modules/.pnpm/jest-circus@29.7.0/node_modules/jest-circus/build/run.js:121:9)
    at run (/home/caxton/personal/projects/chioma/chioma-monorepo/backend/node_modules/.pnpm/jest-circus@29.7.0/node_modules/jest-circus/build/run.js:71:3)
    at runAndTransformResultsToJestFormat (/home/caxton/personal/projects/chioma/chioma-monorepo/backend/node_modules/.pnpm/jest-circus@29.7.0/node_modules/jest-circus/build/legacy-code-todo-rewrite/jestAdapterInit.js:122:21)
    at jestAdapter (/home/caxton/personal/projects/chioma/chioma-monorepo/backend/node_modules/.pnpm/jest-circus@29.7.0/node_modules/jest-circus/build/legacy-code-todo-rewrite/jestAdapter.js:79:19)
    at runTestInternal (/home/caxton/personal/projects/chioma/chioma-monorepo/backend/node_modules/.pnpm/jest-runner@29.7.0/node_modules/jest-runner/build/runTest.js:367:16)
    at runTest (/home/caxton/personal/projects/chioma/chioma-monorepo/backend/node_modules/.pnpm/jest-runner@29.7.0/node_modules/jest-runner/build/runTest.js:444:34)
    at Object.worker (/home/caxton/personal/projects/chioma/chioma-monorepo/backend/node_modules/.pnpm/jest-runner@29.7.0/node_modules/jest-runner/build/testWorker.js:106:12)
[31m[Nest] 1338129  - [39m08/01/2026, 12:21:13 AM [31m  ERROR[39m [38;5;3m[DisputeContractEnhancedService] [39m[31mFailed to deregister arbiter: Arbiter not found[39m
Error: Arbiter not found
    at DisputeContractEnhancedService.deregisterArbiter (/home/caxton/personal/projects/chioma/chioma-monorepo/backend/src/modules/stellar/services/dispute-contract-enhanced.service.ts:95:15)
    at processTicksAndRejections (node:internal/process/task_queues:105:5)
    at Object.<anonymous> (/home/caxton/personal/projects/chioma/chioma-monorepo/backend/src/modules/stellar/services/dispute-contract-enhanced.service.spec.ts:209:7)
[31m[Nest] 1338129  - [39m08/01/2026, 12:21:13 AM [31m  ERROR[39m [38;5;3m[DisputeContractEnhancedService] [39m[31mFailed to track vote: Arbiter has already voted on this dispute[39m
Error: Arbiter has already voted on this dispute
    at DisputeContractEnhancedService.trackVote (/home/caxton/personal/projects/chioma/chioma-monorepo/backend/src/modules/stellar/services/dispute-contract-enhanced.service.ts:225:15)
    at processTicksAndRejections (node:internal/process/task_queues:105:5)
    at Object.<anonymous> (/home/caxton/personal/projects/chioma/chioma-monorepo/backend/src/modules/stellar/services/dispute-contract-enhanced.service.spec.ts:365:7)
PASS src/modules/stellar/services/dispute-contract-enhanced.service.spec.ts
PASS src/modules/disputes/__tests__/disputes.controller.spec.ts
PASS src/modules/stellar/__tests__/indexed-transactions.service.spec.ts
PASS src/modules/users/admin-users.controller.spec.ts
[31m[Nest] 1338109  - [39m08/01/2026, 12:21:14 AM [31m  ERROR[39m [38;5;3m[EscrowContractService] [39m[31mFailed to create multi-sig escrow: Required signatures cannot exceed number of participants[39m
Error: Required signatures cannot exceed number of participants
    at EscrowContractService.createMultiSigEscrow (/home/caxton/personal/projects/chioma/chioma-monorepo/backend/src/modules/stellar/services/escrow-contract.service.ts:444:15)
    at Object.<anonymous> (/home/caxton/personal/projects/chioma/chioma-monorepo/backend/src/modules/stellar/services/escrow-contract.service.spec.ts:100:28)
    at Promise.then.completed (/home/caxton/personal/projects/chioma/chioma-monorepo/backend/node_modules/.pnpm/jest-circus@29.7.0/node_modules/jest-circus/build/utils.js:298:28)
    at new Promise (<anonymous>)
    at callAsyncCircusFn (/home/caxton/personal/projects/chioma/chioma-monorepo/backend/node_modules/.pnpm/jest-circus@29.7.0/node_modules/jest-circus/build/utils.js:231:10)
    at _callCircusTest (/home/caxton/personal/projects/chioma/chioma-monorepo/backend/node_modules/.pnpm/jest-circus@29.7.0/node_modules/jest-circus/build/run.js:316:40)
    at processTicksAndRejections (node:internal/process/task_queues:105:5)
    at _runTest (/home/caxton/personal/projects/chioma/chioma-monorepo/backend/node_modules/.pnpm/jest-circus@29.7.0/node_modules/jest-circus/build/run.js:252:3)
    at _runTestsForDescribeBlock (/home/caxton/personal/projects/chioma/chioma-monorepo/backend/node_modules/.pnpm/jest-circus@29.7.0/node_modules/jest-circus/build/run.js:126:9)
    at _runTestsForDescribeBlock (/home/caxton/personal/projects/chioma/chioma-monorepo/backend/node_modules/.pnpm/jest-circus@29.7.0/node_modules/jest-circus/build/run.js:121:9)
    at _runTestsForDescribeBlock (/home/caxton/personal/projects/chioma/chioma-monorepo/backend/node_modules/.pnpm/jest-circus@29.7.0/node_modules/jest-circus/build/run.js:121:9)
    at run (/home/caxton/personal/projects/chioma/chioma-monorepo/backend/node_modules/.pnpm/jest-circus@29.7.0/node_modules/jest-circus/build/run.js:71:3)
    at runAndTransformResultsToJestFormat (/home/caxton/personal/projects/chioma/chioma-monorepo/backend/node_modules/.pnpm/jest-circus@29.7.0/node_modules/jest-circus/build/legacy-code-todo-rewrite/jestAdapterInit.js:122:21)
    at jestAdapter (/home/caxton/personal/projects/chioma/chioma-monorepo/backend/node_modules/.pnpm/jest-circus@29.7.0/node_modules/jest-circus/build/legacy-code-todo-rewrite/jestAdapter.js:79:19)
    at runTestInternal (/home/caxton/personal/projects/chioma/chioma-monorepo/backend/node_modules/.pnpm/jest-runner@29.7.0/node_modules/jest-runner/build/runTest.js:367:16)
    at runTest (/home/caxton/personal/projects/chioma/chioma-monorepo/backend/node_modules/.pnpm/jest-runner@29.7.0/node_modules/jest-runner/build/runTest.js:444:34)
    at Object.worker (/home/caxton/personal/projects/chioma/chioma-monorepo/backend/node_modules/.pnpm/jest-runner@29.7.0/node_modules/jest-runner/build/testWorker.js:106:12)
PASS src/health/health-automation.service.spec.ts
[31m[Nest] 1338109  - [39m08/01/2026, 12:21:14 AM [31m  ERROR[39m [38;5;3m[EscrowContractService] [39m[31mFailed to add signature: Signer is not a participant in this escrow[39m
Error: Signer is not a participant in this escrow
    at EscrowContractService.addSignature (/home/caxton/personal/projects/chioma/chioma-monorepo/backend/src/modules/stellar/services/escrow-contract.service.ts:513:15)
    at processTicksAndRejections (node:internal/process/task_queues:105:5)
    at Object.<anonymous> (/home/caxton/personal/projects/chioma/chioma-monorepo/backend/src/modules/stellar/services/escrow-contract.service.spec.ts:150:7)
[31m[Nest] 1338109  - [39m08/01/2026, 12:21:14 AM [31m  ERROR[39m [38;5;3m[EscrowContractService] [39m[31mFailed to add signature: Signer has already signed this escrow[39m
Error: Signer has already signed this escrow
    at EscrowContractService.addSignature (/home/caxton/personal/projects/chioma/chioma-monorepo/backend/src/modules/stellar/services/escrow-contract.service.ts:525:15)
    at processTicksAndRejections (node:internal/process/task_queues:105:5)
    at Object.<anonymous> (/home/caxton/personal/projects/chioma/chioma-monorepo/backend/src/modules/stellar/services/escrow-contract.service.spec.ts:179:7)
PASS src/app.controller.spec.ts
[31m[Nest] 1338109  - [39m08/01/2026, 12:21:14 AM [31m  ERROR[39m [38;5;3m[EscrowContractService] [39m[31mFailed to create time-locked escrow: Release time must be in the future[39m
Error: Release time must be in the future
    at EscrowContractService.createTimeLockedEscrow (/home/caxton/personal/projects/chioma/chioma-monorepo/backend/src/modules/stellar/services/escrow-contract.service.ts:623:15)
    at Object.<anonymous> (/home/caxton/personal/projects/chioma/chioma-monorepo/backend/src/modules/stellar/services/escrow-contract.service.spec.ts:195:28)
    at Promise.then.completed (/home/caxton/personal/projects/chioma/chioma-monorepo/backend/node_modules/.pnpm/jest-circus@29.7.0/node_modules/jest-circus/build/utils.js:298:28)
    at new Promise (<anonymous>)
    at callAsyncCircusFn (/home/caxton/personal/projects/chioma/chioma-monorepo/backend/node_modules/.pnpm/jest-circus@29.7.0/node_modules/jest-circus/build/utils.js:231:10)
    at _callCircusTest (/home/caxton/personal/projects/chioma/chioma-monorepo/backend/node_modules/.pnpm/jest-circus@29.7.0/node_modules/jest-circus/build/run.js:316:40)
    at processTicksAndRejections (node:internal/process/task_queues:105:5)
    at _runTest (/home/caxton/personal/projects/chioma/chioma-monorepo/backend/node_modules/.pnpm/jest-circus@29.7.0/node_modules/jest-circus/build/run.js:252:3)
    at _runTestsForDescribeBlock (/home/caxton/personal/projects/chioma/chioma-monorepo/backend/node_modules/.pnpm/jest-circus@29.7.0/node_modules/jest-circus/build/run.js:126:9)
    at _runTestsForDescribeBlock (/home/caxton/personal/projects/chioma/chioma-monorepo/backend/node_modules/.pnpm/jest-circus@29.7.0/node_modules/jest-circus/build/run.js:121:9)
    at _runTestsForDescribeBlock (/home/caxton/personal/projects/chioma/chioma-monorepo/backend/node_modules/.pnpm/jest-circus@29.7.0/node_modules/jest-circus/build/run.js:121:9)
    at run (/home/caxton/personal/projects/chioma/chioma-monorepo/backend/node_modules/.pnpm/jest-circus@29.7.0/node_modules/jest-circus/build/run.js:71:3)
    at runAndTransformResultsToJestFormat (/home/caxton/personal/projects/chioma/chioma-monorepo/backend/node_modules/.pnpm/jest-circus@29.7.0/node_modules/jest-circus/build/legacy-code-todo-rewrite/jestAdapterInit.js:122:21)
    at jestAdapter (/home/caxton/personal/projects/chioma/chioma-monorepo/backend/node_modules/.pnpm/jest-circus@29.7.0/node_modules/jest-circus/build/legacy-code-todo-rewrite/jestAdapter.js:79:19)
    at runTestInternal (/home/caxton/personal/projects/chioma/chioma-monorepo/backend/node_modules/.pnpm/jest-runner@29.7.0/node_modules/jest-runner/build/runTest.js:367:16)
    at runTest (/home/caxton/personal/projects/chioma/chioma-monorepo/backend/node_modules/.pnpm/jest-runner@29.7.0/node_modules/jest-runner/build/runTest.js:444:34)
    at Object.worker (/home/caxton/personal/projects/chioma/chioma-monorepo/backend/node_modules/.pnpm/jest-runner@29.7.0/node_modules/jest-runner/build/testWorker.js:106:12)
PASS src/modules/properties/__tests__/property-wizard.integration.spec.ts
[31m[Nest] 1338109  - [39m08/01/2026, 12:21:14 AM [31m  ERROR[39m [38;5;3m[EscrowContractService] [39m[31mFailed to release on dispute resolution: Escrow is not integrated with a dispute[39m
Error: Escrow is not integrated with a dispute
    at EscrowContractService.releaseOnDisputeResolution (/home/caxton/personal/projects/chioma/chioma-monorepo/backend/src/modules/stellar/services/escrow-contract.service.ts:900:15)
    at processTicksAndRejections (node:internal/process/task_queues:105:5)
    at Object.<anonymous> (/home/caxton/personal/projects/chioma/chioma-monorepo/backend/src/modules/stellar/services/escrow-contract.service.spec.ts:352:7)
PASS src/modules/stellar/services/escrow-contract.service.spec.ts
[31m[Nest] 1338108  - [39m08/01/2026, 12:21:14 AM [31m  ERROR[39m [38;5;3m[RetryDecorator] [39m[31m[call] All 3 attempt(s) exhausted. Last error: fail[39m
[31m[Nest] 1338108  - [39m08/01/2026, 12:21:14 AM [31m  ERROR[39m [38;5;3m[RetryDecorator] [39m[31m[call] All 1 attempt(s) exhausted. Last error: Network error occurred[39m
[31m[Nest] 1338108  - [39m08/01/2026, 12:21:14 AM [31m  ERROR[39m [38;5;3m[RetryDecorator] [39m[31m[call] All 1 attempt(s) exhausted. Last error: Request failed with status code 400[39m
PASS src/common/decorators/retry.decorator.spec.ts
[33m[Nest] 1338108  - [39m08/01/2026, 12:21:14 AM [33m   WARN[39m [38;5;3m[RetryDecorator] [39m[33m[call] Attempt 1/3 failed: Network error occurred. Retrying in 10ms…[39m
[33m[Nest] 1338108  - [39m08/01/2026, 12:21:14 AM [33m   WARN[39m [38;5;3m[RetryDecorator] [39m[33m[call] Attempt 1/3 failed: fail. Retrying in 10ms…[39m
[33m[Nest] 1338108  - [39m08/01/2026, 12:21:14 AM [33m   WARN[39m [38;5;3m[RetryDecorator] [39m[33m[call] Attempt 2/3 failed: fail. Retrying in 20ms…[39m
[33m[Nest] 1338108  - [39m08/01/2026, 12:21:14 AM [33m   WARN[39m [38;5;3m[RetryDecorator] [39m[33m[call] Attempt 1/3 failed: Network error occurred. Retrying in 10ms…[39m
[33m[Nest] 1338108  - [39m08/01/2026, 12:21:14 AM [33m   WARN[39m [38;5;3m[RetryDecorator] [39m[33m[call] Attempt 1/3 failed: Network error occurred. Retrying in 75ms…[39m
[33m[Nest] 1338108  - [39m08/01/2026, 12:21:14 AM [33m   WARN[39m [38;5;3m[RetryDecorator] [39m[33m[call] Attempt 2/3 failed: Network error occurred. Retrying in 150ms…[39m
[33m[Nest] 1338108  - [39m08/01/2026, 12:21:14 AM [33m   WARN[39m [38;5;3m[RetryDecorator] [39m[33m[call] Attempt 1/3 failed: Network error occurred. Retrying in 50ms…[39m
[33m[Nest] 1338108  - [39m08/01/2026, 12:21:14 AM [33m   WARN[39m [38;5;3m[RetryDecorator] [39m[33m[call] Attempt 2/3 failed: Network error occurred. Retrying in 100ms…[39m
[33m[Nest] 1338108  - [39m08/01/2026, 12:21:14 AM [33m   WARN[39m [38;5;3m[RetryDecorator] [39m[33m[call] Attempt 1/2 failed: Request failed with status code 500. Retrying in 10ms…[39m
[33m[Nest] 1338108  - [39m08/01/2026, 12:21:14 AM [33m   WARN[39m [38;5;3m[RetryDecorator] [39m[33m[call] Attempt 1/2 failed: Network Error. Retrying in 10ms…[39m
PASS src/modules/audit/audit.service.spec.ts
PASS src/modules/agreements/agreement-nft.service.spec.ts
PASS src/common/cache/cached.decorator.spec.ts
PASS src/modules/properties/properties.controller.spec.ts
PASS src/modules/stellar/controllers/agent-registry.controller.spec.ts
PASS src/modules/payments/payment-webhook.service.spec.ts
PASS src/modules/auth/services/stellar-auth.service.simple.spec.ts
PASS src/modules/storage/image-processing.service.spec.ts
[32m[Nest] 1338121  - [39m08/01/2026, 12:21:14 AM [32m    LOG[39m [38;5;3m[ImageProcessingService] [39m[32mProcessed image (cache miss): thumbnail=9B, medium=9B, webp=9B[39m
[95m[Nest] 1338121  - [39m08/01/2026, 12:21:14 AM [95m  DEBUG[39m [38;5;3m[ImageProcessingService] [39m[95mImage cache hit for hash 2638cad8bfc0…[39m
[32m[Nest] 1338121  - [39m08/01/2026, 12:21:14 AM [32m    LOG[39m [38;5;3m[ImageProcessingService] [39m[32mProcessed image (cache miss): thumbnail=9B, medium=9B, webp=9B[39m
[32m[Nest] 1338121  - [39m08/01/2026, 12:21:14 AM [32m    LOG[39m [38;5;3m[ImageProcessingService] [39m[32mProcessed image (cache miss): thumbnail=9B, medium=9B, webp=9B[39m
[32m[Nest] 1338121  - [39m08/01/2026, 12:21:14 AM [32m    LOG[39m [38;5;3m[ImageProcessingService] [39m[32mProcessed image (cache miss): thumbnail=9B, medium=9B, webp=9B[39m
[32m[Nest] 1338121  - [39m08/01/2026, 12:21:14 AM [32m    LOG[39m [38;5;3m[ImageProcessingService] [39m[32mProcessed image (cache miss): thumbnail=9B, medium=9B, webp=9B[39m
PASS src/modules/auth/services/stellar-auth.service.spec.ts
PASS src/modules/properties/__tests__/property-wizard.service.spec.ts
PASS src/common/services/logger.service.spec.ts
  ● Console

    console.log
      {"context":"TestContext","level":"info","message":"Test message","timestamp":"2026-08-01 00:21:15"}

      at Console.log (../node_modules/.pnpm/winston@3.19.0/node_modules/winston/lib/winston/transports/console.js:87:23)

    console.log
      {"context":"TestContext","level":"error","message":"Error message","stack":"Stack trace","timestamp":"2026-08-01 00:21:15"}

      at Console.log (../node_modules/.pnpm/winston@3.19.0/node_modules/winston/lib/winston/transports/console.js:87:23)

    console.log
      {"context":"TestContext","level":"warn","message":"Warning message","timestamp":"2026-08-01 00:21:15"}

      at Console.log (../node_modules/.pnpm/winston@3.19.0/node_modules/winston/lib/winston/transports/console.js:87:23)

    console.log
      {"context":"TestContext","level":"debug","message":"Debug message","timestamp":"2026-08-01 00:21:15"}

      at Console.log (../node_modules/.pnpm/winston@3.19.0/node_modules/winston/lib/winston/transports/console.js:87:23)

    console.log
      {"context":"NewContext","level":"info","message":"Test with context","timestamp":"2026-08-01 00:21:15"}

      at Console.log (../node_modules/.pnpm/winston@3.19.0/node_modules/winston/lib/winston/transports/console.js:87:23)

    console.log
      {"action":"login","context":"TestContext","level":"info","message":"Test message","timestamp":"2026-08-01 00:21:15","userId":123}

      at Console.log (../node_modules/.pnpm/winston@3.19.0/node_modules/winston/lib/winston/transports/console.js:87:23)

    console.log
      {"context":"TestContext","level":"verbose","message":"Verbose message","timestamp":"2026-08-01 00:21:15"}

      at Console.log (../node_modules/.pnpm/winston@3.19.0/node_modules/winston/lib/winston/transports/console.js:87:23)

    console.log
      {"context":"TestContext","correlationId":"req-123","level":"info","message":"Scoped message","requestId":"req-123","timestamp":"2026-08-01 00:21:15","userId":"user-456"}

      at Console.log (../node_modules/.pnpm/winston@3.19.0/node_modules/winston/lib/winston/transports/console.js:87:23)

PASS src/modules/disputes/__tests__/disputes.resolution.spec.ts
PASS src/modules/disputes/__tests__/disputes.service.spec.ts
PASS src/modules/auth/auth.controller.spec.ts
PASS src/modules/disputes/__tests__/disputes.pagination.spec.ts
PASS src/modules/referral/referral.controller.spec.ts
PASS src/modules/messaging/room-access.guard.spec.ts
PASS src/modules/reviews/reviews.controller.spec.ts
[31m[Nest] 1338109  - [39m08/01/2026, 12:21:16 AM [31m  ERROR[39m [38;5;3m[AllExceptionsFilter] [39m[31mGET /test - 500 [test-request-id][39m
[31m[Nest] 1338109  - [39m08/01/2026, 12:21:16 AM [31m  ERROR[39m [38;5;3m[AllExceptionsFilter] [39m[31mError: Unexpected error
    at Object.<anonymous> (/home/caxton/personal/projects/chioma/chioma-monorepo/backend/src/common/__tests__/all-exceptions.filter.spec.ts:91:19)
    at Promise.then.completed (/home/caxton/personal/projects/chioma/chioma-monorepo/backend/node_modules/.pnpm/jest-circus@29.7.0/node_modules/jest-circus/build/utils.js:298:28)
    at new Promise (<anonymous>)
    at callAsyncCircusFn (/home/caxton/personal/projects/chioma/chioma-monorepo/backend/node_modules/.pnpm/jest-circus@29.7.0/node_modules/jest-circus/build/utils.js:231:10)
    at _callCircusTest (/home/caxton/personal/projects/chioma/chioma-monorepo/backend/node_modules/.pnpm/jest-circus@29.7.0/node_modules/jest-circus/build/run.js:316:40)
    at processTicksAndRejections (node:internal/process/task_queues:105:5)
    at _runTest (/home/caxton/personal/projects/chioma/chioma-monorepo/backend/node_modules/.pnpm/jest-circus@29.7.0/node_modules/jest-circus/build/run.js:252:3)
    at _runTestsForDescribeBlock (/home/caxton/personal/projects/chioma/chioma-monorepo/backend/node_modules/.pnpm/jest-circus@29.7.0/node_modules/jest-circus/build/run.js:126:9)
    at _runTestsForDescribeBlock (/home/caxton/personal/projects/chioma/chioma-monorepo/backend/node_modules/.pnpm/jest-circus@29.7.0/node_modules/jest-circus/build/run.js:121:9)
    at run (/home/caxton/personal/projects/chioma/chioma-monorepo/backend/node_modules/.pnpm/jest-circus@29.7.0/node_modules/jest-circus/build/run.js:71:3)
    at runAndTransformResultsToJestFormat (/home/caxton/personal/projects/chioma/chioma-monorepo/backend/node_modules/.pnpm/jest-circus@29.7.0/node_modules/jest-circus/build/legacy-code-todo-rewrite/jestAdapterInit.js:122:21)
    at jestAdapter (/home/caxton/personal/projects/chioma/chioma-monorepo/backend/node_modules/.pnpm/jest-circus@29.7.0/node_modules/jest-circus/build/legacy-code-todo-rewrite/jestAdapter.js:79:19)
    at runTestInternal (/home/caxton/personal/projects/chioma/chioma-monorepo/backend/node_modules/.pnpm/jest-runner@29.7.0/node_modules/jest-runner/build/runTest.js:367:16)
    at runTest (/home/caxton/personal/projects/chioma/chioma-monorepo/backend/node_modules/.pnpm/jest-runner@29.7.0/node_modules/jest-runner/build/runTest.js:444:34)
    at Object.worker (/home/caxton/personal/projects/chioma/chioma-monorepo/backend/node_modules/.pnpm/jest-runner@29.7.0/node_modules/jest-runner/build/testWorker.js:106:12)[39m
{"requestId":"test-request-id","path":"/test","method":"GET","statusCode":500}
PASS src/common/__tests__/all-exceptions.filter.spec.ts
PASS src/modules/webhooks/webhooks.service.spec.ts
[33m[Nest] 1338109  - [39m08/01/2026, 12:21:16 AM [33m   WARN[39m [38;5;3m[AllExceptionsFilter] [39m[33mGET /test - 404: Not found [test-request-id][39m
[33m[Nest] 1338109  - [39m08/01/2026, 12:21:16 AM [33m   WARN[39m [38;5;3m[AllExceptionsFilter] [39m[33mGET /test - 400: Bad request [test-request-id][39m
[33m[Nest] 1338109  - [39m08/01/2026, 12:21:16 AM [33m   WARN[39m [38;5;3m[AllExceptionsFilter] [39m[33mGET /test - 400: error 1, error 2 [test-request-id][39m
PASS src/modules/auth/rbac.spec.ts
[31m[Nest] 1338127  - [39m08/01/2026, 12:21:16 AM [31m  ERROR[39m [38;5;3m[RentReconciliationService] [39m[31mFailed to release escrow for agreement agreement-abc: Contract unavailable[39m
PASS src/modules/rent/rent-reconciliation.service.spec.ts
PASS src/modules/monitoring/error-escalation.service.spec.ts
PASS src/modules/messaging/messaging.service.spec.ts
PASS src/modules/properties/properties.service.spec.ts
[31m[Nest] 1338115  - [39m08/01/2026, 12:21:16 AM [31m  ERROR[39m [38;5;3m[ErrorNotificationService] [39m[31mFailed to send Slack alert notification[39m
Error: Slack unavailable
    at /home/caxton/personal/projects/chioma/chioma-monorepo/backend/src/modules/monitoring/error-notification.service.spec.ts:95:24
    at Observable.init [as _subscribe] (/home/caxton/personal/projects/chioma/chioma-monorepo/backend/node_modules/.pnpm/rxjs@7.8.2/node_modules/rxjs/src/internal/observable/throwError.ts:123:68)
    at Observable.Object.<anonymous>.Observable._trySubscribe (/home/caxton/personal/projects/chioma/chioma-monorepo/backend/node_modules/.pnpm/rxjs@7.8.2/node_modules/rxjs/src/internal/Observable.ts:235:19)
    at /home/caxton/personal/projects/chioma/chioma-monorepo/backend/node_modules/.pnpm/rxjs@7.8.2/node_modules/rxjs/src/internal/Observable.ts:225:18
    at Object.errorContext (/home/caxton/personal/projects/chioma/chioma-monorepo/backend/node_modules/.pnpm/rxjs@7.8.2/node_modules/rxjs/src/internal/util/errorContext.ts:29:5)
    at Observable.Object.<anonymous>.Observable.subscribe (/home/caxton/personal/projects/chioma/chioma-monorepo/backend/node_modules/.pnpm/rxjs@7.8.2/node_modules/rxjs/src/internal/Observable.ts:211:5)
    at /home/caxton/personal/projects/chioma/chioma-monorepo/backend/node_modules/.pnpm/rxjs@7.8.2/node_modules/rxjs/src/internal/firstValueFrom.ts:73:12
    at new Promise (<anonymous>)
    at firstValueFrom (/home/caxton/personal/projects/chioma/chioma-monorepo/backend/node_modules/.pnpm/rxjs@7.8.2/node_modules/rxjs/src/internal/firstValueFrom.ts:58:10)
    at ErrorNotificationService.sendSlackNotification (/home/caxton/personal/projects/chioma/chioma-monorepo/backend/src/modules/monitoring/error-notification.service.ts:176:27)
    at ErrorNotificationService.notifyAlert (/home/caxton/personal/projects/chioma/chioma-monorepo/backend/src/modules/monitoring/error-notification.service.ts:88:18)
    at processTicksAndRejections (node:internal/process/task_queues:105:5)
    at Object.<anonymous> (/home/caxton/personal/projects/chioma/chioma-monorepo/backend/src/modules/monitoring/error-notification.service.spec.ts:98:5)
PASS src/modules/monitoring/error-notification.service.spec.ts
PASS src/modules/developer/guards/api-key.guard.spec.ts
PASS src/database/migration-runner.spec.ts
  ● Console

    console.info
      [Dry-Run] Checking pending migrations without executing...

      at runMigrationsWithRollback (database/migration-runner.ts:131:13)

    console.info
      [Dry-Run] Would apply 2 migration(s):

      at runMigrationsWithRollback (database/migration-runner.ts:136:15)

    console.info
        - Migration002

      at runMigrationsWithRollback (database/migration-runner.ts:138:17)

    console.info
        - Migration003

      at runMigrationsWithRollback (database/migration-runner.ts:138:17)

    console.info
      [Dry-Run] Checking pending migrations without executing...

      at runMigrationsWithRollback (database/migration-runner.ts:131:13)

    console.info
      [Dry-Run] No pending migrations to apply.

      at runMigrationsWithRollback (database/migration-runner.ts:134:15)

    console.warn
      [Lock] Migration lock held by PID 42 since Sat Aug 01 2026 00:21:16 GMT+0100 (West Africa Standard Time)

      43 |         [LOCK_ID],
      44 |       );
    > 45 |       console.warn(
         |               ^
      46 |         `[Lock] Migration lock held by PID ${holder[0]?.pid ?? 'unknown'} since ${holder[0]?.locked_at ?? 'unknown'}`,
      47 |       );
      48 |       return false;

      at acquireLock (database/migration-runner.ts:45:15)
      at runMigrationsWithRollback (database/migration-runner.ts:144:18)
      at Object.<anonymous> (database/migration-runner.spec.ts:152:22)

    console.info
      [Backup] ⚠️  It is strongly recommended to create a database backup before running migrations.

      at suggestBackup (database/migration-runner.ts:107:11)

    console.info
      [Backup] Run: pg_dump -h $DB_HOST -p $DB_PORT -U $DB_USERNAME -d $DB_NAME > backup_$(date +%Y%m%d_%H%M%S).sql

      at suggestBackup (database/migration-runner.ts:110:11)

    console.info
      [Backup] Or use: pnpm run db:backup

      at suggestBackup (database/migration-runner.ts:113:11)

    console.info
      [Migration] Running 1 pending migration(s)...

      at runMigrationsWithRollback (database/migration-runner.ts:170:13)

    console.info
      [Migration]   → Migration003

      at runMigrationsWithRollback (database/migration-runner.ts:174:15)

    console.info
      [Backup] ⚠️  It is strongly recommended to create a database backup before running migrations.

      at suggestBackup (database/migration-runner.ts:107:11)

    console.info
      [Backup] Run: pg_dump -h $DB_HOST -p $DB_PORT -U $DB_USERNAME -d $DB_NAME > backup_$(date +%Y%m%d_%H%M%S).sql

      at suggestBackup (database/migration-runner.ts:110:11)

    console.info
      [Backup] Or use: pnpm run db:backup

      at suggestBackup (database/migration-runner.ts:113:11)

    console.info
      [Backup] ⚠️  It is strongly recommended to create a database backup before running migrations.

      at suggestBackup (database/migration-runner.ts:107:11)

    console.info
      [Backup] Run: pg_dump -h $DB_HOST -p $DB_PORT -U $DB_USERNAME -d $DB_NAME > backup_$(date +%Y%m%d_%H%M%S).sql

      at suggestBackup (database/migration-runner.ts:110:11)

    console.info
      [Backup] Or use: pnpm run db:backup

      at suggestBackup (database/migration-runner.ts:113:11)

    console.info
      [Backup] ⚠️  It is strongly recommended to create a database backup before running migrations.

      at suggestBackup (database/migration-runner.ts:107:11)

    console.info
      [Backup] Run: pg_dump -h $DB_HOST -p $DB_PORT -U $DB_USERNAME -d $DB_NAME > backup_$(date +%Y%m%d_%H%M%S).sql

      at suggestBackup (database/migration-runner.ts:110:11)

    console.info
      [Backup] Or use: pnpm run db:backup

      at suggestBackup (database/migration-runner.ts:113:11)

    console.info
      [Migration] Running 3 pending migration(s)...

      at runMigrationsWithRollback (database/migration-runner.ts:170:13)

    console.info
      [Migration]   → Migration001

      at runMigrationsWithRollback (database/migration-runner.ts:174:15)

    console.info
      [Migration]   → Migration002

      at runMigrationsWithRollback (database/migration-runner.ts:174:15)

    console.info
      [Migration]   → Migration003

      at runMigrationsWithRollback (database/migration-runner.ts:174:15)

    console.error
      [Migration] Run failed: migration failed

      180 |   } catch (err) {
      181 |     const message = err instanceof Error ? err.message : String(err);
    > 182 |     console.error('[Migration] Run failed:', message);
          |             ^
      183 |     try {
      184 |       await AppDataSource.undoLastMigration();
      185 |       console.error('[Migration] Reverted last migration.');

      at runMigrationsWithRollback (database/migration-runner.ts:182:13)
      at Object.<anonymous> (database/migration-runner.spec.ts:244:22)

    console.error
      [Migration] Reverted last migration.

      183 |     try {
      184 |       await AppDataSource.undoLastMigration();
    > 185 |       console.error('[Migration] Reverted last migration.');
          |               ^
      186 |     } catch (revertErr) {
      187 |       const revertMsg =
      188 |         revertErr instanceof Error ? revertErr.message : String(revertErr);

      at runMigrationsWithRollback (database/migration-runner.ts:185:15)
      at Object.<anonymous> (database/migration-runner.spec.ts:244:22)

    console.info
      [Backup] ⚠️  It is strongly recommended to create a database backup before running migrations.

      at suggestBackup (database/migration-runner.ts:107:11)

    console.info
      [Backup] Run: pg_dump -h $DB_HOST -p $DB_PORT -U $DB_USERNAME -d $DB_NAME > backup_$(date +%Y%m%d_%H%M%S).sql

      at suggestBackup (database/migration-runner.ts:110:11)

    console.info
      [Backup] Or use: pnpm run db:backup

      at suggestBackup (database/migration-runner.ts:113:11)

    console.info
      [Migration] Running 3 pending migration(s)...

      at runMigrationsWithRollback (database/migration-runner.ts:170:13)

    console.info
      [Migration]   → Migration001

      at runMigrationsWithRollback (database/migration-runner.ts:174:15)

    console.info
      [Migration]   → Migration002

      at runMigrationsWithRollback (database/migration-runner.ts:174:15)

    console.info
      [Migration]   → Migration003

      at runMigrationsWithRollback (database/migration-runner.ts:174:15)

    console.error
      [Migration] Run failed: run error

      180 |   } catch (err) {
      181 |     const message = err instanceof Error ? err.message : String(err);
    > 182 |     console.error('[Migration] Run failed:', message);
          |             ^
      183 |     try {
      184 |       await AppDataSource.undoLastMigration();
      185 |       console.error('[Migration] Reverted last migration.');

      at runMigrationsWithRollback (database/migration-runner.ts:182:13)
      at Object.<anonymous> (database/migration-runner.spec.ts:262:22)

    console.error
      [Migration] Rollback failed: revert error

      187 |       const revertMsg =
      188 |         revertErr instanceof Error ? revertErr.message : String(revertErr);
    > 189 |       console.error('[Migration] Rollback failed:', revertMsg);
          |               ^
      190 |       return {
      191 |         success: false,
      192 |         run,

      at runMigrationsWithRollback (database/migration-runner.ts:189:15)
      at Object.<anonymous> (database/migration-runner.spec.ts:262:22)

    console.warn
      [Lock] Migration lock held by PID 99 since Sat Aug 01 2026 00:21:16 GMT+0100 (West Africa Standard Time)

      43 |         [LOCK_ID],
      44 |       );
    > 45 |       console.warn(
         |               ^
      46 |         `[Lock] Migration lock held by PID ${holder[0]?.pid ?? 'unknown'} since ${holder[0]?.locked_at ?? 'unknown'}`,
      47 |       );
      48 |       return false;

      at acquireLock (database/migration-runner.ts:45:15)
      at revertLastMigration (database/migration-runner.ts:219:18)
      at Object.<anonymous> (database/migration-runner.spec.ts:291:22)

    console.info
      [Verification] 5 migration(s) recorded.

      at verifyAfterMigrations (database/migration-runner.ts:273:13)

    console.info
      [Verification] 0 migration(s) recorded.

      at verifyAfterMigrations (database/migration-runner.ts:273:13)

    console.info
      [Backup] ⚠️  It is strongly recommended to create a database backup before running migrations.

      at suggestBackup (database/migration-runner.ts:107:11)

    console.info
      [Backup] Run: pg_dump -h $DB_HOST -p $DB_PORT -U $DB_USERNAME -d $DB_NAME > backup_$(date +%Y%m%d_%H%M%S).sql

      at suggestBackup (database/migration-runner.ts:110:11)

    console.info
      [Backup] Or use: pnpm run db:backup

      at suggestBackup (database/migration-runner.ts:113:11)

    console.info
      [Migration] Running 1 pending migration(s)...

      at runMigrationsWithRollback (database/migration-runner.ts:170:13)

    console.info
      [Migration]   → Migration003

      at runMigrationsWithRollback (database/migration-runner.ts:174:15)

    console.info
      [Verification] 3 migration(s) recorded.

      at verifyAfterMigrations (database/migration-runner.ts:273:13)

    console.info
      [Backup] ⚠️  It is strongly recommended to create a database backup before running migrations.

      at suggestBackup (database/migration-runner.ts:107:11)

    console.info
      [Backup] Run: pg_dump -h $DB_HOST -p $DB_PORT -U $DB_USERNAME -d $DB_NAME > backup_$(date +%Y%m%d_%H%M%S).sql

      at suggestBackup (database/migration-runner.ts:110:11)

    console.info
      [Backup] Or use: pnpm run db:backup

      at suggestBackup (database/migration-runner.ts:113:11)

    console.info
      [Migration] Running 3 pending migration(s)...

      at runMigrationsWithRollback (database/migration-runner.ts:170:13)

    console.info
      [Migration]   → Migration001

      at runMigrationsWithRollback (database/migration-runner.ts:174:15)

    console.info
      [Migration]   → Migration002

      at runMigrationsWithRollback (database/migration-runner.ts:174:15)

    console.info
      [Migration]   → Migration003

      at runMigrationsWithRollback (database/migration-runner.ts:174:15)

    console.error
      [Migration] Run failed: schema conflict

      180 |   } catch (err) {
      181 |     const message = err instanceof Error ? err.message : String(err);
    > 182 |     console.error('[Migration] Run failed:', message);
          |             ^
      183 |     try {
      184 |       await AppDataSource.undoLastMigration();
      185 |       console.error('[Migration] Reverted last migration.');

      at runMigrationsWithRollback (database/migration-runner.ts:182:13)
      at Object.<anonymous> (database/migration-runner.spec.ts:544:23)

    console.error
      [Migration] Reverted last migration.

      183 |     try {
      184 |       await AppDataSource.undoLastMigration();
    > 185 |       console.error('[Migration] Reverted last migration.');
          |               ^
      186 |     } catch (revertErr) {
      187 |       const revertMsg =
      188 |         revertErr instanceof Error ? revertErr.message : String(revertErr);

      at runMigrationsWithRollback (database/migration-runner.ts:185:15)
      at Object.<anonymous> (database/migration-runner.spec.ts:544:23)

    console.info
      [Verification] 2 migration(s) recorded.

      at verifyAfterMigrations (database/migration-runner.ts:273:13)

PASS src/health/health.controller.spec.ts
PASS src/modules/database-performance/database-performance.service.spec.ts
PASS src/modules/developer/developer.service.spec.ts
PASS src/modules/audit/__tests__/audit.pagination.spec.ts
PASS src/modules/referral/referral.service.spec.ts
PASS src/modules/queues/services/queue-management.service.spec.ts
[31m[Nest] 1338135  - [39m08/01/2026, 12:21:17 AM [31m  ERROR[39m [38;5;3m[EncryptionService] [39m[31mEncryption key init failed[39m
[31m[Nest] 1338135  - [39m08/01/2026, 12:21:17 AM [31m  ERROR[39m [38;5;3m[EncryptionService] [39mError: ENCRYPTION_KEY_BASE64 or ENCRYPTION_KEYS required
    at EncryptionService.initializeKeys [90m(/home/caxton/personal/projects/chioma/chioma-monorepo/backend/[39msrc/common/services/encryption.service.ts:80:17[90m)[39m
    at new EncryptionService [90m(/home/caxton/personal/projects/chioma/chioma-monorepo/backend/[39msrc/common/services/encryption.service.ts:65:10[90m)[39m
    at TestingInjector.instantiateClass [90m(/home/caxton/personal/projects/chioma/chioma-monorepo/backend/[39mnode_modules/[4m.pnpm[24m/@nestjs+core@11.1.12_@nestjs+common@11.1.12_class-transformer@0.5.1_class-validator@0.1_081de5c6d0755692e9d6b4445753904b/node_modules/[4m@nestjs[24m/core/injector/injector.js:422:19[90m)[39m
    at callback [90m(/home/caxton/personal/projects/chioma/chioma-monorepo/backend/[39mnode_modules/[4m.pnpm[24m/@nestjs+core@11.1.12_@nestjs+common@11.1.12_class-transformer@0.5.1_class-validator@0.1_081de5c6d0755692e9d6b4445753904b/node_modules/[4m@nestjs[24m/core/injector/injector.js:70:45[90m)[39m
[90m    at processTicksAndRejections (node:internal/process/task_queues:105:5)[39m
    at TestingInjector.resolveConstructorParams [90m(/home/caxton/personal/projects/chioma/chioma-monorepo/backend/[39mnode_modules/[4m.pnpm[24m/@nestjs+core@11.1.12_@nestjs+common@11.1.12_class-transformer@0.5.1_class-validator@0.1_081de5c6d0755692e9d6b4445753904b/node_modules/[4m@nestjs[24m/core/injector/injector.js:170:24[90m)[39m
    at TestingInjector.loadInstance [90m(/home/caxton/personal/projects/chioma/chioma-monorepo/backend/[39mnode_modules/[4m.pnpm[24m/@nestjs+core@11.1.12_@nestjs+common@11.1.12_class-transformer@0.5.1_class-validator@0.1_081de5c6d0755692e9d6b4445753904b/node_modules/[4m@nestjs[24m/core/injector/injector.js:75:13[90m)[39m
    at TestingInjector.loadProvider [90m(/home/caxton/personal/projects/chioma/chioma-monorepo/backend/[39mnode_modules/[4m.pnpm[24m/@nestjs+core@11.1.12_@nestjs+common@11.1.12_class-transformer@0.5.1_class-validator@0.1_081de5c6d0755692e9d6b4445753904b/node_modules/[4m@nestjs[24m/core/injector/injector.js:103:9[90m)[39m
    at [90m/home/caxton/personal/projects/chioma/chioma-monorepo/backend/[39mnode_modules/[4m.pnpm[24m/@nestjs+core@11.1.12_@nestjs+common@11.1.12_class-transformer@0.5.1_class-validator@0.1_081de5c6d0755692e9d6b4445753904b/node_modules/[4m@nestjs[24m/core/injector/instance-loader.js:56:13
    at async Promise.all (index 3)
    at TestingInstanceLoader.createInstancesOfProviders [90m(/home/caxton/personal/projects/chioma/chioma-monorepo/backend/[39mnode_modules/[4m.pnpm[24m/@nestjs+core@11.1.12_@nestjs+common@11.1.12_class-transformer@0.5.1_class-validator@0.1_081de5c6d0755692e9d6b4445753904b/node_modules/[4m@nestjs[24m/core/injector/instance-loader.js:55:9[90m)[39m
    at [90m/home/caxton/personal/projects/chioma/chioma-monorepo/backend/[39mnode_modules/[4m.pnpm[24m/@nestjs+core@11.1.12_@nestjs+common@11.1.12_class-transformer@0.5.1_class-validator@0.1_081de5c6d0755692e9d6b4445753904b/node_modules/[4m@nestjs[24m/core/injector/instance-loader.js:40:13
    at async Promise.all (index 1)
    at TestingInstanceLoader.createInstances [90m(/home/caxton/personal/projects/chioma/chioma-monorepo/backend/[39mnode_modules/[4m.pnpm[24m/@nestjs+core@11.1.12_@nestjs+common@11.1.12_class-transformer@0.5.1_class-validator@0.1_081de5c6d0755692e9d6b4445753904b/node_modules/[4m@nestjs[24m/core/injector/instance-loader.js:39:9[90m)[39m
    at TestingInstanceLoader.createInstancesOfDependencies [90m(/home/caxton/personal/projects/chioma/chioma-monorepo/backend/[39mnode_modules/[4m.pnpm[24m/@nestjs+core@11.1.12_@nestjs+common@11.1.12_class-transformer@0.5.1_class-validator@0.1_081de5c6d0755692e9d6b4445753904b/node_modules/[4m@nestjs[24m/core/injector/instance-loader.js:22:13[90m)[39m
    at TestingInstanceLoader.createInstancesOfDependencies [90m(/home/caxton/personal/projects/chioma/chioma-monorepo/backend/[39mnode_modules/[4m.pnpm[24m/@nestjs+testing@11.1.12_@nestjs+common@11.1.12_class-transformer@0.5.1_class-validator@_f8f5f7c9bf5f0ea617b1141b11ac9012/node_modules/[4m@nestjs[24m/testing/testing-instance-loader.js:9:9[90m)[39m
    at TestingModuleBuilder.createInstancesOfDependencies [90m(/home/caxton/personal/projects/chioma/chioma-monorepo/backend/[39mnode_modules/[4m.pnpm[24m/@nestjs+testing@11.1.12_@nestjs+common@11.1.12_class-transformer@0.5.1_class-validator@_f8f5f7c9bf5f0ea617b1141b11ac9012/node_modules/[4m@nestjs[24m/testing/testing-module.builder.js:118:9[90m)[39m
    at TestingModuleBuilder.compile [90m(/home/caxton/personal/projects/chioma/chioma-monorepo/backend/[39mnode_modules/[4m.pnpm[24m/@nestjs+testing@11.1.12_@nestjs+common@11.1.12_class-transformer@0.5.1_class-validator@_f8f5f7c9bf5f0ea617b1141b11ac9012/node_modules/[4m@nestjs[24m/testing/testing-module.builder.js:74:9[90m)[39m
    at Object.<anonymous> [90m(/home/caxton/personal/projects/chioma/chioma-monorepo/backend/[39msrc/common/services/encryption.service.spec.ts:76:7[90m)[39m
[31m[Nest] 1338135  - [39m08/01/2026, 12:21:17 AM [31m  ERROR[39m [38;5;3m[EncryptionService] [39m[31mEncryption key init failed[39m
[31m[Nest] 1338135  - [39m08/01/2026, 12:21:17 AM [31m  ERROR[39m [38;5;3m[EncryptionService] [39mError: All encryption keys must be 32 bytes (base64 ~44 chars)
    at EncryptionService.initializeKeys [90m(/home/caxton/personal/projects/chioma/chioma-monorepo/backend/[39msrc/common/services/encryption.service.ts:88:15[90m)[39m
    at new EncryptionService [90m(/home/caxton/personal/projects/chioma/chioma-monorepo/backend/[39msrc/common/services/encryption.service.ts:65:10[90m)[39m
    at TestingInjector.instantiateClass [90m(/home/caxton/personal/projects/chioma/chioma-monorepo/backend/[39mnode_modules/[4m.pnpm[24m/@nestjs+core@11.1.12_@nestjs+common@11.1.12_class-transformer@0.5.1_class-validator@0.1_081de5c6d0755692e9d6b4445753904b/node_modules/[4m@nestjs[24m/core/injector/injector.js:422:19[90m)[39m
    at callback [90m(/home/caxton/personal/projects/chioma/chioma-monorepo/backend/[39mnode_modules/[4m.pnpm[24m/@nestjs+core@11.1.12_@nestjs+common@11.1.12_class-transformer@0.5.1_class-validator@0.1_081de5c6d0755692e9d6b4445753904b/node_modules/[4m@nestjs[24m/core/injector/injector.js:70:45[90m)[39m
[90m    at processTicksAndRejections (node:internal/process/task_queues:105:5)[39m
    at TestingInjector.resolveConstructorParams [90m(/home/caxton/personal/projects/chioma/chioma-monorepo/backend/[39mnode_modules/[4m.pnpm[24m/@nestjs+core@11.1.12_@nestjs+common@11.1.12_class-transformer@0.5.1_class-validator@0.1_081de5c6d0755692e9d6b4445753904b/node_modules/[4m@nestjs[24m/core/injector/injector.js:170:24[90m)[39m
    at TestingInjector.loadInstance [90m(/home/caxton/personal/projects/chioma/chioma-monorepo/backend/[39mnode_modules/[4m.pnpm[24m/@nestjs+core@11.1.12_@nestjs+common@11.1.12_class-transformer@0.5.1_class-validator@0.1_081de5c6d0755692e9d6b4445753904b/node_modules/[4m@nestjs[24m/core/injector/injector.js:75:13[90m)[39m
    at TestingInjector.loadProvider [90m(/home/caxton/personal/projects/chioma/chioma-monorepo/backend/[39mnode_modules/[4m.pnpm[24m/@nestjs+core@11.1.12_@nestjs+common@11.1.12_class-transformer@0.5.1_class-validator@0.1_081de5c6d0755692e9d6b4445753904b/node_modules/[4m@nestjs[24m/core/injector/injector.js:103:9[90m)[39m
    at [90m/home/caxton/personal/projects/chioma/chioma-monorepo/backend/[39mnode_modules/[4m.pnpm[24m/@nestjs+core@11.1.12_@nestjs+common@11.1.12_class-transformer@0.5.1_class-validator@0.1_081de5c6d0755692e9d6b4445753904b/node_modules/[4m@nestjs[24m/core/injector/instance-loader.js:56:13
    at async Promise.all (index 3)
    at TestingInstanceLoader.createInstancesOfProviders [90m(/home/caxton/personal/projects/chioma/chioma-monorepo/backend/[39mnode_modules/[4m.pnpm[24m/@nestjs+core@11.1.12_@nestjs+common@11.1.12_class-transformer@0.5.1_class-validator@0.1_081de5c6d0755692e9d6b4445753904b/node_modules/[4m@nestjs[24m/core/injector/instance-loader.js:55:9[90m)[39m
    at [90m/home/caxton/personal/projects/chioma/chioma-monorepo/backend/[39mnode_modules/[4m.pnpm[24m/@nestjs+core@11.1.12_@nestjs+common@11.1.12_class-transformer@0.5.1_class-validator@0.1_081de5c6d0755692e9d6b4445753904b/node_modules/[4m@nestjs[24m/core/injector/instance-loader.js:40:13
    at async Promise.all (index 1)
    at TestingInstanceLoader.createInstances [90m(/home/caxton/personal/projects/chioma/chioma-monorepo/backend/[39mnode_modules/[4m.pnpm[24m/@nestjs+core@11.1.12_@nestjs+common@11.1.12_class-transformer@0.5.1_class-validator@0.1_081de5c6d0755692e9d6b4445753904b/node_modules/[4m@nestjs[24m/core/injector/instance-loader.js:39:9[90m)[39m
    at TestingInstanceLoader.createInstancesOfDependencies [90m(/home/caxton/personal/projects/chioma/chioma-monorepo/backend/[39mnode_modules/[4m.pnpm[24m/@nestjs+core@11.1.12_@nestjs+common@11.1.12_class-transformer@0.5.1_class-validator@0.1_081de5c6d0755692e9d6b4445753904b/node_modules/[4m@nestjs[24m/core/injector/instance-loader.js:22:13[90m)[39m
    at TestingInstanceLoader.createInstancesOfDependencies [90m(/home/caxton/personal/projects/chioma/chioma-monorepo/backend/[39mnode_modules/[4m.pnpm[24m/@nestjs+testing@11.1.12_@nestjs+common@11.1.12_class-transformer@0.5.1_class-validator@_f8f5f7c9bf5f0ea617b1141b11ac9012/node_modules/[4m@nestjs[24m/testing/testing-instance-loader.js:9:9[90m)[39m
    at TestingModuleBuilder.createInstancesOfDependencies [90m(/home/caxton/personal/projects/chioma/chioma-monorepo/backend/[39mnode_modules/[4m.pnpm[24m/@nestjs+testing@11.1.12_@nestjs+common@11.1.12_class-transformer@0.5.1_class-validator@_f8f5f7c9bf5f0ea617b1141b11ac9012/node_modules/[4m@nestjs[24m/testing/testing-module.builder.js:118:9[90m)[39m
    at TestingModuleBuilder.compile [90m(/home/caxton/personal/projects/chioma/chioma-monorepo/backend/[39mnode_modules/[4m.pnpm[24m/@nestjs+testing@11.1.12_@nestjs+common@11.1.12_class-transformer@0.5.1_class-validator@_f8f5f7c9bf5f0ea617b1141b11ac9012/node_modules/[4m@nestjs[24m/testing/testing-module.builder.js:74:9[90m)[39m
    at Object.<anonymous> [90m(/home/caxton/personal/projects/chioma/chioma-monorepo/backend/[39msrc/common/services/encryption.service.spec.ts:83:7[90m)[39m
[31m[Nest] 1338135  - [39m08/01/2026, 12:21:17 AM [31m  ERROR[39m [38;5;3m[EncryptionService] [39m[31mEncryption key init failed[39m
[31m[Nest] 1338135  - [39m08/01/2026, 12:21:17 AM [31m  ERROR[39m [38;5;3m[EncryptionService] [39mError: All encryption keys must be 32 bytes (base64 ~44 chars)
    at EncryptionService.initializeKeys [90m(/home/caxton/personal/projects/chioma/chioma-monorepo/backend/[39msrc/common/services/encryption.service.ts:88:15[90m)[39m
    at new EncryptionService [90m(/home/caxton/personal/projects/chioma/chioma-monorepo/backend/[39msrc/common/services/encryption.service.ts:65:10[90m)[39m
    at TestingInjector.instantiateClass [90m(/home/caxton/personal/projects/chioma/chioma-monorepo/backend/[39mnode_modules/[4m.pnpm[24m/@nestjs+core@11.1.12_@nestjs+common@11.1.12_class-transformer@0.5.1_class-validator@0.1_081de5c6d0755692e9d6b4445753904b/node_modules/[4m@nestjs[24m/core/injector/injector.js:422:19[90m)[39m
    at callback [90m(/home/caxton/personal/projects/chioma/chioma-monorepo/backend/[39mnode_modules/[4m.pnpm[24m/@nestjs+core@11.1.12_@nestjs+common@11.1.12_class-transformer@0.5.1_class-validator@0.1_081de5c6d0755692e9d6b4445753904b/node_modules/[4m@nestjs[24m/core/injector/injector.js:70:45[90m)[39m
[90m    at processTicksAndRejections (node:internal/process/task_queues:105:5)[39m
    at TestingInjector.resolveConstructorParams [90m(/home/caxton/personal/projects/chioma/chioma-monorepo/backend/[39mnode_modules/[4m.pnpm[24m/@nestjs+core@11.1.12_@nestjs+common@11.1.12_class-transformer@0.5.1_class-validator@0.1_081de5c6d0755692e9d6b4445753904b/node_modules/[4m@nestjs[24m/core/injector/injector.js:170:24[90m)[39m
    at TestingInjector.loadInstance [90m(/home/caxton/personal/projects/chioma/chioma-monorepo/backend/[39mnode_modules/[4m.pnpm[24m/@nestjs+core@11.1.12_@nestjs+common@11.1.12_class-transformer@0.5.1_class-validator@0.1_081de5c6d0755692e9d6b4445753904b/node_modules/[4m@nestjs[24m/core/injector/injector.js:75:13[90m)[39m
    at TestingInjector.loadProvider [90m(/home/caxton/personal/projects/chioma/chioma-monorepo/backend/[39mnode_modules/[4m.pnpm[24m/@nestjs+core@11.1.12_@nestjs+common@11.1.12_class-transformer@0.5.1_class-validator@0.1_081de5c6d0755692e9d6b4445753904b/node_modules/[4m@nestjs[24m/core/injector/injector.js:103:9[90m)[39m
    at [90m/home/caxton/personal/projects/chioma/chioma-monorepo/backend/[39mnode_modules/[4m.pnpm[24m/@nestjs+core@11.1.12_@nestjs+common@11.1.12_class-transformer@0.5.1_class-validator@0.1_081de5c6d0755692e9d6b4445753904b/node_modules/[4m@nestjs[24m/core/injector/instance-loader.js:56:13
    at async Promise.all (index 3)
    at TestingInstanceLoader.createInstancesOfProviders [90m(/home/caxton/personal/projects/chioma/chioma-monorepo/backend/[39mnode_modules/[4m.pnpm[24m/@nestjs+core@11.1.12_@nestjs+common@11.1.12_class-transformer@0.5.1_class-validator@0.1_081de5c6d0755692e9d6b4445753904b/node_modules/[4m@nestjs[24m/core/injector/instance-loader.js:55:9[90m)[39m
    at [90m/home/caxton/personal/projects/chioma/chioma-monorepo/backend/[39mnode_modules/[4m.pnpm[24m/@nestjs+core@11.1.12_@nestjs+common@11.1.12_class-transformer@0.5.1_class-validator@0.1_081de5c6d0755692e9d6b4445753904b/node_modules/[4m@nestjs[24m/core/injector/instance-loader.js:40:13
    at async Promise.all (index 1)
    at TestingInstanceLoader.createInstances [90m(/home/caxton/personal/projects/chioma/chioma-monorepo/backend/[39mnode_modules/[4m.pnpm[24m/@nestjs+core@11.1.12_@nestjs+common@11.1.12_class-transformer@0.5.1_class-validator@0.1_081de5c6d0755692e9d6b4445753904b/node_modules/[4m@nestjs[24m/core/injector/instance-loader.js:39:9[90m)[39m
    at TestingInstanceLoader.createInstancesOfDependencies [90m(/home/caxton/personal/projects/chioma/chioma-monorepo/backend/[39mnode_modules/[4m.pnpm[24m/@nestjs+core@11.1.12_@nestjs+common@11.1.12_class-transformer@0.5.1_class-validator@0.1_081de5c6d0755692e9d6b4445753904b/node_modules/[4m@nestjs[24m/core/injector/instance-loader.js:22:13[90m)[39m
    at TestingInstanceLoader.createInstancesOfDependencies [90m(/home/caxton/personal/projects/chioma/chioma-monorepo/backend/[39mnode_modules/[4m.pnpm[24m/@nestjs+testing@11.1.12_@nestjs+common@11.1.12_class-transformer@0.5.1_class-validator@_f8f5f7c9bf5f0ea617b1141b11ac9012/node_modules/[4m@nestjs[24m/testing/testing-instance-loader.js:9:9[90m)[39m
    at TestingModuleBuilder.createInstancesOfDependencies [90m(/home/caxton/personal/projects/chioma/chioma-monorepo/backend/[39mnode_modules/[4m.pnpm[24m/@nestjs+testing@11.1.12_@nestjs+common@11.1.12_class-transformer@0.5.1_class-validator@_f8f5f7c9bf5f0ea617b1141b11ac9012/node_modules/[4m@nestjs[24m/testing/testing-module.builder.js:118:9[90m)[39m
    at TestingModuleBuilder.compile [90m(/home/caxton/personal/projects/chioma/chioma-monorepo/backend/[39mnode_modules/[4m.pnpm[24m/@nestjs+testing@11.1.12_@nestjs+common@11.1.12_class-transformer@0.5.1_class-validator@_f8f5f7c9bf5f0ea617b1141b11ac9012/node_modules/[4m@nestjs[24m/testing/testing-module.builder.js:74:9[90m)[39m
    at Object.<anonymous> [90m(/home/caxton/personal/projects/chioma/chioma-monorepo/backend/[39msrc/common/services/encryption.service.spec.ts:95:7[90m)[39m
[31m[Nest] 1338108  - [39m08/01/2026, 12:21:17 AM [31m  ERROR[39m [38;5;3m[DatabaseHealthIndicator] [39m[31mDatabase health check failed[39m
PASS src/modules/payments/entities/payment.entity.spec.ts
[31m[Nest] 1338108  - [39m08/01/2026, 12:21:17 AM [31m  ERROR[39m [38;5;3m[DatabaseHealthIndicator] [39mError: Connection failed
    at Object.<anonymous> [90m(/home/caxton/personal/projects/chioma/chioma-monorepo/backend/[39msrc/health/indicators/database.indicator.spec.ts:91:25[90m)[39m
    at Promise.then.completed [90m(/home/caxton/personal/projects/chioma/chioma-monorepo/backend/[39mnode_modules/[4m.pnpm[24m/jest-circus@29.7.0/node_modules/[4mjest-circus[24m/build/utils.js:298:28[90m)[39m
    at new Promise (<anonymous>)
    at callAsyncCircusFn [90m(/home/caxton/personal/projects/chioma/chioma-monorepo/backend/[39mnode_modules/[4m.pnpm[24m/jest-circus@29.7.0/node_modules/[4mjest-circus[24m/build/utils.js:231:10[90m)[39m
    at _callCircusTest [90m(/home/caxton/personal/projects/chioma/chioma-monorepo/backend/[39mnode_modules/[4m.pnpm[24m/jest-circus@29.7.0/node_modules/[4mjest-circus[24m/build/run.js:316:40[90m)[39m
[90m    at processTicksAndRejections (node:internal/process/task_queues:105:5)[39m
    at _runTest [90m(/home/caxton/personal/projects/chioma/chioma-monorepo/backend/[39mnode_modules/[4m.pnpm[24m/jest-circus@29.7.0/node_modules/[4mjest-circus[24m/build/run.js:252:3[90m)[39m
    at _runTestsForDescribeBlock [90m(/home/caxton/personal/projects/chioma/chioma-monorepo/backend/[39mnode_modules/[4m.pnpm[24m/jest-circus@29.7.0/node_modules/[4mjest-circus[24m/build/run.js:126:9[90m)[39m
    at _runTestsForDescribeBlock [90m(/home/caxton/personal/projects/chioma/chioma-monorepo/backend/[39mnode_modules/[4m.pnpm[24m/jest-circus@29.7.0/node_modules/[4mjest-circus[24m/build/run.js:121:9[90m)[39m
    at _runTestsForDescribeBlock [90m(/home/caxton/personal/projects/chioma/chioma-monorepo/backend/[39mnode_modules/[4m.pnpm[24m/jest-circus@29.7.0/node_modules/[4mjest-circus[24m/build/run.js:121:9[90m)[39m
    at run [90m(/home/caxton/personal/projects/chioma/chioma-monorepo/backend/[39mnode_modules/[4m.pnpm[24m/jest-circus@29.7.0/node_modules/[4mjest-circus[24m/build/run.js:71:3[90m)[39m
    at runAndTransformResultsToJestFormat [90m(/home/caxton/personal/projects/chioma/chioma-monorepo/backend/[39mnode_modules/[4m.pnpm[24m/jest-circus@29.7.0/node_modules/[4mjest-circus[24m/build/legacy-code-todo-rewrite/jestAdapterInit.js:122:21[90m)[39m
    at jestAdapter [90m(/home/caxton/personal/projects/chioma/chioma-monorepo/backend/[39mnode_modules/[4m.pnpm[24m/jest-circus@29.7.0/node_modules/[4mjest-circus[24m/build/legacy-code-todo-rewrite/jestAdapter.js:79:19[90m)[39m
    at runTestInternal [90m(/home/caxton/personal/projects/chioma/chioma-monorepo/backend/[39mnode_modules/[4m.pnpm[24m/jest-runner@29.7.0/node_modules/[4mjest-runner[24m/build/runTest.js:367:16[90m)[39m
    at runTest [90m(/home/caxton/personal/projects/chioma/chioma-monorepo/backend/[39mnode_modules/[4m.pnpm[24m/jest-runner@29.7.0/node_modules/[4mjest-runner[24m/build/runTest.js:444:34[90m)[39m
    at Object.worker [90m(/home/caxton/personal/projects/chioma/chioma-monorepo/backend/[39mnode_modules/[4m.pnpm[24m/jest-runner@29.7.0/node_modules/[4mjest-runner[24m/build/testWorker.js:106:12[90m)[39m
[31m[Nest] 1338108  - [39m08/01/2026, 12:21:17 AM [31m  ERROR[39m [38;5;3m[DatabaseHealthIndicator] [39m[31mDatabase health check failed[39m
[31m[Nest] 1338108  - [39m08/01/2026, 12:21:17 AM [31m  ERROR[39m [38;5;3m[DatabaseHealthIndicator] [39mError: Initialization failed
    at Object.<anonymous> [90m(/home/caxton/personal/projects/chioma/chioma-monorepo/backend/[39msrc/health/indicators/database.indicator.spec.ts:106:25[90m)[39m
    at Promise.then.completed [90m(/home/caxton/personal/projects/chioma/chioma-monorepo/backend/[39mnode_modules/[4m.pnpm[24m/jest-circus@29.7.0/node_modules/[4mjest-circus[24m/build/utils.js:298:28[90m)[39m
    at new Promise (<anonymous>)
    at callAsyncCircusFn [90m(/home/caxton/personal/projects/chioma/chioma-monorepo/backend/[39mnode_modules/[4m.pnpm[24m/jest-circus@29.7.0/node_modules/[4mjest-circus[24m/build/utils.js:231:10[90m)[39m
    at _callCircusTest [90m(/home/caxton/personal/projects/chioma/chioma-monorepo/backend/[39mnode_modules/[4m.pnpm[24m/jest-circus@29.7.0/node_modules/[4mjest-circus[24m/build/run.js:316:40[90m)[39m
[90m    at processTicksAndRejections (node:internal/process/task_queues:105:5)[39m
    at _runTest [90m(/home/caxton/personal/projects/chioma/chioma-monorepo/backend/[39mnode_modules/[4m.pnpm[24m/jest-circus@29.7.0/node_modules/[4mjest-circus[24m/build/run.js:252:3[90m)[39m
    at _runTestsForDescribeBlock [90m(/home/caxton/personal/projects/chioma/chioma-monorepo/backend/[39mnode_modules/[4m.pnpm[24m/jest-circus@29.7.0/node_modules/[4mjest-circus[24m/build/run.js:126:9[90m)[39m
    at _runTestsForDescribeBlock [90m(/home/caxton/personal/projects/chioma/chioma-monorepo/backend/[39mnode_modules/[4m.pnpm[24m/jest-circus@29.7.0/node_modules/[4mjest-circus[24m/build/run.js:121:9[90m)[39m
    at _runTestsForDescribeBlock [90m(/home/caxton/personal/projects/chioma/chioma-monorepo/backend/[39mnode_modules/[4m.pnpm[24m/jest-circus@29.7.0/node_modules/[4mjest-circus[24m/build/run.js:121:9[90m)[39m
    at run [90m(/home/caxton/personal/projects/chioma/chioma-monorepo/backend/[39mnode_modules/[4m.pnpm[24m/jest-circus@29.7.0/node_modules/[4mjest-circus[24m/build/run.js:71:3[90m)[39m
    at runAndTransformResultsToJestFormat [90m(/home/caxton/personal/projects/chioma/chioma-monorepo/backend/[39mnode_modules/[4m.pnpm[24m/jest-circus@29.7.0/node_modules/[4mjest-circus[24m/build/legacy-code-todo-rewrite/jestAdapterInit.js:122:21[90m)[39m
    at jestAdapter [90m(/home/caxton/personal/projects/chioma/chioma-monorepo/backend/[39mnode_modules/[4m.pnpm[24m/jest-circus@29.7.0/node_modules/[4mjest-circus[24m/build/legacy-code-todo-rewrite/jestAdapter.js:79:19[90m)[39m
    at runTestInternal [90m(/home/caxton/personal/projects/chioma/chioma-monorepo/backend/[39mnode_modules/[4m.pnpm[24m/jest-runner@29.7.0/node_modules/[4mjest-runner[24m/build/runTest.js:367:16[90m)[39m
    at runTest [90m(/home/caxton/personal/projects/chioma/chioma-monorepo/backend/[39mnode_modules/[4m.pnpm[24m/jest-runner@29.7.0/node_modules/[4mjest-runner[24m/build/runTest.js:444:34[90m)[39m
    at Object.worker [90m(/home/caxton/personal/projects/chioma/chioma-monorepo/backend/[39mnode_modules/[4m.pnpm[24m/jest-runner@29.7.0/node_modules/[4mjest-runner[24m/build/testWorker.js:106:12[90m)[39m
[31m[Nest] 1338108  - [39m08/01/2026, 12:21:17 AM [31m  ERROR[39m [38;5;3m[DatabaseHealthIndicator] [39m[31mDatabase connection check failed[39m
[31m[Nest] 1338108  - [39m08/01/2026, 12:21:17 AM [31m  ERROR[39m [38;5;3m[DatabaseHealthIndicator] [39mError: Connection failed
    at Object.<anonymous> [90m(/home/caxton/personal/projects/chioma/chioma-monorepo/backend/[39msrc/health/indicators/database.indicator.spec.ts:127:25[90m)[39m
    at Promise.then.completed [90m(/home/caxton/personal/projects/chioma/chioma-monorepo/backend/[39mnode_modules/[4m.pnpm[24m/jest-circus@29.7.0/node_modules/[4mjest-circus[24m/build/utils.js:298:28[90m)[39m
    at new Promise (<anonymous>)
    at callAsyncCircusFn [90m(/home/caxton/personal/projects/chioma/chioma-monorepo/backend/[39mnode_modules/[4m.pnpm[24m/jest-circus@29.7.0/node_modules/[4mjest-circus[24m/build/utils.js:231:10[90m)[39m
    at _callCircusTest [90m(/home/caxton/personal/projects/chioma/chioma-monorepo/backend/[39mnode_modules/[4m.pnpm[24m/jest-circus@29.7.0/node_modules/[4mjest-circus[24m/build/run.js:316:40[90m)[39m
[90m    at processTicksAndRejections (node:internal/process/task_queues:105:5)[39m
    at _runTest [90m(/home/caxton/personal/projects/chioma/chioma-monorepo/backend/[39mnode_modules/[4m.pnpm[24m/jest-circus@29.7.0/node_modules/[4mjest-circus[24m/build/run.js:252:3[90m)[39m
    at _runTestsForDescribeBlock [90m(/home/caxton/personal/projects/chioma/chioma-monorepo/backend/[39mnode_modules/[4m.pnpm[24m/jest-circus@29.7.0/node_modules/[4mjest-circus[24m/build/run.js:126:9[90m)[39m
    at _runTestsForDescribeBlock [90m(/home/caxton/personal/projects/chioma/chioma-monorepo/backend/[39mnode_modules/[4m.pnpm[24m/jest-circus@29.7.0/node_modules/[4mjest-circus[24m/build/run.js:121:9[90m)[39m
    at _runTestsForDescribeBlock [90m(/home/caxton/personal/projects/chioma/chioma-monorepo/backend/[39mnode_modules/[4m.pnpm[24m/jest-circus@29.7.0/node_modules/[4mjest-circus[24m/build/run.js:121:9[90m)[39m
    at run [90m(/home/caxton/personal/projects/chioma/chioma-monorepo/backend/[39mnode_modules/[4m.pnpm[24m/jest-circus@29.7.0/node_modules/[4mjest-circus[24m/build/run.js:71:3[90m)[39m
    at runAndTransformResultsToJestFormat [90m(/home/caxton/personal/projects/chioma/chioma-monorepo/backend/[39mnode_modules/[4m.pnpm[24m/jest-circus@29.7.0/node_modules/[4mjest-circus[24m/build/legacy-code-todo-rewrite/jestAdapterInit.js:122:21[90m)[39m
    at jestAdapter [90m(/home/caxton/personal/projects/chioma/chioma-monorepo/backend/[39mnode_modules/[4m.pnpm[24m/jest-circus@29.7.0/node_modules/[4mjest-circus[24m/build/legacy-code-todo-rewrite/jestAdapter.js:79:19[90m)[39m
    at runTestInternal [90m(/home/caxton/personal/projects/chioma/chioma-monorepo/backend/[39mnode_modules/[4m.pnpm[24m/jest-runner@29.7.0/node_modules/[4mjest-runner[24m/build/runTest.js:367:16[90m)[39m
    at runTest [90m(/home/caxton/personal/projects/chioma/chioma-monorepo/backend/[39mnode_modules/[4m.pnpm[24m/jest-runner@29.7.0/node_modules/[4mjest-runner[24m/build/runTest.js:444:34[90m)[39m
    at Object.worker [90m(/home/caxton/personal/projects/chioma/chioma-monorepo/backend/[39mnode_modules/[4m.pnpm[24m/jest-runner@29.7.0/node_modules/[4mjest-runner[24m/build/testWorker.js:106:12[90m)[39m
PASS src/health/indicators/database.indicator.spec.ts
PASS src/modules/payments/refund.service.spec.ts
PASS src/modules/queues/services/dead-letter-queue.listener.spec.ts
PASS src/common/services/encryption.service.spec.ts
PASS src/modules/favorites/favorites.service.spec.ts
PASS src/modules/messaging/websocket-session.service.spec.ts
PASS src/modules/database-performance/database-performance.controller.spec.ts
PASS src/modules/fraud/fraud-hooks.service.spec.ts
PASS src/modules/maintenance/health-recovery.service.spec.ts
[31m[Nest] 1338129  - [39m08/01/2026, 12:21:18 AM [31m  ERROR[39m [38;5;3m[WebhookSignatureService] [39m[31mWebhook secret is not configured[39m
PASS src/modules/payments/dto/webhook-dto.spec.ts
[31m[Nest] 1338129  - [39m08/01/2026, 12:21:18 AM [31m  ERROR[39m [38;5;3m[WebhookSignatureService] [39m[31mWebhook secret is not configured[39m
PASS src/common/__tests__/api-documentation.spec.ts
[31m[Nest] 1338129  - [39m08/01/2026, 12:21:18 AM [31m  ERROR[39m [38;5;3m[WebhookSignatureService] [39m[31mWebhook secret is not configured[39m
PASS src/modules/webhooks/webhook.service.spec.ts
PASS src/modules/auth/guards/ip-access-control.guard.spec.ts
[31m[Nest] 1338109  - [39m08/01/2026, 12:21:18 AM [31m  ERROR[39m [38;5;3m[RateLimitGuard] [39m[31mRate limit guard error: Redis error[39m
PASS src/modules/rate-limiting/__tests__/rate-limit.guard.spec.ts
[33m[Nest] 1338127  - [39m08/01/2026, 12:21:18 AM [33m   WARN[39m [38;5;3m[BulkheadService] [39m[33m[payments] Bulkhead rejected: 1 active, 0 queued[39m
[33m[Nest] 1338127  - [39m08/01/2026, 12:21:18 AM [33m   WARN[39m [38;5;3m[BulkheadService] [39m[33m[limited] Bulkhead rejected: 2 active, 2 queued[39m
[33m[Nest] 1338127  - [39m08/01/2026, 12:21:18 AM [33m   WARN[39m [38;5;3m[BulkheadService] [39m[33m[resizable] Bulkhead rejected: 1 active, 0 queued[39m
PASS src/modules/cleanup/temp-file-cleanup.service.spec.ts
PASS src/common/__tests__/api-bulkhead.integration.spec.ts
[33m[Nest] 1338127  - [39m08/01/2026, 12:21:18 AM [33m   WARN[39m [38;5;3m[BulkheadService] [39m[33m[counting] Bulkhead rejected: 1 active, 0 queued[39m
[33m[Nest] 1338127  - [39m08/01/2026, 12:21:18 AM [33m   WARN[39m [38;5;3m[BulkheadService] [39m[33m[burst] Bulkhead rejected: 2 active, 0 queued[39m
[33m[Nest] 1338127  - [39m08/01/2026, 12:21:18 AM [33m   WARN[39m [38;5;3m[BulkheadService] [39m[33m[burst] Bulkhead rejected: 2 active, 0 queued[39m
[33m[Nest] 1338127  - [39m08/01/2026, 12:21:18 AM [33m   WARN[39m [38;5;3m[BulkheadService] [39m[33m[burst] Bulkhead rejected: 2 active, 0 queued[39m
[33m[Nest] 1338127  - [39m08/01/2026, 12:21:18 AM [33m   WARN[39m [38;5;3m[BulkheadService] [39m[33m[burst] Bulkhead rejected: 2 active, 0 queued[39m
[33m[Nest] 1338127  - [39m08/01/2026, 12:21:18 AM [33m   WARN[39m [38;5;3m[BulkheadService] [39m[33m[burst] Bulkhead rejected: 2 active, 0 queued[39m
PASS src/modules/status/status.service.spec.ts
PASS src/modules/search/search.service.spec.ts
PASS src/modules/queues/services/batch-processing.integration.spec.ts
PASS src/modules/profile/services/ipfs.service.spec.ts
PASS src/common/__tests__/query-depth-limit.middleware.spec.ts
PASS src/modules/cleanup/database-maintenance.service.spec.ts
PASS src/modules/stellar/services/dispute-contract.service.spec.ts
[31m[Nest] 1338121  - [39m08/01/2026, 12:21:19 AM [31m  ERROR[39m [38;5;3m[RateLimitService] [39m[31mRate limit error for cache-fail-test: Cache connection failed[39m
[31m[Nest] 1338121  - [39m08/01/2026, 12:21:19 AM [31m  ERROR[39m [38;5;3m[RateLimitService] [39m[31mRate limit error for cache-write-fail-test: Cache write failed[39m
[31m[Nest] 1338121  - [39m08/01/2026, 12:21:19 AM [31m  ERROR[39m [38;5;3m[RateLimitService] [39m[31mFailed to reset limit for reset-fail-test: Cache delete failed[39m
[95m[Nest] 1338129  - [39m08/01/2026, 12:21:19 AM [95m  DEBUG[39m [38;5;3m[DatabaseMaintenanceService] [39m[95mSkipping maintenance for sqlite database[39m
[31m[Nest] 1338121  - [39m08/01/2026, 12:21:19 AM [31m  ERROR[39m [38;5;3m[RateLimitService] [39m[31mFailed to whitelist identifier whitelist-fail-test: Cache failed[39m
PASS src/modules/rate-limiting/__tests__/rate-limiting-edge-cases.spec.ts
PASS src/modules/monitoring/alert.service.spec.ts
PASS src/common/services/log-maintenance.service.spec.ts
PASS src/modules/monitoring/metrics.service.spec.ts
PASS src/common/__tests__/csrf-validation.spec.ts
[33m[Nest] 1338129  - [39m08/01/2026, 12:21:19 AM [33m   WARN[39m [38;5;3m[CsrfMiddleware] [39m[33mCSRF token mismatch for path: /api/protected[39m
[32m[Nest] 1338127  - [39m08/01/2026, 12:21:19 AM [32m    LOG[39m [38;5;3m[LogMaintenanceService] [39m[32mRemoved 1 expired log files[39m
[33m[Nest] 1338129  - [39m08/01/2026, 12:21:19 AM [33m   WARN[39m [38;5;3m[CsrfMiddleware] [39m[33mCSRF token missing: header=false, cookie=false, path=/api/protected[39m
[32m[Nest] 1338129  - [39m08/01/2026, 12:21:19 AM [32m    LOG[39m [38;5;3m[CsrfMiddleware] [39m[32mCSRF cookie settings verified: environment=development, secure=false, httpOnly=false, sameSite=strict[39m
[95m[Nest] 1338129  - [39m08/01/2026, 12:21:19 AM [95m  DEBUG[39m [38;5;3m[CsrfMiddleware] [39m[95mCSRF token generated with settings: secure=false, httpOnly=false, sameSite=strict[39m
[32m[Nest] 1338129  - [39m08/01/2026, 12:21:19 AM [32m    LOG[39m [38;5;3m[CsrfMiddleware] [39m[32mCSRF cookie settings verified: environment=development, secure=false, httpOnly=false, sameSite=strict[39m
[95m[Nest] 1338129  - [39m08/01/2026, 12:21:19 AM [95m  DEBUG[39m [38;5;3m[CsrfMiddleware] [39m[95mCSRF token generated with settings: secure=false, httpOnly=false, sameSite=strict[39m
[32m[Nest] 1338129  - [39m08/01/2026, 12:21:19 AM [32m    LOG[39m [38;5;3m[CsrfMiddleware] [39m[32mCSRF cookie settings verified: environment=development, secure=false, httpOnly=false, sameSite=strict[39m
[95m[Nest] 1338129  - [39m08/01/2026, 12:21:19 AM [95m  DEBUG[39m [38;5;3m[CsrfMiddleware] [39m[95mCSRF token generated with settings: secure=false, httpOnly=false, sameSite=strict[39m
[33m[Nest] 1338129  - [39m08/01/2026, 12:21:19 AM [33m   WARN[39m [38;5;3m[CsrfMiddleware] [39m[33mCSRF token mismatch for path: /api/protected[39m
[33m[Nest] 1338129  - [39m08/01/2026, 12:21:19 AM [33m   WARN[39m [38;5;3m[CsrfMiddleware] [39m[33mCSRF token missing: header=false, cookie=false, path=/api/transfer-funds[39m
[33m[Nest] 1338129  - [39m08/01/2026, 12:21:19 AM [33m   WARN[39m [38;5;3m[CsrfMiddleware] [39m[33mCSRF token missing: header=false, cookie=false, path=/api/protected[39m
[33m[Nest] 1338129  - [39m08/01/2026, 12:21:19 AM [33m   WARN[39m [38;5;3m[CsrfMiddleware] [39m[33mCSRF token missing: header=false, cookie=false, path=/api/protected[39m
[33m[Nest] 1338129  - [39m08/01/2026, 12:21:19 AM [33m   WARN[39m [38;5;3m[CsrfMiddleware] [39m[33mCSRF token missing: header=false, cookie=false, path=/api/protected[39m
[33m[Nest] 1338129  - [39m08/01/2026, 12:21:19 AM [33m   WARN[39m [38;5;3m[CsrfMiddleware] [39m[33mCSRF token missing: header=false, cookie=false, path=/api/protected[39m
[33m[Nest] 1338129  - [39m08/01/2026, 12:21:19 AM [33m   WARN[39m [38;5;3m[CsrfMiddleware] [39m[33mCSRF token missing: header=false, cookie=false, path=/api/protected[39m
[32m[Nest] 1338129  - [39m08/01/2026, 12:21:19 AM [32m    LOG[39m [38;5;3m[CsrfMiddleware] [39m[32mCSRF cookie settings verified: environment=development, secure=false, httpOnly=false, sameSite=strict[39m
[95m[Nest] 1338129  - [39m08/01/2026, 12:21:19 AM [95m  DEBUG[39m [38;5;3m[CsrfMiddleware] [39m[95mCSRF token generated with settings: secure=false, httpOnly=false, sameSite=strict[39m
[32m[Nest] 1338129  - [39m08/01/2026, 12:21:19 AM [32m    LOG[39m [38;5;3m[CsrfMiddleware] [39m[32mCSRF cookie settings verified: environment=development, secure=false, httpOnly=false, sameSite=strict[39m
[95m[Nest] 1338129  - [39m08/01/2026, 12:21:19 AM [95m  DEBUG[39m [38;5;3m[CsrfMiddleware] [39m[95mCSRF token generated with settings: secure=false, httpOnly=false, sameSite=strict[39m
[32m[Nest] 1338129  - [39m08/01/2026, 12:21:19 AM [32m    LOG[39m [38;5;3m[CsrfMiddleware] [39m[32mCSRF cookie settings verified: environment=development, secure=false, httpOnly=false, sameSite=strict[39m
[95m[Nest] 1338129  - [39m08/01/2026, 12:21:19 AM [95m  DEBUG[39m [38;5;3m[CsrfMiddleware] [39m[95mCSRF token generated with settings: secure=false, httpOnly=false, sameSite=strict[39m
[33m[Nest] 1338129  - [39m08/01/2026, 12:21:19 AM [33m   WARN[39m [38;5;3m[CsrfMiddleware] [39m[33mCSRF token missing: header=false, cookie=false, path=/api/data[39m
[33m[Nest] 1338129  - [39m08/01/2026, 12:21:19 AM [33m   WARN[39m [38;5;3m[CsrfMiddleware] [39m[33mCSRF token missing: header=false, cookie=false, path=/api/data[39m
[33m[Nest] 1338129  - [39m08/01/2026, 12:21:19 AM [33m   WARN[39m [38;5;3m[CsrfMiddleware] [39m[33mCSRF token missing: header=false, cookie=false, path=/api/data[39m
[33m[Nest] 1338129  - [39m08/01/2026, 12:21:19 AM [33m   WARN[39m [38;5;3m[CsrfMiddleware] [39m[33mCSRF token missing: header=false, cookie=false, path=/api/data[39m
PASS src/modules/queues/services/data-import.integration.spec.ts
PASS src/common/resilience/fallback.service.spec.ts
PASS src/modules/payments/admin-refunds.service.spec.ts
[31m[Nest] 1338127  - [39m08/01/2026, 12:21:19 AM [31m  ERROR[39m [38;5;3m[EncryptionService] [39m[31mDecryption failed[39m
[31m[Nest] 1338127  - [39m08/01/2026, 12:21:19 AM [31m  ERROR[39m [38;5;3m[EncryptionService] [39mError: bad nonce size
    at checkLengths [90m(/home/caxton/personal/projects/chioma/chioma-monorepo/backend/[39mnode_modules/[4m.pnpm[24m/tweetnacl@1.0.3/node_modules/[4mtweetnacl[24m/nacl-fast.js:2154:55[90m)[39m
    at Function.Object.<anonymous>.nacl.secretbox.open [90m(/home/caxton/personal/projects/chioma/chioma-monorepo/backend/[39mnode_modules/[4m.pnpm[24m/tweetnacl@1.0.3/node_modules/[4mtweetnacl[24m/nacl-fast.js:2191:3[90m)[39m
    at EncryptionService.decrypt [90m(/home/caxton/personal/projects/chioma/chioma-monorepo/backend/[39msrc/modules/stellar/services/encryption.service.ts:80:40[90m)[39m
    at [90m/home/caxton/personal/projects/chioma/chioma-monorepo/backend/[39msrc/modules/stellar/__tests__/encryption.service.spec.ts:55:28
    at Object.<anonymous> [90m(/home/caxton/personal/projects/chioma/chioma-monorepo/backend/[39mnode_modules/[4m.pnpm[24m/expect@29.7.0/node_modules/[4mexpect[24m/build/toThrowMatchers.js:74:11[90m)[39m
    at Object.throwingMatcher [as toThrow] [90m(/home/caxton/personal/projects/chioma/chioma-monorepo/backend/[39mnode_modules/[4m.pnpm[24m/expect@29.7.0/node_modules/[4mexpect[24m/build/index.js:320:21[90m)[39m
    at Object.<anonymous> [90m(/home/caxton/personal/projects/chioma/chioma-monorepo/backend/[39msrc/modules/stellar/__tests__/encryption.service.spec.ts:55:60[90m)[39m
    at Promise.then.completed [90m(/home/caxton/personal/projects/chioma/chioma-monorepo/backend/[39mnode_modules/[4m.pnpm[24m/jest-circus@29.7.0/node_modules/[4mjest-circus[24m/build/utils.js:298:28[90m)[39m
    at new Promise (<anonymous>)
    at callAsyncCircusFn [90m(/home/caxton/personal/projects/chioma/chioma-monorepo/backend/[39mnode_modules/[4m.pnpm[24m/jest-circus@29.7.0/node_modules/[4mjest-circus[24m/build/utils.js:231:10[90m)[39m
    at _callCircusTest [90m(/home/caxton/personal/projects/chioma/chioma-monorepo/backend/[39mnode_modules/[4m.pnpm[24m/jest-circus@29.7.0/node_modules/[4mjest-circus[24m/build/run.js:316:40[90m)[39m
[90m    at processTicksAndRejections (node:internal/process/task_queues:105:5)[39m
    at _runTest [90m(/home/caxton/personal/projects/chioma/chioma-monorepo/backend/[39mnode_modules/[4m.pnpm[24m/jest-circus@29.7.0/node_modules/[4mjest-circus[24m/build/run.js:252:3[90m)[39m
    at _runTestsForDescribeBlock [90m(/home/caxton/personal/projects/chioma/chioma-monorepo/backend/[39mnode_modules/[4m.pnpm[24m/jest-circus@29.7.0/node_modules/[4mjest-circus[24m/build/run.js:126:9[90m)[39m
    at _runTestsForDescribeBlock [90m(/home/caxton/personal/projects/chioma/chioma-monorepo/backend/[39mnode_modules/[4m.pnpm[24m/jest-circus@29.7.0/node_modules/[4mjest-circus[24m/build/run.js:121:9[90m)[39m
    at _runTestsForDescribeBlock [90m(/home/caxton/personal/projects/chioma/chioma-monorepo/backend/[39mnode_modules/[4m.pnpm[24m/jest-circus@29.7.0/node_modules/[4mjest-circus[24m/build/run.js:121:9[90m)[39m
    at run [90m(/home/caxton/personal/projects/chioma/chioma-monorepo/backend/[39mnode_modules/[4m.pnpm[24m/jest-circus@29.7.0/node_modules/[4mjest-circus[24m/build/run.js:71:3[90m)[39m
    at runAndTransformResultsToJestFormat [90m(/home/caxton/personal/projects/chioma/chioma-monorepo/backend/[39mnode_modules/[4m.pnpm[24m/jest-circus@29.7.0/node_modules/[4mjest-circus[24m/build/legacy-code-todo-rewrite/jestAdapterInit.js:122:21[90m)[39m
    at jestAdapter [90m(/home/caxton/personal/projects/chioma/chioma-monorepo/backend/[39mnode_modules/[4m.pnpm[24m/jest-circus@29.7.0/node_modules/[4mjest-circus[24m/build/legacy-code-todo-rewrite/jestAdapter.js:79:19[90m)[39m
    at runTestInternal [90m(/home/caxton/personal/projects/chioma/chioma-monorepo/backend/[39mnode_modules/[4m.pnpm[24m/jest-runner@29.7.0/node_modules/[4mjest-runner[24m/build/runTest.js:367:16[90m)[39m
    at runTest [90m(/home/caxton/personal/projects/chioma/chioma-monorepo/backend/[39mnode_modules/[4m.pnpm[24m/jest-runner@29.7.0/node_modules/[4mjest-runner[24m/build/runTest.js:444:34[90m)[39m
    at Object.worker [90m(/home/caxton/personal/projects/chioma/chioma-monorepo/backend/[39mnode_modules/[4m.pnpm[24m/jest-runner@29.7.0/node_modules/[4mjest-runner[24m/build/testWorker.js:106:12[90m)[39m
[33m[Nest] 1338121  - [39m08/01/2026, 12:21:19 AM [33m   WARN[39m [38;5;3m[FallbackService] [39m[33m[FallbackService] Primary failed (down); serving fallback[39m
[33m[Nest] 1338121  - [39m08/01/2026, 12:21:19 AM [33m   WARN[39m [38;5;3m[FallbackService] [39mObject(1) {
  error: [32m'down'[39m
}
[33m[Nest] 1338121  - [39m08/01/2026, 12:21:19 AM [33m   WARN[39m [38;5;3m[FallbackService] [39m[33m[FallbackService] Primary failed (boom); serving fallback[39m
[33m[Nest] 1338121  - [39m08/01/2026, 12:21:19 AM [33m   WARN[39m [38;5;3m[FallbackService] [39mObject(1) {
  error: [32m'boom'[39m
}
[33m[Nest] 1338121  - [39m08/01/2026, 12:21:19 AM [33m   WARN[39m [38;5;3m[FallbackService] [39m[33m[FallbackService] Primary failed (x); serving fallback[39m
[33m[Nest] 1338121  - [39m08/01/2026, 12:21:19 AM [33m   WARN[39m [38;5;3m[FallbackService] [39mObject(1) {
  error: [32m'x'[39m
}
[33m[Nest] 1338121  - [39m08/01/2026, 12:21:19 AM [33m   WARN[39m [38;5;3m[FallbackService] [39m[33m[FallbackService] Primary failed (down); serving fallback[39m
[33m[Nest] 1338121  - [39m08/01/2026, 12:21:19 AM [33m   WARN[39m [38;5;3m[FallbackService] [39mObject(1) {
  error: [32m'down'[39m
}
[33m[Nest] 1338121  - [39m08/01/2026, 12:21:19 AM [33m   WARN[39m [38;5;3m[FallbackService] [39m[33m[FallbackService] Primary failed (primary); serving fallback[39m
[33m[Nest] 1338121  - [39m08/01/2026, 12:21:19 AM [33m   WARN[39m [38;5;3m[FallbackService] [39mObject(1) {
  error: [32m'primary'[39m
}
[33m[Nest] 1338121  - [39m08/01/2026, 12:21:19 AM [33m   WARN[39m [38;5;3m[FallbackService] [39m[33m[FallbackService] Primary failed (down); serving fallback[39m
[33m[Nest] 1338121  - [39m08/01/2026, 12:21:19 AM [33m   WARN[39m [38;5;3m[FallbackService] [39mObject(1) {
  error: [32m'down'[39m
}
[33m[Nest] 1338121  - [39m08/01/2026, 12:21:19 AM [33m   WARN[39m [38;5;3m[FallbackService] [39m[33m[FallbackService] Primary failed (negative); serving fallback[39m
[33m[Nest] 1338121  - [39m08/01/2026, 12:21:19 AM [33m   WARN[39m [38;5;3m[FallbackService] [39mObject(1) {
  error: [32m'negative'[39m
}
[33m[Nest] 1338121  - [39m08/01/2026, 12:21:19 AM [33m   WARN[39m [38;5;3m[FallbackService] [39m[33m[FallbackService] Primary failed (e); serving fallback[39m
[33m[Nest] 1338121  - [39m08/01/2026, 12:21:19 AM [33m   WARN[39m [38;5;3m[FallbackService] [39mObject(1) {
  error: [32m'e'[39m
}
PASS src/common/middleware/security-headers.middleware.spec.ts
PASS src/modules/stellar/__tests__/encryption.service.spec.ts
[31m[Nest] 1338115  - [39m08/01/2026, 12:21:19 AM [31m  ERROR[39m [38;5;3m[RetryService] [39m[31m[RetryService] All 3 attempt(s) exhausted. Last error: boom[39m
[31m[Nest] 1338115  - [39m08/01/2026, 12:21:19 AM [31m  ERROR[39m [38;5;3m[RetryService] [39mObject(2) {
  attempts: [33m3[39m,
  error: [32m'boom'[39m
}
[31m[Nest] 1338115  - [39m08/01/2026, 12:21:19 AM [31m  ERROR[39m [38;5;3m[RetryService] [39m[31m[RetryService] All 1 attempt(s) exhausted. Last error: validation error[39m
[31m[Nest] 1338115  - [39m08/01/2026, 12:21:19 AM [31m  ERROR[39m [38;5;3m[RetryService] [39mObject(2) {
  attempts: [33m1[39m,
  error: [32m'validation error'[39m
}
[31m[Nest] 1338115  - [39m08/01/2026, 12:21:19 AM [31m  ERROR[39m [38;5;3m[RetryService] [39m[31m[RetryService] All 1 attempt(s) exhausted. Last error: Network error occurred[39m
[31m[Nest] 1338115  - [39m08/01/2026, 12:21:19 AM [31m  ERROR[39m [38;5;3m[RetryService] [39mObject(2) {
  attempts: [33m1[39m,
  error: [32m'Network error occurred'[39m
}
PASS src/common/cache/cache.service.spec.ts
PASS src/modules/stellar/services/chioma-contract.service.spec.ts
PASS src/common/services/retry.service.spec.ts
PASS src/common/resilience/incident.service.spec.ts
[33m[Nest] 1338109  - [39m08/01/2026, 12:21:19 AM [33m   WARN[39m [38;5;3m[IncidentService] [39m[33mIncident declared: INC-2026-001 (SEV2)[39m
[33m[Nest] 1338109  - [39m08/01/2026, 12:21:19 AM [33m   WARN[39m [38;5;3m[DegradationService] [39m[33mDegradation level changed: normal -> partial (INC-2026-001 (SEV2): API 503 errors)[39m
[33m[Nest] 1338109  - [39m08/01/2026, 12:21:19 AM [33m   WARN[39m [38;5;3m[IncidentService] [39m[33mIncident declared: INC-2026-001 (SEV3)[39m
[33m[Nest] 1338109  - [39m08/01/2026, 12:21:19 AM [33m   WARN[39m [38;5;3m[IncidentService] [39m[33mIncident declared: INC-2026-002 (SEV3)[39m
[33m[Nest] 1338109  - [39m08/01/2026, 12:21:19 AM [33m   WARN[39m [38;5;3m[IncidentService] [39m[33mIncident declared: INC-2026-001 (SEV1)[39m
[33m[Nest] 1338109  - [39m08/01/2026, 12:21:19 AM [33m   WARN[39m [38;5;3m[DegradationService] [39m[33mDegradation level changed: normal -> severe (INC-2026-001 (SEV1): total outage)[39m
[33m[Nest] 1338109  - [39m08/01/2026, 12:21:19 AM [33m   WARN[39m [38;5;3m[IncidentService] [39m[33mIncident declared: INC-2026-001 (SEV2)[39m
[33m[Nest] 1338109  - [39m08/01/2026, 12:21:19 AM [33m   WARN[39m [38;5;3m[DegradationService] [39m[33mDegradation level changed: normal -> partial (INC-2026-001 (SEV2): slow)[39m
[33m[Nest] 1338109  - [39m08/01/2026, 12:21:19 AM [33m   WARN[39m [38;5;3m[IncidentService] [39m[33mIncident declared: INC-2026-001 (SEV3)[39m
[33m[Nest] 1338109  - [39m08/01/2026, 12:21:19 AM [33m   WARN[39m [38;5;3m[IncidentService] [39m[33mIncident declared: INC-2026-001 (SEV2)[39m
[33m[Nest] 1338109  - [39m08/01/2026, 12:21:19 AM [33m   WARN[39m [38;5;3m[DegradationService] [39m[33mDegradation level changed: normal -> partial (INC-2026-001 (SEV2): a)[39m
[33m[Nest] 1338109  - [39m08/01/2026, 12:21:19 AM [33m   WARN[39m [38;5;3m[IncidentService] [39m[33mIncident declared: INC-2026-002 (SEV1)[39m
[33m[Nest] 1338109  - [39m08/01/2026, 12:21:19 AM [33m   WARN[39m [38;5;3m[DegradationService] [39m[33mDegradation level changed: partial -> severe (INC-2026-002 (SEV1): b)[39m
[33m[Nest] 1338109  - [39m08/01/2026, 12:21:19 AM [33m   WARN[39m [38;5;3m[DegradationService] [39m[33mDegradation level changed: severe -> partial (INC-2026-001 (SEV2): a)[39m
[33m[Nest] 1338109  - [39m08/01/2026, 12:21:19 AM [33m   WARN[39m [38;5;3m[IncidentService] [39m[33mIncident declared: INC-2026-001 (SEV1)[39m
[33m[Nest] 1338109  - [39m08/01/2026, 12:21:19 AM [33m   WARN[39m [38;5;3m[DegradationService] [39m[33mDegradation level changed: normal -> severe (INC-2026-001 (SEV1): outage)[39m
[32m[Nest] 1338109  - [39m08/01/2026, 12:21:19 AM [32m    LOG[39m [38;5;3m[DegradationService] [39m[32mDegradation level changed: severe -> normal (all incidents resolved)[39m
[33m[Nest] 1338109  - [39m08/01/2026, 12:21:19 AM [33m   WARN[39m [38;5;3m[IncidentService] [39m[33mIncident declared: INC-2026-001 (SEV2)[39m
[33m[Nest] 1338109  - [39m08/01/2026, 12:21:19 AM [33m   WARN[39m [38;5;3m[DegradationService] [39m[33mDegradation level changed: normal -> partial (INC-2026-001 (SEV2): x)[39m
[32m[Nest] 1338109  - [39m08/01/2026, 12:21:19 AM [32m    LOG[39m [38;5;3m[DegradationService] [39m[32mDegradation level changed: partial -> normal (all incidents resolved)[39m
[33m[Nest] 1338109  - [39m08/01/2026, 12:21:19 AM [33m   WARN[39m [38;5;3m[IncidentService] [39m[33mIncident declared: INC-2026-001 (SEV3)[39m
[33m[Nest] 1338115  - [39m08/01/2026, 12:21:19 AM [33m   WARN[39m [38;5;3m[RetryService] [39m[33m[RetryService] Attempt 1/3 failed: Network error occurred. Retrying in 100ms…[39m
[33m[Nest] 1338115  - [39m08/01/2026, 12:21:19 AM [33m   WARN[39m [38;5;3m[RetryService] [39mObject(3) {
  attempt: [33m1[39m,
  delay: [33m100[39m,
  error: [32m'Network error occurred'[39m
}
[33m[Nest] 1338115  - [39m08/01/2026, 12:21:19 AM [33m   WARN[39m [38;5;3m[RetryService] [39m[33m[RetryService] Attempt 1/3 failed: boom. Retrying in 10ms…[39m
[33m[Nest] 1338115  - [39m08/01/2026, 12:21:19 AM [33m   WARN[39m [38;5;3m[RetryService] [39mObject(3) {
  attempt: [33m1[39m,
  delay: [33m10[39m,
  error: [32m'boom'[39m
}
[33m[Nest] 1338115  - [39m08/01/2026, 12:21:19 AM [33m   WARN[39m [38;5;3m[RetryService] [39m[33m[RetryService] Attempt 2/3 failed: boom. Retrying in 20ms…[39m
[33m[Nest] 1338115  - [39m08/01/2026, 12:21:19 AM [33m   WARN[39m [38;5;3m[RetryService] [39mObject(3) {
  attempt: [33m2[39m,
  delay: [33m20[39m,
  error: [32m'boom'[39m
}
[33m[Nest] 1338115  - [39m08/01/2026, 12:21:19 AM [33m   WARN[39m [38;5;3m[RetryService] [39m[33m[RetryService] Attempt 1/3 failed: Request timed out. Retrying in 10ms…[39m
[33m[Nest] 1338115  - [39m08/01/2026, 12:21:19 AM [33m   WARN[39m [38;5;3m[RetryService] [39mObject(3) {
  attempt: [33m1[39m,
  delay: [33m10[39m,
  error: [32m'Request timed out'[39m
}
[33m[Nest] 1338115  - [39m08/01/2026, 12:21:19 AM [33m   WARN[39m [38;5;3m[RetryService] [39m[33m[RetryService] Attempt 1/3 failed: Network error occurred. Retrying in 10ms…[39m
[33m[Nest] 1338115  - [39m08/01/2026, 12:21:19 AM [33m   WARN[39m [38;5;3m[RetryService] [39mObject(3) {
  attempt: [33m1[39m,
  delay: [33m10[39m,
  error: [32m'Network error occurred'[39m
}
[33m[Nest] 1338115  - [39m08/01/2026, 12:21:19 AM [33m   WARN[39m [38;5;3m[RetryService] [39m[33m[RetryService] Attempt 2/3 failed: Network error occurred. Retrying in 20ms…[39m
[33m[Nest] 1338115  - [39m08/01/2026, 12:21:19 AM [33m   WARN[39m [38;5;3m[RetryService] [39mObject(3) {
  attempt: [33m2[39m,
  delay: [33m20[39m,
  error: [32m'Network error occurred'[39m
}
[33m[Nest] 1338115  - [39m08/01/2026, 12:21:19 AM [33m   WARN[39m [38;5;3m[RetryService] [39m[33m[RetryService] Attempt 1/3 failed: Network error occurred. Retrying in 10ms…[39m
[33m[Nest] 1338115  - [39m08/01/2026, 12:21:19 AM [33m   WARN[39m [38;5;3m[RetryService] [39mObject(3) {
  attempt: [33m1[39m,
  delay: [33m10[39m,
  error: [32m'Network error occurred'[39m
}
[33m[Nest] 1338115  - [39m08/01/2026, 12:21:19 AM [33m   WARN[39m [38;5;3m[RetryService] [39m[33m[RetryService] Attempt 1/3 failed: Network error occurred. Retrying in 100ms…[39m
[33m[Nest] 1338115  - [39m08/01/2026, 12:21:19 AM [33m   WARN[39m [38;5;3m[RetryService] [39mObject(3) {
  attempt: [33m1[39m,
  delay: [33m100[39m,
  error: [32m'Network error occurred'[39m
}
[33m[Nest] 1338115  - [39m08/01/2026, 12:21:19 AM [33m   WARN[39m [38;5;3m[RetryService] [39m[33m[RetryService] Attempt 2/3 failed: Network error occurred. Retrying in 200ms…[39m
[33m[Nest] 1338115  - [39m08/01/2026, 12:21:19 AM [33m   WARN[39m [38;5;3m[RetryService] [39mObject(3) {
  attempt: [33m2[39m,
  delay: [33m200[39m,
  error: [32m'Network error occurred'[39m
}
[33m[Nest] 1338115  - [39m08/01/2026, 12:21:19 AM [33m   WARN[39m [38;5;3m[RetryService] [39m[33m[RetryService] Attempt 1/3 failed: Network error occurred. Retrying in 100ms…[39m
[33m[Nest] 1338115  - [39m08/01/2026, 12:21:19 AM [33m   WARN[39m [38;5;3m[RetryService] [39mObject(3) {
  attempt: [33m1[39m,
  delay: [33m100[39m,
  error: [32m'Network error occurred'[39m
}
[33m[Nest] 1338115  - [39m08/01/2026, 12:21:19 AM [33m   WARN[39m [38;5;3m[RetryService] [39m[33m[RetryService] Attempt 2/3 failed: Network error occurred. Retrying in 200ms…[39m
[33m[Nest] 1338115  - [39m08/01/2026, 12:21:19 AM [33m   WARN[39m [38;5;3m[RetryService] [39mObject(3) {
  attempt: [33m2[39m,
  delay: [33m200[39m,
  error: [32m'Network error occurred'[39m
}
[33m[Nest] 1338109  - [39m04/24/2026, 11:30:02 AM [33m   WARN[39m [38;5;3m[IncidentService] [39m[33mIncident declared: INC-2026-001 (SEV2)[39m
[33m[Nest] 1338109  - [39m04/24/2026, 11:30:02 AM [33m   WARN[39m [38;5;3m[DegradationService] [39m[33mDegradation level changed: normal -> partial (INC-2026-001 (SEV2): x)[39m
[32m[Nest] 1338109  - [39m04/24/2026, 12:20:02 PM [32m    LOG[39m [38;5;3m[DegradationService] [39m[32mDegradation level changed: partial -> normal (all incidents resolved)[39m
[33m[Nest] 1338109  - [39m08/01/2026, 12:21:19 AM [33m   WARN[39m [38;5;3m[IncidentService] [39m[33mIncident declared: INC-2026-001 (SEV3)[39m
[31m[Nest] 1338127  - [39m08/01/2026, 12:21:20 AM [31m  ERROR[39m [38;5;3m[MemoryHealthIndicator] [39m[31mMemory usage critical: 1.17 GB used[39m
[31m[Nest] 1338127  - [39m08/01/2026, 12:21:20 AM [31m  ERROR[39m [38;5;3m[MemoryHealthIndicator] [39m[31mMemory health check failed[39m
[31m[Nest] 1338127  - [39m08/01/2026, 12:21:20 AM [31m  ERROR[39m [38;5;3m[MemoryHealthIndicator] [39mError: Memory usage error
    at process.<anonymous> [90m(/home/caxton/personal/projects/chioma/chioma-monorepo/backend/[39msrc/health/indicators/memory.indicator.spec.ts:92:15[90m)[39m
    at [90m/home/caxton/personal/projects/chioma/chioma-monorepo/backend/[39mnode_modules/[4m.pnpm[24m/jest-mock@29.7.0/node_modules/[4mjest-mock[24m/build/index.js:397:39
    at process.<anonymous> [90m(/home/caxton/personal/projects/chioma/chioma-monorepo/backend/[39mnode_modules/[4m.pnpm[24m/jest-mock@29.7.0/node_modules/[4mjest-mock[24m/build/index.js:404:13[90m)[39m
    at process.mockConstructor [as memoryUsage] [90m(/home/caxton/personal/projects/chioma/chioma-monorepo/backend/[39mnode_modules/[4m.pnpm[24m/jest-mock@29.7.0/node_modules/[4mjest-mock[24m/build/index.js:148:19[90m)[39m
    at MemoryHealthIndicator.isHealthy [90m(/home/caxton/personal/projects/chioma/chioma-monorepo/backend/[39msrc/health/indicators/memory.indicator.ts:16:35[90m)[39m
    at Object.<anonymous> [90m(/home/caxton/personal/projects/chioma/chioma-monorepo/backend/[39msrc/health/indicators/memory.indicator.spec.ts:95:38[90m)[39m
    at Promise.then.completed [90m(/home/caxton/personal/projects/chioma/chioma-monorepo/backend/[39mnode_modules/[4m.pnpm[24m/jest-circus@29.7.0/node_modules/[4mjest-circus[24m/build/utils.js:298:28[90m)[39m
    at new Promise (<anonymous>)
    at callAsyncCircusFn [90m(/home/caxton/personal/projects/chioma/chioma-monorepo/backend/[39mnode_modules/[4m.pnpm[24m/jest-circus@29.7.0/node_modules/[4mjest-circus[24m/build/utils.js:231:10[90m)[39m
    at _callCircusTest [90m(/home/caxton/personal/projects/chioma/chioma-monorepo/backend/[39mnode_modules/[4m.pnpm[24m/jest-circus@29.7.0/node_modules/[4mjest-circus[24m/build/run.js:316:40[90m)[39m
[90m    at processTicksAndRejections (node:internal/process/task_queues:105:5)[39m
    at _runTest [90m(/home/caxton/personal/projects/chioma/chioma-monorepo/backend/[39mnode_modules/[4m.pnpm[24m/jest-circus@29.7.0/node_modules/[4mjest-circus[24m/build/run.js:252:3[90m)[39m
    at _runTestsForDescribeBlock [90m(/home/caxton/personal/projects/chioma/chioma-monorepo/backend/[39mnode_modules/[4m.pnpm[24m/jest-circus@29.7.0/node_modules/[4mjest-circus[24m/build/run.js:126:9[90m)[39m
    at _runTestsForDescribeBlock [90m(/home/caxton/personal/projects/chioma/chioma-monorepo/backend/[39mnode_modules/[4m.pnpm[24m/jest-circus@29.7.0/node_modules/[4mjest-circus[24m/build/run.js:121:9[90m)[39m
    at _runTestsForDescribeBlock [90m(/home/caxton/personal/projects/chioma/chioma-monorepo/backend/[39mnode_modules/[4m.pnpm[24m/jest-circus@29.7.0/node_modules/[4mjest-circus[24m/build/run.js:121:9[90m)[39m
    at run [90m(/home/caxton/personal/projects/chioma/chioma-monorepo/backend/[39mnode_modules/[4m.pnpm[24m/jest-circus@29.7.0/node_modules/[4mjest-circus[24m/build/run.js:71:3[90m)[39m
    at runAndTransformResultsToJestFormat [90m(/home/caxton/personal/projects/chioma/chioma-monorepo/backend/[39mnode_modules/[4m.pnpm[24m/jest-circus@29.7.0/node_modules/[4mjest-circus[24m/build/legacy-code-todo-rewrite/jestAdapterInit.js:122:21[90m)[39m
    at jestAdapter [90m(/home/caxton/personal/projects/chioma/chioma-monorepo/backend/[39mnode_modules/[4m.pnpm[24m/jest-circus@29.7.0/node_modules/[4mjest-circus[24m/build/legacy-code-todo-rewrite/jestAdapter.js:79:19[90m)[39m
    at runTestInternal [90m(/home/caxton/personal/projects/chioma/chioma-monorepo/backend/[39mnode_modules/[4m.pnpm[24m/jest-runner@29.7.0/node_modules/[4mjest-runner[24m/build/runTest.js:367:16[90m)[39m
    at runTest [90m(/home/caxton/personal/projects/chioma/chioma-monorepo/backend/[39mnode_modules/[4m.pnpm[24m/jest-runner@29.7.0/node_modules/[4mjest-runner[24m/build/runTest.js:444:34[90m)[39m
    at Object.worker [90m(/home/caxton/personal/projects/chioma/chioma-monorepo/backend/[39mnode_modules/[4m.pnpm[24m/jest-runner@29.7.0/node_modules/[4mjest-runner[24m/build/testWorker.js:106:12[90m)[39m
PASS src/common/utils/error-mapper/__tests__/error-mapper.utils.spec.ts
PASS src/common/__tests__/api-caching-headers.integration.spec.ts
PASS src/health/indicators/memory.indicator.spec.ts
PASS src/modules/auth/oauth/providers/mock-oauth2.provider.spec.ts
[31m[Nest] 1338135  - [39m08/01/2026, 12:21:20 AM [31m  ERROR[39m [38;5;3m[RateLimitService] [39m[31mRate limit error for user:123: Cache error[39m
PASS src/modules/rate-limiting/__tests__/rate-limit.service.spec.ts
PASS src/common/cache/cache-maintenance.service.spec.ts
[32m[Nest] 1338115  - [39m08/01/2026, 12:21:20 AM [32m    LOG[39m [38;5;3m[CacheMaintenanceService] [39m[32mCleaned 2 expired cache dependency records[39m
[33m[Nest] 1338108  - [39m08/01/2026, 12:21:20 AM [33m   WARN[39m [38;5;3m[BulkheadService] [39m[33m[svc] Bulkhead rejected: 1 active, 1 queued[39m
PASS src/common/resilience/bulkhead.service.spec.ts
PASS src/common/__tests__/security-smoke.spec.ts
PASS src/modules/cleanup/security-patch-management.service.spec.ts
PASS src/modules/rate-limiting/__tests__/abuse-detection.service.spec.ts
[31m[Nest] 1338121  - [39m08/01/2026, 12:21:20 AM [31m  ERROR[39m [38;5;3m[HealthService] [39m[31mHealth check partial failure[39m
PASS src/common/interceptors/deprecation.interceptor.spec.ts
PASS src/common/decorators/deprecated.decorator.spec.ts
[31m[Nest] 1338121  - [39m08/01/2026, 12:21:20 AM [31m  ERROR[39m [38;5;3m[HealthService] [39mHealthCheckError: Health check failed
    at Object.<anonymous> [90m(/home/caxton/personal/projects/chioma/chioma-monorepo/backend/[39msrc/health/health.service.spec.ts:154:25[90m)[39m
    at Promise.then.completed [90m(/home/caxton/personal/projects/chioma/chioma-monorepo/backend/[39mnode_modules/[4m.pnpm[24m/jest-circus@29.7.0/node_modules/[4mjest-circus[24m/build/utils.js:298:28[90m)[39m
    at new Promise (<anonymous>)
    at callAsyncCircusFn [90m(/home/caxton/personal/projects/chioma/chioma-monorepo/backend/[39mnode_modules/[4m.pnpm[24m/jest-circus@29.7.0/node_modules/[4mjest-circus[24m/build/utils.js:231:10[90m)[39m
    at _callCircusTest [90m(/home/caxton/personal/projects/chioma/chioma-monorepo/backend/[39mnode_modules/[4m.pnpm[24m/jest-circus@29.7.0/node_modules/[4mjest-circus[24m/build/run.js:316:40[90m)[39m
[90m    at processTicksAndRejections (node:internal/process/task_queues:105:5)[39m
    at _runTest [90m(/home/caxton/personal/projects/chioma/chioma-monorepo/backend/[39mnode_modules/[4m.pnpm[24m/jest-circus@29.7.0/node_modules/[4mjest-circus[24m/build/run.js:252:3[90m)[39m
    at _runTestsForDescribeBlock [90m(/home/caxton/personal/projects/chioma/chioma-monorepo/backend/[39mnode_modules/[4m.pnpm[24m/jest-circus@29.7.0/node_modules/[4mjest-circus[24m/build/run.js:126:9[90m)[39m
    at _runTestsForDescribeBlock [90m(/home/caxton/personal/projects/chioma/chioma-monorepo/backend/[39mnode_modules/[4m.pnpm[24m/jest-circus@29.7.0/node_modules/[4mjest-circus[24m/build/run.js:121:9[90m)[39m
    at _runTestsForDescribeBlock [90m(/home/caxton/personal/projects/chioma/chioma-monorepo/backend/[39mnode_modules/[4m.pnpm[24m/jest-circus@29.7.0/node_modules/[4mjest-circus[24m/build/run.js:121:9[90m)[39m
    at run [90m(/home/caxton/personal/projects/chioma/chioma-monorepo/backend/[39mnode_modules/[4m.pnpm[24m/jest-circus@29.7.0/node_modules/[4mjest-circus[24m/build/run.js:71:3[90m)[39m
    at runAndTransformResultsToJestFormat [90m(/home/caxton/personal/projects/chioma/chioma-monorepo/backend/[39mnode_modules/[4m.pnpm[24m/jest-circus@29.7.0/node_modules/[4mjest-circus[24m/build/legacy-code-todo-rewrite/jestAdapterInit.js:122:21[90m)[39m
    at jestAdapter [90m(/home/caxton/personal/projects/chioma/chioma-monorepo/backend/[39mnode_modules/[4m.pnpm[24m/jest-circus@29.7.0/node_modules/[4mjest-circus[24m/build/legacy-code-todo-rewrite/jestAdapter.js:79:19[90m)[39m
    at runTestInternal [90m(/home/caxton/personal/projects/chioma/chioma-monorepo/backend/[39mnode_modules/[4m.pnpm[24m/jest-runner@29.7.0/node_modules/[4mjest-runner[24m/build/runTest.js:367:16[90m)[39m
    at runTest [90m(/home/caxton/personal/projects/chioma/chioma-monorepo/backend/[39mnode_modules/[4m.pnpm[24m/jest-runner@29.7.0/node_modules/[4mjest-runner[24m/build/runTest.js:444:34[90m)[39m
    at Object.worker [90m(/home/caxton/personal/projects/chioma/chioma-monorepo/backend/[39mnode_modules/[4m.pnpm[24m/jest-runner@29.7.0/node_modules/[4mjest-runner[24m/build/testWorker.js:106:12[90m)[39m {
  causes: {
    database: {
      status: [32m'up'[39m,
      responseTime: [33m120[39m
    },
    stellar: {
      status: [32m'down'[39m,
      responseTime: [1mnull[22m
    }
  }
}
[31m[Nest] 1338121  - [39m08/01/2026, 12:21:20 AM [31m  ERROR[39m [38;5;3m[HealthService] [39m[31mHealth check partial failure[39m
[31m[Nest] 1338121  - [39m08/01/2026, 12:21:20 AM [31m  ERROR[39m [38;5;3m[HealthService] [39mError: Generic error
    at Object.<anonymous> [90m(/home/caxton/personal/projects/chioma/chioma-monorepo/backend/[39msrc/health/health.service.spec.ts:166:25[90m)[39m
    at Promise.then.completed [90m(/home/caxton/personal/projects/chioma/chioma-monorepo/backend/[39mnode_modules/[4m.pnpm[24m/jest-circus@29.7.0/node_modules/[4mjest-circus[24m/build/utils.js:298:28[90m)[39m
    at new Promise (<anonymous>)
    at callAsyncCircusFn [90m(/home/caxton/personal/projects/chioma/chioma-monorepo/backend/[39mnode_modules/[4m.pnpm[24m/jest-circus@29.7.0/node_modules/[4mjest-circus[24m/build/utils.js:231:10[90m)[39m
    at _callCircusTest [90m(/home/caxton/personal/projects/chioma/chioma-monorepo/backend/[39mnode_modules/[4m.pnpm[24m/jest-circus@29.7.0/node_modules/[4mjest-circus[24m/build/run.js:316:40[90m)[39m
[90m    at processTicksAndRejections (node:internal/process/task_queues:105:5)[39m
    at _runTest [90m(/home/caxton/personal/projects/chioma/chioma-monorepo/backend/[39mnode_modules/[4m.pnpm[24m/jest-circus@29.7.0/node_modules/[4mjest-circus[24m/build/run.js:252:3[90m)[39m
    at _runTestsForDescribeBlock [90m(/home/caxton/personal/projects/chioma/chioma-monorepo/backend/[39mnode_modules/[4m.pnpm[24m/jest-circus@29.7.0/node_modules/[4mjest-circus[24m/build/run.js:126:9[90m)[39m
    at _runTestsForDescribeBlock [90m(/home/caxton/personal/projects/chioma/chioma-monorepo/backend/[39mnode_modules/[4m.pnpm[24m/jest-circus@29.7.0/node_modules/[4mjest-circus[24m/build/run.js:121:9[90m)[39m
    at _runTestsForDescribeBlock [90m(/home/caxton/personal/projects/chioma/chioma-monorepo/backend/[39mnode_modules/[4m.pnpm[24m/jest-circus@29.7.0/node_modules/[4mjest-circus[24m/build/run.js:121:9[90m)[39m
    at run [90m(/home/caxton/personal/projects/chioma/chioma-monorepo/backend/[39mnode_modules/[4m.pnpm[24m/jest-circus@29.7.0/node_modules/[4mjest-circus[24m/build/run.js:71:3[90m)[39m
    at runAndTransformResultsToJestFormat [90m(/home/caxton/personal/projects/chioma/chioma-monorepo/backend/[39mnode_modules/[4m.pnpm[24m/jest-circus@29.7.0/node_modules/[4mjest-circus[24m/build/legacy-code-todo-rewrite/jestAdapterInit.js:122:21[90m)[39m
    at jestAdapter [90m(/home/caxton/personal/projects/chioma/chioma-monorepo/backend/[39mnode_modules/[4m.pnpm[24m/jest-circus@29.7.0/node_modules/[4mjest-circus[24m/build/legacy-code-todo-rewrite/jestAdapter.js:79:19[90m)[39m
    at runTestInternal [90m(/home/caxton/personal/projects/chioma/chioma-monorepo/backend/[39mnode_modules/[4m.pnpm[24m/jest-runner@29.7.0/node_modules/[4mjest-runner[24m/build/runTest.js:367:16[90m)[39m
    at runTest [90m(/home/caxton/personal/projects/chioma/chioma-monorepo/backend/[39mnode_modules/[4m.pnpm[24m/jest-runner@29.7.0/node_modules/[4mjest-runner[24m/build/runTest.js:444:34[90m)[39m
    at Object.worker [90m(/home/caxton/personal/projects/chioma/chioma-monorepo/backend/[39mnode_modules/[4m.pnpm[24m/jest-runner@29.7.0/node_modules/[4mjest-runner[24m/build/testWorker.js:106:12[90m)[39m
[31m[Nest] 1338121  - [39m08/01/2026, 12:21:20 AM [31m  ERROR[39m [38;5;3m[HealthService] [39m[31mHealth check partial failure[39m
[31m[Nest] 1338121  - [39m08/01/2026, 12:21:20 AM [31m  ERROR[39m [38;5;3m[HealthService] [39mError: Test error
    at Object.<anonymous> [90m(/home/caxton/personal/projects/chioma/chioma-monorepo/backend/[39msrc/health/health.service.spec.ts:175:25[90m)[39m
    at Promise.then.completed [90m(/home/caxton/personal/projects/chioma/chioma-monorepo/backend/[39mnode_modules/[4m.pnpm[24m/jest-circus@29.7.0/node_modules/[4mjest-circus[24m/build/utils.js:298:28[90m)[39m
    at new Promise (<anonymous>)
    at callAsyncCircusFn [90m(/home/caxton/personal/projects/chioma/chioma-monorepo/backend/[39mnode_modules/[4m.pnpm[24m/jest-circus@29.7.0/node_modules/[4mjest-circus[24m/build/utils.js:231:10[90m)[39m
    at _callCircusTest [90m(/home/caxton/personal/projects/chioma/chioma-monorepo/backend/[39mnode_modules/[4m.pnpm[24m/jest-circus@29.7.0/node_modules/[4mjest-circus[24m/build/run.js:316:40[90m)[39m
[90m    at processTicksAndRejections (node:internal/process/task_queues:105:5)[39m
    at _runTest [90m(/home/caxton/personal/projects/chioma/chioma-monorepo/backend/[39mnode_modules/[4m.pnpm[24m/jest-circus@29.7.0/node_modules/[4mjest-circus[24m/build/run.js:252:3[90m)[39m
    at _runTestsForDescribeBlock [90m(/home/caxton/personal/projects/chioma/chioma-monorepo/backend/[39mnode_modules/[4m.pnpm[24m/jest-circus@29.7.0/node_modules/[4mjest-circus[24m/build/run.js:126:9[90m)[39m
    at _runTestsForDescribeBlock [90m(/home/caxton/personal/projects/chioma/chioma-monorepo/backend/[39mnode_modules/[4m.pnpm[24m/jest-circus@29.7.0/node_modules/[4mjest-circus[24m/build/run.js:121:9[90m)[39m
    at _runTestsForDescribeBlock [90m(/home/caxton/personal/projects/chioma/chioma-monorepo/backend/[39mnode_modules/[4m.pnpm[24m/jest-circus@29.7.0/node_modules/[4mjest-circus[24m/build/run.js:121:9[90m)[39m
    at run [90m(/home/caxton/personal/projects/chioma/chioma-monorepo/backend/[39mnode_modules/[4m.pnpm[24m/jest-circus@29.7.0/node_modules/[4mjest-circus[24m/build/run.js:71:3[90m)[39m
    at runAndTransformResultsToJestFormat [90m(/home/caxton/personal/projects/chioma/chioma-monorepo/backend/[39mnode_modules/[4m.pnpm[24m/jest-circus@29.7.0/node_modules/[4mjest-circus[24m/build/legacy-code-todo-rewrite/jestAdapterInit.js:122:21[90m)[39m
    at jestAdapter [90m(/home/caxton/personal/projects/chioma/chioma-monorepo/backend/[39mnode_modules/[4m.pnpm[24m/jest-circus@29.7.0/node_modules/[4mjest-circus[24m/build/legacy-code-todo-rewrite/jestAdapter.js:79:19[90m)[39m
    at runTestInternal [90m(/home/caxton/personal/projects/chioma/chioma-monorepo/backend/[39mnode_modules/[4m.pnpm[24m/jest-runner@29.7.0/node_modules/[4mjest-runner[24m/build/runTest.js:367:16[90m)[39m
    at runTest [90m(/home/caxton/personal/projects/chioma/chioma-monorepo/backend/[39mnode_modules/[4m.pnpm[24m/jest-runner@29.7.0/node_modules/[4mjest-runner[24m/build/runTest.js:444:34[90m)[39m
    at Object.worker [90m(/home/caxton/personal/projects/chioma/chioma-monorepo/backend/[39mnode_modules/[4m.pnpm[24m/jest-runner@29.7.0/node_modules/[4mjest-runner[24m/build/testWorker.js:106:12[90m)[39m
PASS src/health/health.service.spec.ts
PASS src/common/utils/query-builder/__tests__/query-builder.utils.spec.ts
PASS src/common/resilience/degradation.service.spec.ts
PASS src/common/lock/lock.service.spec.ts
PASS src/config/graceful-shutdown.spec.ts
PASS src/modules/payments/schemas/payment-metadata.schema.spec.ts
PASS src/common/resilience/timeout.service.spec.ts
[33m[Nest] 1338115  - [39m08/01/2026, 12:21:20 AM [33m   WARN[39m [38;5;3m[DegradationService] [39m[33mDegradation level changed: normal -> partial (high latency)[39m
[33m[Nest] 1338115  - [39m08/01/2026, 12:21:20 AM [33m   WARN[39m [38;5;3m[DegradationService] [39m[33mDegradation level changed: normal -> severe (db outage)[39m
[33m[Nest] 1338115  - [39m08/01/2026, 12:21:20 AM [33m   WARN[39m [38;5;3m[DegradationService] [39m[33mDegradation level changed: normal -> severe[39m
[33m[Nest] 1338115  - [39m08/01/2026, 12:21:20 AM [33m   WARN[39m [38;5;3m[DegradationService] [39m[33mDegradation level changed: normal -> partial[39m
[33m[Nest] 1338115  - [39m08/01/2026, 12:21:20 AM [33m   WARN[39m [38;5;3m[DegradationService] [39m[33mDegradation level changed: normal -> partial (queue backlog)[39m
[33m[Nest] 1338115  - [39m08/01/2026, 12:21:20 AM [33m   WARN[39m [38;5;3m[DegradationService] [39m[33mDegradation level changed: normal -> partial (first)[39m
[33m[Nest] 1338115  - [39m08/01/2026, 12:21:20 AM [33m   WARN[39m [38;5;3m[DegradationService] [39m[33mDegradation level changed: normal -> partial[39m
[32m[Nest] 1338121  - [39m08/01/2026, 12:21:20 AM [32m    LOG[39m [38;5;3m[TestShutdown] [39m[32mReceived SIGTERM, starting graceful shutdown[39m
[32m[Nest] 1338121  - [39m08/01/2026, 12:21:20 AM [32m    LOG[39m [38;5;3m[TestShutdown] [39m[32mApplication closed successfully[39m
[33m[Nest] 1338109  - [39m08/01/2026, 12:21:21 AM [33m   WARN[39m [38;5;3m[TimeoutService] [39m[33m[slow-kyc] External call timed out after 500 ms[39m
[33m[Nest] 1338109  - [39m08/01/2026, 12:21:21 AM [33m   WARN[39m [38;5;3m[TimeoutService] [39mObject(2) {
  context: [32m'slow-kyc'[39m,
  timeoutMs: [33m500[39m
}
[33m[Nest] 1338109  - [39m08/01/2026, 12:21:23 AM [33m   WARN[39m [38;5;3m[TimeoutService] [39m[33m[payment-status] External call timed out after 3000 ms[39m
[33m[Nest] 1338109  - [39m08/01/2026, 12:21:23 AM [33m   WARN[39m [38;5;3m[TimeoutService] [39mObject(2) {
  context: [32m'payment-status'[39m,
  timeoutMs: [33m3000[39m
}
[33m[Nest] 1338109  - [39m08/01/2026, 12:21:30 AM [33m   WARN[39m [38;5;3m[TimeoutService] [39m[33m[default-deadline] External call timed out after 10000 ms[39m
[33m[Nest] 1338109  - [39m08/01/2026, 12:21:30 AM [33m   WARN[39m [38;5;3m[TimeoutService] [39mObject(2) {
  context: [32m'default-deadline'[39m,
  timeoutMs: [33m10000[39m
}
[33m[Nest] 1338109  - [39m08/01/2026, 12:21:20 AM [33m   WARN[39m [38;5;3m[TimeoutService] [39m[33m[webhook] External call timed out after 200 ms[39m
[33m[Nest] 1338109  - [39m08/01/2026, 12:21:20 AM [33m   WARN[39m [38;5;3m[TimeoutService] [39mObject(2) {
  context: [32m'webhook'[39m,
  timeoutMs: [33m200[39m
}
[33m[Nest] 1338109  - [39m08/01/2026, 12:21:20 AM [33m   WARN[39m [38;5;3m[TimeoutService] [39m[33m[slow-wrap] External call timed out after 100 ms[39m
[33m[Nest] 1338109  - [39m08/01/2026, 12:21:20 AM [33m   WARN[39m [38;5;3m[TimeoutService] [39mObject(2) {
  context: [32m'slow-wrap'[39m,
  timeoutMs: [33m100[39m
}
[33m[Nest] 1338109  - [39m08/01/2026, 12:21:20 AM [33m   WARN[39m [38;5;3m[TimeoutService] [39m[33m[svc] External call timed out after 200 ms[39m
[33m[Nest] 1338109  - [39m08/01/2026, 12:21:20 AM [33m   WARN[39m [38;5;3m[TimeoutService] [39mObject(2) {
  context: [32m'svc'[39m,
  timeoutMs: [33m200[39m
}
PASS src/common/utils/crypto/__tests__/crypto.utils.spec.ts
PASS src/modules/reviews/__tests__/review-moderation.util.spec.ts
PASS src/modules/reviews/review-prompt.service.spec.ts
PASS src/modules/notifications/sms-service.contract.spec.ts
PASS src/common/__tests__/logger.middleware.spec.ts
PASS src/common/middleware/request-id.middleware.spec.ts
PASS src/modules/messaging/messaging.gateway.spec.ts
PASS src/common/utils/notification/__tests__/notification.utils.spec.ts
PASS src/modules/agreements/template-rendering.service.spec.ts
PASS src/common/__tests__/performance-tuning-documentation.spec.ts
PASS src/common/utils/file/__tests__/file.utils.spec.ts
PASS src/common/utils/validation/__tests__/validation.utils.spec.ts
A worker process has failed to exit gracefully and has been force exited. This is likely caused by tests leaking due to improper teardown. Try running with --detectOpenHandles to find leaks. Active timers can also cause this, ensure that .unref() was called on them.

Summary of all failing tests
FAIL modules/auth/oauth/__tests__/oauth2.integration.spec.ts (19.265 s)
  ● OAuth2 Integration (issue #1120) › Authorization code flow › returns an authorization URL with state

    Nest can't resolve dependencies of the OAuth2ClientService (ConfigService, ?). Please make sure that the argument CertificatePinningService at index [1] is available in the RootTestModule context.

    Potential solutions:
    - Is RootTestModule a valid NestJS module?
    - If CertificatePinningService is a provider, is it part of the current RootTestModule?
    - If CertificatePinningService is exported from a separate @Module, is that module imported within RootTestModule?
      @Module({
        imports: [ /* the Module containing CertificatePinningService */ ]
      })

    For more common dependency resolution issues, see: https://docs.nestjs.com/faq/common-errors

      173 |     mockProvider.registerHttpMocks();
      174 |
    > 175 |     const module: TestingModule = await Test.createTestingModule({
          |                                   ^
      176 |       providers: [
      177 |         OAuth2Service,
      178 |         OAuth2ClientService,

      at TestingInjector.lookupComponentInParentModules (../node_modules/.pnpm/@nestjs+core@11.1.12_@nestjs+common@11.1.12_class-transformer@0.5.1_class-validator@0.1_081de5c6d0755692e9d6b4445753904b/node_modules/@nestjs/core/injector/injector.js:290:19)
      at TestingInjector.resolveComponentWrapper (../node_modules/.pnpm/@nestjs+testing@11.1.12_@nestjs+common@11.1.12_class-transformer@0.5.1_class-validator@_f8f5f7c9bf5f0ea617b1141b11ac9012/node_modules/@nestjs/testing/testing-injector.js:19:45)
      at resolveParam (../node_modules/.pnpm/@nestjs+core@11.1.12_@nestjs+common@11.1.12_class-transformer@0.5.1_class-validator@0.1_081de5c6d0755692e9d6b4445753904b/node_modules/@nestjs/core/injector/injector.js:140:38)
          at async Promise.all (index 1)
      at TestingInjector.resolveConstructorParams (../node_modules/.pnpm/@nestjs+core@11.1.12_@nestjs+common@11.1.12_class-transformer@0.5.1_class-validator@0.1_081de5c6d0755692e9d6b4445753904b/node_modules/@nestjs/core/injector/injector.js:169:27)
      at TestingInjector.loadInstance (../node_modules/.pnpm/@nestjs+core@11.1.12_@nestjs+common@11.1.12_class-transformer@0.5.1_class-validator@0.1_081de5c6d0755692e9d6b4445753904b/node_modules/@nestjs/core/injector/injector.js:75:13)
      at TestingInjector.loadProvider (../node_modules/.pnpm/@nestjs+core@11.1.12_@nestjs+common@11.1.12_class-transformer@0.5.1_class-validator@0.1_081de5c6d0755692e9d6b4445753904b/node_modules/@nestjs/core/injector/injector.js:103:9)
      at ../node_modules/.pnpm/@nestjs+core@11.1.12_@nestjs+common@11.1.12_class-transformer@0.5.1_class-validator@0.1_081de5c6d0755692e9d6b4445753904b/node_modules/@nestjs/core/injector/instance-loader.js:56:13
          at async Promise.all (index 4)
      at TestingInstanceLoader.createInstancesOfProviders (../node_modules/.pnpm/@nestjs+core@11.1.12_@nestjs+common@11.1.12_class-transformer@0.5.1_class-validator@0.1_081de5c6d0755692e9d6b4445753904b/node_modules/@nestjs/core/injector/instance-loader.js:55:9)
      at ../node_modules/.pnpm/@nestjs+core@11.1.12_@nestjs+common@11.1.12_class-transformer@0.5.1_class-validator@0.1_081de5c6d0755692e9d6b4445753904b/node_modules/@nestjs/core/injector/instance-loader.js:40:13
          at async Promise.all (index 1)
      at TestingInstanceLoader.createInstances (../node_modules/.pnpm/@nestjs+core@11.1.12_@nestjs+common@11.1.12_class-transformer@0.5.1_class-validator@0.1_081de5c6d0755692e9d6b4445753904b/node_modules/@nestjs/core/injector/instance-loader.js:39:9)
      at TestingInstanceLoader.createInstancesOfDependencies (../node_modules/.pnpm/@nestjs+core@11.1.12_@nestjs+common@11.1.12_class-transformer@0.5.1_class-validator@0.1_081de5c6d0755692e9d6b4445753904b/node_modules/@nestjs/core/injector/instance-loader.js:22:13)
      at TestingInstanceLoader.createInstancesOfDependencies (../node_modules/.pnpm/@nestjs+testing@11.1.12_@nestjs+common@11.1.12_class-transformer@0.5.1_class-validator@_f8f5f7c9bf5f0ea617b1141b11ac9012/node_modules/@nestjs/testing/testing-instance-loader.js:9:9)
      at TestingModuleBuilder.createInstancesOfDependencies (../node_modules/.pnpm/@nestjs+testing@11.1.12_@nestjs+common@11.1.12_class-transformer@0.5.1_class-validator@_f8f5f7c9bf5f0ea617b1141b11ac9012/node_modules/@nestjs/testing/testing-module.builder.js:118:9)
      at TestingModuleBuilder.compile (../node_modules/.pnpm/@nestjs+testing@11.1.12_@nestjs+common@11.1.12_class-transformer@0.5.1_class-validator@_f8f5f7c9bf5f0ea617b1141b11ac9012/node_modules/@nestjs/testing/testing-module.builder.js:74:9)
      at Object.<anonymous> (modules/auth/oauth/__tests__/oauth2.integration.spec.ts:175:35)

  ● OAuth2 Integration (issue #1120) › Authorization code flow › rejects callback with invalid state

    Nest can't resolve dependencies of the OAuth2ClientService (ConfigService, ?). Please make sure that the argument CertificatePinningService at index [1] is available in the RootTestModule context.

    Potential solutions:
    - Is RootTestModule a valid NestJS module?
    - If CertificatePinningService is a provider, is it part of the current RootTestModule?
    - If CertificatePinningService is exported from a separate @Module, is that module imported within RootTestModule?
      @Module({
        imports: [ /* the Module containing CertificatePinningService */ ]
      })

    For more common dependency resolution issues, see: https://docs.nestjs.com/faq/common-errors

      173 |     mockProvider.registerHttpMocks();
      174 |
    > 175 |     const module: TestingModule = await Test.createTestingModule({
          |                                   ^
      176 |       providers: [
      177 |         OAuth2Service,
      178 |         OAuth2ClientService,

      at TestingInjector.lookupComponentInParentModules (../node_modules/.pnpm/@nestjs+core@11.1.12_@nestjs+common@11.1.12_class-transformer@0.5.1_class-validator@0.1_081de5c6d0755692e9d6b4445753904b/node_modules/@nestjs/core/injector/injector.js:290:19)
      at TestingInjector.resolveComponentWrapper (../node_modules/.pnpm/@nestjs+testing@11.1.12_@nestjs+common@11.1.12_class-transformer@0.5.1_class-validator@_f8f5f7c9bf5f0ea617b1141b11ac9012/node_modules/@nestjs/testing/testing-injector.js:19:45)
      at resolveParam (../node_modules/.pnpm/@nestjs+core@11.1.12_@nestjs+common@11.1.12_class-transformer@0.5.1_class-validator@0.1_081de5c6d0755692e9d6b4445753904b/node_modules/@nestjs/core/injector/injector.js:140:38)
          at async Promise.all (index 1)
      at TestingInjector.resolveConstructorParams (../node_modules/.pnpm/@nestjs+core@11.1.12_@nestjs+common@11.1.12_class-transformer@0.5.1_class-validator@0.1_081de5c6d0755692e9d6b4445753904b/node_modules/@nestjs/core/injector/injector.js:169:27)
      at TestingInjector.loadInstance (../node_modules/.pnpm/@nestjs+core@11.1.12_@nestjs+common@11.1.12_class-transformer@0.5.1_class-validator@0.1_081de5c6d0755692e9d6b4445753904b/node_modules/@nestjs/core/injector/injector.js:75:13)
      at TestingInjector.loadProvider (../node_modules/.pnpm/@nestjs+core@11.1.12_@nestjs+common@11.1.12_class-transformer@0.5.1_class-validator@0.1_081de5c6d0755692e9d6b4445753904b/node_modules/@nestjs/core/injector/injector.js:103:9)
      at ../node_modules/.pnpm/@nestjs+core@11.1.12_@nestjs+common@11.1.12_class-transformer@0.5.1_class-validator@0.1_081de5c6d0755692e9d6b4445753904b/node_modules/@nestjs/core/injector/instance-loader.js:56:13
          at async Promise.all (index 4)
      at TestingInstanceLoader.createInstancesOfProviders (../node_modules/.pnpm/@nestjs+core@11.1.12_@nestjs+common@11.1.12_class-transformer@0.5.1_class-validator@0.1_081de5c6d0755692e9d6b4445753904b/node_modules/@nestjs/core/injector/instance-loader.js:55:9)
      at ../node_modules/.pnpm/@nestjs+core@11.1.12_@nestjs+common@11.1.12_class-transformer@0.5.1_class-validator@0.1_081de5c6d0755692e9d6b4445753904b/node_modules/@nestjs/core/injector/instance-loader.js:40:13
          at async Promise.all (index 1)
      at TestingInstanceLoader.createInstances (../node_modules/.pnpm/@nestjs+core@11.1.12_@nestjs+common@11.1.12_class-transformer@0.5.1_class-validator@0.1_081de5c6d0755692e9d6b4445753904b/node_modules/@nestjs/core/injector/instance-loader.js:39:9)
      at TestingInstanceLoader.createInstancesOfDependencies (../node_modules/.pnpm/@nestjs+core@11.1.12_@nestjs+common@11.1.12_class-transformer@0.5.1_class-validator@0.1_081de5c6d0755692e9d6b4445753904b/node_modules/@nestjs/core/injector/instance-loader.js:22:13)
      at TestingInstanceLoader.createInstancesOfDependencies (../node_modules/.pnpm/@nestjs+testing@11.1.12_@nestjs+common@11.1.12_class-transformer@0.5.1_class-validator@_f8f5f7c9bf5f0ea617b1141b11ac9012/node_modules/@nestjs/testing/testing-instance-loader.js:9:9)
      at TestingModuleBuilder.createInstancesOfDependencies (../node_modules/.pnpm/@nestjs+testing@11.1.12_@nestjs+common@11.1.12_class-transformer@0.5.1_class-validator@_f8f5f7c9bf5f0ea617b1141b11ac9012/node_modules/@nestjs/testing/testing-module.builder.js:118:9)
      at TestingModuleBuilder.compile (../node_modules/.pnpm/@nestjs+testing@11.1.12_@nestjs+common@11.1.12_class-transformer@0.5.1_class-validator@_f8f5f7c9bf5f0ea617b1141b11ac9012/node_modules/@nestjs/testing/testing-module.builder.js:74:9)
      at Object.<anonymous> (modules/auth/oauth/__tests__/oauth2.integration.spec.ts:175:35)

  ● OAuth2 Integration (issue #1120) › Authorization code flow › rejects callback with provider mismatch

    Nest can't resolve dependencies of the OAuth2ClientService (ConfigService, ?). Please make sure that the argument CertificatePinningService at index [1] is available in the RootTestModule context.

    Potential solutions:
    - Is RootTestModule a valid NestJS module?
    - If CertificatePinningService is a provider, is it part of the current RootTestModule?
    - If CertificatePinningService is exported from a separate @Module, is that module imported within RootTestModule?
      @Module({
        imports: [ /* the Module containing CertificatePinningService */ ]
      })

    For more common dependency resolution issues, see: https://docs.nestjs.com/faq/common-errors

      173 |     mockProvider.registerHttpMocks();
      174 |
    > 175 |     const module: TestingModule = await Test.createTestingModule({
          |                                   ^
      176 |       providers: [
      177 |         OAuth2Service,
      178 |         OAuth2ClientService,

      at TestingInjector.lookupComponentInParentModules (../node_modules/.pnpm/@nestjs+core@11.1.12_@nestjs+common@11.1.12_class-transformer@0.5.1_class-validator@0.1_081de5c6d0755692e9d6b4445753904b/node_modules/@nestjs/core/injector/injector.js:290:19)
      at TestingInjector.resolveComponentWrapper (../node_modules/.pnpm/@nestjs+testing@11.1.12_@nestjs+common@11.1.12_class-transformer@0.5.1_class-validator@_f8f5f7c9bf5f0ea617b1141b11ac9012/node_modules/@nestjs/testing/testing-injector.js:19:45)
      at resolveParam (../node_modules/.pnpm/@nestjs+core@11.1.12_@nestjs+common@11.1.12_class-transformer@0.5.1_class-validator@0.1_081de5c6d0755692e9d6b4445753904b/node_modules/@nestjs/core/injector/injector.js:140:38)
          at async Promise.all (index 1)
      at TestingInjector.resolveConstructorParams (../node_modules/.pnpm/@nestjs+core@11.1.12_@nestjs+common@11.1.12_class-transformer@0.5.1_class-validator@0.1_081de5c6d0755692e9d6b4445753904b/node_modules/@nestjs/core/injector/injector.js:169:27)
      at TestingInjector.loadInstance (../node_modules/.pnpm/@nestjs+core@11.1.12_@nestjs+common@11.1.12_class-transformer@0.5.1_class-validator@0.1_081de5c6d0755692e9d6b4445753904b/node_modules/@nestjs/core/injector/injector.js:75:13)
      at TestingInjector.loadProvider (../node_modules/.pnpm/@nestjs+core@11.1.12_@nestjs+common@11.1.12_class-transformer@0.5.1_class-validator@0.1_081de5c6d0755692e9d6b4445753904b/node_modules/@nestjs/core/injector/injector.js:103:9)
      at ../node_modules/.pnpm/@nestjs+core@11.1.12_@nestjs+common@11.1.12_class-transformer@0.5.1_class-validator@0.1_081de5c6d0755692e9d6b4445753904b/node_modules/@nestjs/core/injector/instance-loader.js:56:13
          at async Promise.all (index 4)
      at TestingInstanceLoader.createInstancesOfProviders (../node_modules/.pnpm/@nestjs+core@11.1.12_@nestjs+common@11.1.12_class-transformer@0.5.1_class-validator@0.1_081de5c6d0755692e9d6b4445753904b/node_modules/@nestjs/core/injector/instance-loader.js:55:9)
      at ../node_modules/.pnpm/@nestjs+core@11.1.12_@nestjs+common@11.1.12_class-transformer@0.5.1_class-validator@0.1_081de5c6d0755692e9d6b4445753904b/node_modules/@nestjs/core/injector/instance-loader.js:40:13
          at async Promise.all (index 1)
      at TestingInstanceLoader.createInstances (../node_modules/.pnpm/@nestjs+core@11.1.12_@nestjs+common@11.1.12_class-transformer@0.5.1_class-validator@0.1_081de5c6d0755692e9d6b4445753904b/node_modules/@nestjs/core/injector/instance-loader.js:39:9)
      at TestingInstanceLoader.createInstancesOfDependencies (../node_modules/.pnpm/@nestjs+core@11.1.12_@nestjs+common@11.1.12_class-transformer@0.5.1_class-validator@0.1_081de5c6d0755692e9d6b4445753904b/node_modules/@nestjs/core/injector/instance-loader.js:22:13)
      at TestingInstanceLoader.createInstancesOfDependencies (../node_modules/.pnpm/@nestjs+testing@11.1.12_@nestjs+common@11.1.12_class-transformer@0.5.1_class-validator@_f8f5f7c9bf5f0ea617b1141b11ac9012/node_modules/@nestjs/testing/testing-instance-loader.js:9:9)
      at TestingModuleBuilder.createInstancesOfDependencies (../node_modules/.pnpm/@nestjs+testing@11.1.12_@nestjs+common@11.1.12_class-transformer@0.5.1_class-validator@_f8f5f7c9bf5f0ea617b1141b11ac9012/node_modules/@nestjs/testing/testing-module.builder.js:118:9)
      at TestingModuleBuilder.compile (../node_modules/.pnpm/@nestjs+testing@11.1.12_@nestjs+common@11.1.12_class-transformer@0.5.1_class-validator@_f8f5f7c9bf5f0ea617b1141b11ac9012/node_modules/@nestjs/testing/testing-module.builder.js:74:9)
      at Object.<anonymous> (modules/auth/oauth/__tests__/oauth2.integration.spec.ts:175:35)

  ● OAuth2 Integration (issue #1120) › Token exchange and authentication › completes the full OAuth2 login flow for a new user

    Nest can't resolve dependencies of the OAuth2ClientService (ConfigService, ?). Please make sure that the argument CertificatePinningService at index [1] is available in the RootTestModule context.

    Potential solutions:
    - Is RootTestModule a valid NestJS module?
    - If CertificatePinningService is a provider, is it part of the current RootTestModule?
    - If CertificatePinningService is exported from a separate @Module, is that module imported within RootTestModule?
      @Module({
        imports: [ /* the Module containing CertificatePinningService */ ]
      })

    For more common dependency resolution issues, see: https://docs.nestjs.com/faq/common-errors

      173 |     mockProvider.registerHttpMocks();
      174 |
    > 175 |     const module: TestingModule = await Test.createTestingModule({
          |                                   ^
      176 |       providers: [
      177 |         OAuth2Service,
      178 |         OAuth2ClientService,

      at TestingInjector.lookupComponentInParentModules (../node_modules/.pnpm/@nestjs+core@11.1.12_@nestjs+common@11.1.12_class-transformer@0.5.1_class-validator@0.1_081de5c6d0755692e9d6b4445753904b/node_modules/@nestjs/core/injector/injector.js:290:19)
      at TestingInjector.resolveComponentWrapper (../node_modules/.pnpm/@nestjs+testing@11.1.12_@nestjs+common@11.1.12_class-transformer@0.5.1_class-validator@_f8f5f7c9bf5f0ea617b1141b11ac9012/node_modules/@nestjs/testing/testing-injector.js:19:45)
      at resolveParam (../node_modules/.pnpm/@nestjs+core@11.1.12_@nestjs+common@11.1.12_class-transformer@0.5.1_class-validator@0.1_081de5c6d0755692e9d6b4445753904b/node_modules/@nestjs/core/injector/injector.js:140:38)
          at async Promise.all (index 1)
      at TestingInjector.resolveConstructorParams (../node_modules/.pnpm/@nestjs+core@11.1.12_@nestjs+common@11.1.12_class-transformer@0.5.1_class-validator@0.1_081de5c6d0755692e9d6b4445753904b/node_modules/@nestjs/core/injector/injector.js:169:27)
      at TestingInjector.loadInstance (../node_modules/.pnpm/@nestjs+core@11.1.12_@nestjs+common@11.1.12_class-transformer@0.5.1_class-validator@0.1_081de5c6d0755692e9d6b4445753904b/node_modules/@nestjs/core/injector/injector.js:75:13)
      at TestingInjector.loadProvider (../node_modules/.pnpm/@nestjs+core@11.1.12_@nestjs+common@11.1.12_class-transformer@0.5.1_class-validator@0.1_081de5c6d0755692e9d6b4445753904b/node_modules/@nestjs/core/injector/injector.js:103:9)
      at ../node_modules/.pnpm/@nestjs+core@11.1.12_@nestjs+common@11.1.12_class-transformer@0.5.1_class-validator@0.1_081de5c6d0755692e9d6b4445753904b/node_modules/@nestjs/core/injector/instance-loader.js:56:13
          at async Promise.all (index 4)
      at TestingInstanceLoader.createInstancesOfProviders (../node_modules/.pnpm/@nestjs+core@11.1.12_@nestjs+common@11.1.12_class-transformer@0.5.1_class-validator@0.1_081de5c6d0755692e9d6b4445753904b/node_modules/@nestjs/core/injector/instance-loader.js:55:9)
      at ../node_modules/.pnpm/@nestjs+core@11.1.12_@nestjs+common@11.1.12_class-transformer@0.5.1_class-validator@0.1_081de5c6d0755692e9d6b4445753904b/node_modules/@nestjs/core/injector/instance-loader.js:40:13
          at async Promise.all (index 1)
      at TestingInstanceLoader.createInstances (../node_modules/.pnpm/@nestjs+core@11.1.12_@nestjs+common@11.1.12_class-transformer@0.5.1_class-validator@0.1_081de5c6d0755692e9d6b4445753904b/node_modules/@nestjs/core/injector/instance-loader.js:39:9)
      at TestingInstanceLoader.createInstancesOfDependencies (../node_modules/.pnpm/@nestjs+core@11.1.12_@nestjs+common@11.1.12_class-transformer@0.5.1_class-validator@0.1_081de5c6d0755692e9d6b4445753904b/node_modules/@nestjs/core/injector/instance-loader.js:22:13)
      at TestingInstanceLoader.createInstancesOfDependencies (../node_modules/.pnpm/@nestjs+testing@11.1.12_@nestjs+common@11.1.12_class-transformer@0.5.1_class-validator@_f8f5f7c9bf5f0ea617b1141b11ac9012/node_modules/@nestjs/testing/testing-instance-loader.js:9:9)
      at TestingModuleBuilder.createInstancesOfDependencies (../node_modules/.pnpm/@nestjs+testing@11.1.12_@nestjs+common@11.1.12_class-transformer@0.5.1_class-validator@_f8f5f7c9bf5f0ea617b1141b11ac9012/node_modules/@nestjs/testing/testing-module.builder.js:118:9)
      at TestingModuleBuilder.compile (../node_modules/.pnpm/@nestjs+testing@11.1.12_@nestjs+common@11.1.12_class-transformer@0.5.1_class-validator@_f8f5f7c9bf5f0ea617b1141b11ac9012/node_modules/@nestjs/testing/testing-module.builder.js:74:9)
      at Object.<anonymous> (modules/auth/oauth/__tests__/oauth2.integration.spec.ts:175:35)

  ● OAuth2 Integration (issue #1120) › Token exchange and authentication › logs in an existing user matched by email

    Nest can't resolve dependencies of the OAuth2ClientService (ConfigService, ?). Please make sure that the argument CertificatePinningService at index [1] is available in the RootTestModule context.

    Potential solutions:
    - Is RootTestModule a valid NestJS module?
    - If CertificatePinningService is a provider, is it part of the current RootTestModule?
    - If CertificatePinningService is exported from a separate @Module, is that module imported within RootTestModule?
      @Module({
        imports: [ /* the Module containing CertificatePinningService */ ]
      })

    For more common dependency resolution issues, see: https://docs.nestjs.com/faq/common-errors

      173 |     mockProvider.registerHttpMocks();
      174 |
    > 175 |     const module: TestingModule = await Test.createTestingModule({
          |                                   ^
      176 |       providers: [
      177 |         OAuth2Service,
      178 |         OAuth2ClientService,

      at TestingInjector.lookupComponentInParentModules (../node_modules/.pnpm/@nestjs+core@11.1.12_@nestjs+common@11.1.12_class-transformer@0.5.1_class-validator@0.1_081de5c6d0755692e9d6b4445753904b/node_modules/@nestjs/core/injector/injector.js:290:19)
      at TestingInjector.resolveComponentWrapper (../node_modules/.pnpm/@nestjs+testing@11.1.12_@nestjs+common@11.1.12_class-transformer@0.5.1_class-validator@_f8f5f7c9bf5f0ea617b1141b11ac9012/node_modules/@nestjs/testing/testing-injector.js:19:45)
      at resolveParam (../node_modules/.pnpm/@nestjs+core@11.1.12_@nestjs+common@11.1.12_class-transformer@0.5.1_class-validator@0.1_081de5c6d0755692e9d6b4445753904b/node_modules/@nestjs/core/injector/injector.js:140:38)
          at async Promise.all (index 1)
      at TestingInjector.resolveConstructorParams (../node_modules/.pnpm/@nestjs+core@11.1.12_@nestjs+common@11.1.12_class-transformer@0.5.1_class-validator@0.1_081de5c6d0755692e9d6b4445753904b/node_modules/@nestjs/core/injector/injector.js:169:27)
      at TestingInjector.loadInstance (../node_modules/.pnpm/@nestjs+core@11.1.12_@nestjs+common@11.1.12_class-transformer@0.5.1_class-validator@0.1_081de5c6d0755692e9d6b4445753904b/node_modules/@nestjs/core/injector/injector.js:75:13)
      at TestingInjector.loadProvider (../node_modules/.pnpm/@nestjs+core@11.1.12_@nestjs+common@11.1.12_class-transformer@0.5.1_class-validator@0.1_081de5c6d0755692e9d6b4445753904b/node_modules/@nestjs/core/injector/injector.js:103:9)
      at ../node_modules/.pnpm/@nestjs+core@11.1.12_@nestjs+common@11.1.12_class-transformer@0.5.1_class-validator@0.1_081de5c6d0755692e9d6b4445753904b/node_modules/@nestjs/core/injector/instance-loader.js:56:13
          at async Promise.all (index 4)
      at TestingInstanceLoader.createInstancesOfProviders (../node_modules/.pnpm/@nestjs+core@11.1.12_@nestjs+common@11.1.12_class-transformer@0.5.1_class-validator@0.1_081de5c6d0755692e9d6b4445753904b/node_modules/@nestjs/core/injector/instance-loader.js:55:9)
      at ../node_modules/.pnpm/@nestjs+core@11.1.12_@nestjs+common@11.1.12_class-transformer@0.5.1_class-validator@0.1_081de5c6d0755692e9d6b4445753904b/node_modules/@nestjs/core/injector/instance-loader.js:40:13
          at async Promise.all (index 1)
      at TestingInstanceLoader.createInstances (../node_modules/.pnpm/@nestjs+core@11.1.12_@nestjs+common@11.1.12_class-transformer@0.5.1_class-validator@0.1_081de5c6d0755692e9d6b4445753904b/node_modules/@nestjs/core/injector/instance-loader.js:39:9)
      at TestingInstanceLoader.createInstancesOfDependencies (../node_modules/.pnpm/@nestjs+core@11.1.12_@nestjs+common@11.1.12_class-transformer@0.5.1_class-validator@0.1_081de5c6d0755692e9d6b4445753904b/node_modules/@nestjs/core/injector/instance-loader.js:22:13)
      at TestingInstanceLoader.createInstancesOfDependencies (../node_modules/.pnpm/@nestjs+testing@11.1.12_@nestjs+common@11.1.12_class-transformer@0.5.1_class-validator@_f8f5f7c9bf5f0ea617b1141b11ac9012/node_modules/@nestjs/testing/testing-instance-loader.js:9:9)
      at TestingModuleBuilder.createInstancesOfDependencies (../node_modules/.pnpm/@nestjs+testing@11.1.12_@nestjs+common@11.1.12_class-transformer@0.5.1_class-validator@_f8f5f7c9bf5f0ea617b1141b11ac9012/node_modules/@nestjs/testing/testing-module.builder.js:118:9)
      at TestingModuleBuilder.compile (../node_modules/.pnpm/@nestjs+testing@11.1.12_@nestjs+common@11.1.12_class-transformer@0.5.1_class-validator@_f8f5f7c9bf5f0ea617b1141b11ac9012/node_modules/@nestjs/testing/testing-module.builder.js:74:9)
      at Object.<anonymous> (modules/auth/oauth/__tests__/oauth2.integration.spec.ts:175:35)

  ● OAuth2 Integration (issue #1120) › Token exchange and authentication › rejects reused authorization codes

    Nest can't resolve dependencies of the OAuth2ClientService (ConfigService, ?). Please make sure that the argument CertificatePinningService at index [1] is available in the RootTestModule context.

    Potential solutions:
    - Is RootTestModule a valid NestJS module?
    - If CertificatePinningService is a provider, is it part of the current RootTestModule?
    - If CertificatePinningService is exported from a separate @Module, is that module imported within RootTestModule?
      @Module({
        imports: [ /* the Module containing CertificatePinningService */ ]
      })

    For more common dependency resolution issues, see: https://docs.nestjs.com/faq/common-errors

      173 |     mockProvider.registerHttpMocks();
      174 |
    > 175 |     const module: TestingModule = await Test.createTestingModule({
          |                                   ^
      176 |       providers: [
      177 |         OAuth2Service,
      178 |         OAuth2ClientService,

      at TestingInjector.lookupComponentInParentModules (../node_modules/.pnpm/@nestjs+core@11.1.12_@nestjs+common@11.1.12_class-transformer@0.5.1_class-validator@0.1_081de5c6d0755692e9d6b4445753904b/node_modules/@nestjs/core/injector/injector.js:290:19)
      at TestingInjector.resolveComponentWrapper (../node_modules/.pnpm/@nestjs+testing@11.1.12_@nestjs+common@11.1.12_class-transformer@0.5.1_class-validator@_f8f5f7c9bf5f0ea617b1141b11ac9012/node_modules/@nestjs/testing/testing-injector.js:19:45)
      at resolveParam (../node_modules/.pnpm/@nestjs+core@11.1.12_@nestjs+common@11.1.12_class-transformer@0.5.1_class-validator@0.1_081de5c6d0755692e9d6b4445753904b/node_modules/@nestjs/core/injector/injector.js:140:38)
          at async Promise.all (index 1)
      at TestingInjector.resolveConstructorParams (../node_modules/.pnpm/@nestjs+core@11.1.12_@nestjs+common@11.1.12_class-transformer@0.5.1_class-validator@0.1_081de5c6d0755692e9d6b4445753904b/node_modules/@nestjs/core/injector/injector.js:169:27)
      at TestingInjector.loadInstance (../node_modules/.pnpm/@nestjs+core@11.1.12_@nestjs+common@11.1.12_class-transformer@0.5.1_class-validator@0.1_081de5c6d0755692e9d6b4445753904b/node_modules/@nestjs/core/injector/injector.js:75:13)
      at TestingInjector.loadProvider (../node_modules/.pnpm/@nestjs+core@11.1.12_@nestjs+common@11.1.12_class-transformer@0.5.1_class-validator@0.1_081de5c6d0755692e9d6b4445753904b/node_modules/@nestjs/core/injector/injector.js:103:9)
      at ../node_modules/.pnpm/@nestjs+core@11.1.12_@nestjs+common@11.1.12_class-transformer@0.5.1_class-validator@0.1_081de5c6d0755692e9d6b4445753904b/node_modules/@nestjs/core/injector/instance-loader.js:56:13
          at async Promise.all (index 4)
      at TestingInstanceLoader.createInstancesOfProviders (../node_modules/.pnpm/@nestjs+core@11.1.12_@nestjs+common@11.1.12_class-transformer@0.5.1_class-validator@0.1_081de5c6d0755692e9d6b4445753904b/node_modules/@nestjs/core/injector/instance-loader.js:55:9)
      at ../node_modules/.pnpm/@nestjs+core@11.1.12_@nestjs+common@11.1.12_class-transformer@0.5.1_class-validator@0.1_081de5c6d0755692e9d6b4445753904b/node_modules/@nestjs/core/injector/instance-loader.js:40:13
          at async Promise.all (index 1)
      at TestingInstanceLoader.createInstances (../node_modules/.pnpm/@nestjs+core@11.1.12_@nestjs+common@11.1.12_class-transformer@0.5.1_class-validator@0.1_081de5c6d0755692e9d6b4445753904b/node_modules/@nestjs/core/injector/instance-loader.js:39:9)
      at TestingInstanceLoader.createInstancesOfDependencies (../node_modules/.pnpm/@nestjs+core@11.1.12_@nestjs+common@11.1.12_class-transformer@0.5.1_class-validator@0.1_081de5c6d0755692e9d6b4445753904b/node_modules/@nestjs/core/injector/instance-loader.js:22:13)
      at TestingInstanceLoader.createInstancesOfDependencies (../node_modules/.pnpm/@nestjs+testing@11.1.12_@nestjs+common@11.1.12_class-transformer@0.5.1_class-validator@_f8f5f7c9bf5f0ea617b1141b11ac9012/node_modules/@nestjs/testing/testing-instance-loader.js:9:9)
      at TestingModuleBuilder.createInstancesOfDependencies (../node_modules/.pnpm/@nestjs+testing@11.1.12_@nestjs+common@11.1.12_class-transformer@0.5.1_class-validator@_f8f5f7c9bf5f0ea617b1141b11ac9012/node_modules/@nestjs/testing/testing-module.builder.js:118:9)
      at TestingModuleBuilder.compile (../node_modules/.pnpm/@nestjs+testing@11.1.12_@nestjs+common@11.1.12_class-transformer@0.5.1_class-validator@_f8f5f7c9bf5f0ea617b1141b11ac9012/node_modules/@nestjs/testing/testing-module.builder.js:74:9)
      at Object.<anonymous> (modules/auth/oauth/__tests__/oauth2.integration.spec.ts:175:35)

  ● OAuth2 Integration (issue #1120) › User profile retrieval › fetches profile from provider using access token

    Nest can't resolve dependencies of the OAuth2ClientService (ConfigService, ?). Please make sure that the argument CertificatePinningService at index [1] is available in the RootTestModule context.

    Potential solutions:
    - Is RootTestModule a valid NestJS module?
    - If CertificatePinningService is a provider, is it part of the current RootTestModule?
    - If CertificatePinningService is exported from a separate @Module, is that module imported within RootTestModule?
      @Module({
        imports: [ /* the Module containing CertificatePinningService */ ]
      })

    For more common dependency resolution issues, see: https://docs.nestjs.com/faq/common-errors

      173 |     mockProvider.registerHttpMocks();
      174 |
    > 175 |     const module: TestingModule = await Test.createTestingModule({
          |                                   ^
      176 |       providers: [
      177 |         OAuth2Service,
      178 |         OAuth2ClientService,

      at TestingInjector.lookupComponentInParentModules (../node_modules/.pnpm/@nestjs+core@11.1.12_@nestjs+common@11.1.12_class-transformer@0.5.1_class-validator@0.1_081de5c6d0755692e9d6b4445753904b/node_modules/@nestjs/core/injector/injector.js:290:19)
      at TestingInjector.resolveComponentWrapper (../node_modules/.pnpm/@nestjs+testing@11.1.12_@nestjs+common@11.1.12_class-transformer@0.5.1_class-validator@_f8f5f7c9bf5f0ea617b1141b11ac9012/node_modules/@nestjs/testing/testing-injector.js:19:45)
      at resolveParam (../node_modules/.pnpm/@nestjs+core@11.1.12_@nestjs+common@11.1.12_class-transformer@0.5.1_class-validator@0.1_081de5c6d0755692e9d6b4445753904b/node_modules/@nestjs/core/injector/injector.js:140:38)
          at async Promise.all (index 1)
      at TestingInjector.resolveConstructorParams (../node_modules/.pnpm/@nestjs+core@11.1.12_@nestjs+common@11.1.12_class-transformer@0.5.1_class-validator@0.1_081de5c6d0755692e9d6b4445753904b/node_modules/@nestjs/core/injector/injector.js:169:27)
      at TestingInjector.loadInstance (../node_modules/.pnpm/@nestjs+core@11.1.12_@nestjs+common@11.1.12_class-transformer@0.5.1_class-validator@0.1_081de5c6d0755692e9d6b4445753904b/node_modules/@nestjs/core/injector/injector.js:75:13)
      at TestingInjector.loadProvider (../node_modules/.pnpm/@nestjs+core@11.1.12_@nestjs+common@11.1.12_class-transformer@0.5.1_class-validator@0.1_081de5c6d0755692e9d6b4445753904b/node_modules/@nestjs/core/injector/injector.js:103:9)
      at ../node_modules/.pnpm/@nestjs+core@11.1.12_@nestjs+common@11.1.12_class-transformer@0.5.1_class-validator@0.1_081de5c6d0755692e9d6b4445753904b/node_modules/@nestjs/core/injector/instance-loader.js:56:13
          at async Promise.all (index 4)
      at TestingInstanceLoader.createInstancesOfProviders (../node_modules/.pnpm/@nestjs+core@11.1.12_@nestjs+common@11.1.12_class-transformer@0.5.1_class-validator@0.1_081de5c6d0755692e9d6b4445753904b/node_modules/@nestjs/core/injector/instance-loader.js:55:9)
      at ../node_modules/.pnpm/@nestjs+core@11.1.12_@nestjs+common@11.1.12_class-transformer@0.5.1_class-validator@0.1_081de5c6d0755692e9d6b4445753904b/node_modules/@nestjs/core/injector/instance-loader.js:40:13
          at async Promise.all (index 1)
      at TestingInstanceLoader.createInstances (../node_modules/.pnpm/@nestjs+core@11.1.12_@nestjs+common@11.1.12_class-transformer@0.5.1_class-validator@0.1_081de5c6d0755692e9d6b4445753904b/node_modules/@nestjs/core/injector/instance-loader.js:39:9)
      at TestingInstanceLoader.createInstancesOfDependencies (../node_modules/.pnpm/@nestjs+core@11.1.12_@nestjs+common@11.1.12_class-transformer@0.5.1_class-validator@0.1_081de5c6d0755692e9d6b4445753904b/node_modules/@nestjs/core/injector/instance-loader.js:22:13)
      at TestingInstanceLoader.createInstancesOfDependencies (../node_modules/.pnpm/@nestjs+testing@11.1.12_@nestjs+common@11.1.12_class-transformer@0.5.1_class-validator@_f8f5f7c9bf5f0ea617b1141b11ac9012/node_modules/@nestjs/testing/testing-instance-loader.js:9:9)
      at TestingModuleBuilder.createInstancesOfDependencies (../node_modules/.pnpm/@nestjs+testing@11.1.12_@nestjs+common@11.1.12_class-transformer@0.5.1_class-validator@_f8f5f7c9bf5f0ea617b1141b11ac9012/node_modules/@nestjs/testing/testing-module.builder.js:118:9)
      at TestingModuleBuilder.compile (../node_modules/.pnpm/@nestjs+testing@11.1.12_@nestjs+common@11.1.12_class-transformer@0.5.1_class-validator@_f8f5f7c9bf5f0ea617b1141b11ac9012/node_modules/@nestjs/testing/testing-module.builder.js:74:9)
      at Object.<anonymous> (modules/auth/oauth/__tests__/oauth2.integration.spec.ts:175:35)

  ● OAuth2 Integration (issue #1120) › User profile retrieval › rejects profile fetch with revoked token

    Nest can't resolve dependencies of the OAuth2ClientService (ConfigService, ?). Please make sure that the argument CertificatePinningService at index [1] is available in the RootTestModule context.

    Potential solutions:
    - Is RootTestModule a valid NestJS module?
    - If CertificatePinningService is a provider, is it part of the current RootTestModule?
    - If CertificatePinningService is exported from a separate @Module, is that module imported within RootTestModule?
      @Module({
        imports: [ /* the Module containing CertificatePinningService */ ]
      })

    For more common dependency resolution issues, see: https://docs.nestjs.com/faq/common-errors

      173 |     mockProvider.registerHttpMocks();
      174 |
    > 175 |     const module: TestingModule = await Test.createTestingModule({
          |                                   ^
      176 |       providers: [
      177 |         OAuth2Service,
      178 |         OAuth2ClientService,

      at TestingInjector.lookupComponentInParentModules (../node_modules/.pnpm/@nestjs+core@11.1.12_@nestjs+common@11.1.12_class-transformer@0.5.1_class-validator@0.1_081de5c6d0755692e9d6b4445753904b/node_modules/@nestjs/core/injector/injector.js:290:19)
      at TestingInjector.resolveComponentWrapper (../node_modules/.pnpm/@nestjs+testing@11.1.12_@nestjs+common@11.1.12_class-transformer@0.5.1_class-validator@_f8f5f7c9bf5f0ea617b1141b11ac9012/node_modules/@nestjs/testing/testing-injector.js:19:45)
      at resolveParam (../node_modules/.pnpm/@nestjs+core@11.1.12_@nestjs+common@11.1.12_class-transformer@0.5.1_class-validator@0.1_081de5c6d0755692e9d6b4445753904b/node_modules/@nestjs/core/injector/injector.js:140:38)
          at async Promise.all (index 1)
      at TestingInjector.resolveConstructorParams (../node_modules/.pnpm/@nestjs+core@11.1.12_@nestjs+common@11.1.12_class-transformer@0.5.1_class-validator@0.1_081de5c6d0755692e9d6b4445753904b/node_modules/@nestjs/core/injector/injector.js:169:27)
      at TestingInjector.loadInstance (../node_modules/.pnpm/@nestjs+core@11.1.12_@nestjs+common@11.1.12_class-transformer@0.5.1_class-validator@0.1_081de5c6d0755692e9d6b4445753904b/node_modules/@nestjs/core/injector/injector.js:75:13)
      at TestingInjector.loadProvider (../node_modules/.pnpm/@nestjs+core@11.1.12_@nestjs+common@11.1.12_class-transformer@0.5.1_class-validator@0.1_081de5c6d0755692e9d6b4445753904b/node_modules/@nestjs/core/injector/injector.js:103:9)
      at ../node_modules/.pnpm/@nestjs+core@11.1.12_@nestjs+common@11.1.12_class-transformer@0.5.1_class-validator@0.1_081de5c6d0755692e9d6b4445753904b/node_modules/@nestjs/core/injector/instance-loader.js:56:13
          at async Promise.all (index 4)
      at TestingInstanceLoader.createInstancesOfProviders (../node_modules/.pnpm/@nestjs+core@11.1.12_@nestjs+common@11.1.12_class-transformer@0.5.1_class-validator@0.1_081de5c6d0755692e9d6b4445753904b/node_modules/@nestjs/core/injector/instance-loader.js:55:9)
      at ../node_modules/.pnpm/@nestjs+core@11.1.12_@nestjs+common@11.1.12_class-transformer@0.5.1_class-validator@0.1_081de5c6d0755692e9d6b4445753904b/node_modules/@nestjs/core/injector/instance-loader.js:40:13
          at async Promise.all (index 1)
      at TestingInstanceLoader.createInstances (../node_modules/.pnpm/@nestjs+core@11.1.12_@nestjs+common@11.1.12_class-transformer@0.5.1_class-validator@0.1_081de5c6d0755692e9d6b4445753904b/node_modules/@nestjs/core/injector/instance-loader.js:39:9)
      at TestingInstanceLoader.createInstancesOfDependencies (../node_modules/.pnpm/@nestjs+core@11.1.12_@nestjs+common@11.1.12_class-transformer@0.5.1_class-validator@0.1_081de5c6d0755692e9d6b4445753904b/node_modules/@nestjs/core/injector/instance-loader.js:22:13)
      at TestingInstanceLoader.createInstancesOfDependencies (../node_modules/.pnpm/@nestjs+testing@11.1.12_@nestjs+common@11.1.12_class-transformer@0.5.1_class-validator@_f8f5f7c9bf5f0ea617b1141b11ac9012/node_modules/@nestjs/testing/testing-instance-loader.js:9:9)
      at TestingModuleBuilder.createInstancesOfDependencies (../node_modules/.pnpm/@nestjs+testing@11.1.12_@nestjs+common@11.1.12_class-transformer@0.5.1_class-validator@_f8f5f7c9bf5f0ea617b1141b11ac9012/node_modules/@nestjs/testing/testing-module.builder.js:118:9)
      at TestingModuleBuilder.compile (../node_modules/.pnpm/@nestjs+testing@11.1.12_@nestjs+common@11.1.12_class-transformer@0.5.1_class-validator@_f8f5f7c9bf5f0ea617b1141b11ac9012/node_modules/@nestjs/testing/testing-module.builder.js:74:9)
      at Object.<anonymous> (modules/auth/oauth/__tests__/oauth2.integration.spec.ts:175:35)

  ● OAuth2 Integration (issue #1120) › Account linking › links a provider account to an authenticated user

    Nest can't resolve dependencies of the OAuth2ClientService (ConfigService, ?). Please make sure that the argument CertificatePinningService at index [1] is available in the RootTestModule context.

    Potential solutions:
    - Is RootTestModule a valid NestJS module?
    - If CertificatePinningService is a provider, is it part of the current RootTestModule?
    - If CertificatePinningService is exported from a separate @Module, is that module imported within RootTestModule?
      @Module({
        imports: [ /* the Module containing CertificatePinningService */ ]
      })

    For more common dependency resolution issues, see: https://docs.nestjs.com/faq/common-errors

      173 |     mockProvider.registerHttpMocks();
      174 |
    > 175 |     const module: TestingModule = await Test.createTestingModule({
          |                                   ^
      176 |       providers: [
      177 |         OAuth2Service,
      178 |         OAuth2ClientService,

      at TestingInjector.lookupComponentInParentModules (../node_modules/.pnpm/@nestjs+core@11.1.12_@nestjs+common@11.1.12_class-transformer@0.5.1_class-validator@0.1_081de5c6d0755692e9d6b4445753904b/node_modules/@nestjs/core/injector/injector.js:290:19)
      at TestingInjector.resolveComponentWrapper (../node_modules/.pnpm/@nestjs+testing@11.1.12_@nestjs+common@11.1.12_class-transformer@0.5.1_class-validator@_f8f5f7c9bf5f0ea617b1141b11ac9012/node_modules/@nestjs/testing/testing-injector.js:19:45)
      at resolveParam (../node_modules/.pnpm/@nestjs+core@11.1.12_@nestjs+common@11.1.12_class-transformer@0.5.1_class-validator@0.1_081de5c6d0755692e9d6b4445753904b/node_modules/@nestjs/core/injector/injector.js:140:38)
          at async Promise.all (index 1)
      at TestingInjector.resolveConstructorParams (../node_modules/.pnpm/@nestjs+core@11.1.12_@nestjs+common@11.1.12_class-transformer@0.5.1_class-validator@0.1_081de5c6d0755692e9d6b4445753904b/node_modules/@nestjs/core/injector/injector.js:169:27)
      at TestingInjector.loadInstance (../node_modules/.pnpm/@nestjs+core@11.1.12_@nestjs+common@11.1.12_class-transformer@0.5.1_class-validator@0.1_081de5c6d0755692e9d6b4445753904b/node_modules/@nestjs/core/injector/injector.js:75:13)
      at TestingInjector.loadProvider (../node_modules/.pnpm/@nestjs+core@11.1.12_@nestjs+common@11.1.12_class-transformer@0.5.1_class-validator@0.1_081de5c6d0755692e9d6b4445753904b/node_modules/@nestjs/core/injector/injector.js:103:9)
      at ../node_modules/.pnpm/@nestjs+core@11.1.12_@nestjs+common@11.1.12_class-transformer@0.5.1_class-validator@0.1_081de5c6d0755692e9d6b4445753904b/node_modules/@nestjs/core/injector/instance-loader.js:56:13
          at async Promise.all (index 4)
      at TestingInstanceLoader.createInstancesOfProviders (../node_modules/.pnpm/@nestjs+core@11.1.12_@nestjs+common@11.1.12_class-transformer@0.5.1_class-validator@0.1_081de5c6d0755692e9d6b4445753904b/node_modules/@nestjs/core/injector/instance-loader.js:55:9)
      at ../node_modules/.pnpm/@nestjs+core@11.1.12_@nestjs+common@11.1.12_class-transformer@0.5.1_class-validator@0.1_081de5c6d0755692e9d6b4445753904b/node_modules/@nestjs/core/injector/instance-loader.js:40:13
          at async Promise.all (index 1)
      at TestingInstanceLoader.createInstances (../node_modules/.pnpm/@nestjs+core@11.1.12_@nestjs+common@11.1.12_class-transformer@0.5.1_class-validator@0.1_081de5c6d0755692e9d6b4445753904b/node_modules/@nestjs/core/injector/instance-loader.js:39:9)
      at TestingInstanceLoader.createInstancesOfDependencies (../node_modules/.pnpm/@nestjs+core@11.1.12_@nestjs+common@11.1.12_class-transformer@0.5.1_class-validator@0.1_081de5c6d0755692e9d6b4445753904b/node_modules/@nestjs/core/injector/instance-loader.js:22:13)
      at TestingInstanceLoader.createInstancesOfDependencies (../node_modules/.pnpm/@nestjs+testing@11.1.12_@nestjs+common@11.1.12_class-transformer@0.5.1_class-validator@_f8f5f7c9bf5f0ea617b1141b11ac9012/node_modules/@nestjs/testing/testing-instance-loader.js:9:9)
      at TestingModuleBuilder.createInstancesOfDependencies (../node_modules/.pnpm/@nestjs+testing@11.1.12_@nestjs+common@11.1.12_class-transformer@0.5.1_class-validator@_f8f5f7c9bf5f0ea617b1141b11ac9012/node_modules/@nestjs/testing/testing-module.builder.js:118:9)
      at TestingModuleBuilder.compile (../node_modules/.pnpm/@nestjs+testing@11.1.12_@nestjs+common@11.1.12_class-transformer@0.5.1_class-validator@_f8f5f7c9bf5f0ea617b1141b11ac9012/node_modules/@nestjs/testing/testing-module.builder.js:74:9)
      at Object.<anonymous> (modules/auth/oauth/__tests__/oauth2.integration.spec.ts:175:35)

  ● OAuth2 Integration (issue #1120) › Account linking › prevents linking a provider account already owned by another user

    Nest can't resolve dependencies of the OAuth2ClientService (ConfigService, ?). Please make sure that the argument CertificatePinningService at index [1] is available in the RootTestModule context.

    Potential solutions:
    - Is RootTestModule a valid NestJS module?
    - If CertificatePinningService is a provider, is it part of the current RootTestModule?
    - If CertificatePinningService is exported from a separate @Module, is that module imported within RootTestModule?
      @Module({
        imports: [ /* the Module containing CertificatePinningService */ ]
      })

    For more common dependency resolution issues, see: https://docs.nestjs.com/faq/common-errors

      173 |     mockProvider.registerHttpMocks();
      174 |
    > 175 |     const module: TestingModule = await Test.createTestingModule({
          |                                   ^
      176 |       providers: [
      177 |         OAuth2Service,
      178 |         OAuth2ClientService,

      at TestingInjector.lookupComponentInParentModules (../node_modules/.pnpm/@nestjs+core@11.1.12_@nestjs+common@11.1.12_class-transformer@0.5.1_class-validator@0.1_081de5c6d0755692e9d6b4445753904b/node_modules/@nestjs/core/injector/injector.js:290:19)
      at TestingInjector.resolveComponentWrapper (../node_modules/.pnpm/@nestjs+testing@11.1.12_@nestjs+common@11.1.12_class-transformer@0.5.1_class-validator@_f8f5f7c9bf5f0ea617b1141b11ac9012/node_modules/@nestjs/testing/testing-injector.js:19:45)
      at resolveParam (../node_modules/.pnpm/@nestjs+core@11.1.12_@nestjs+common@11.1.12_class-transformer@0.5.1_class-validator@0.1_081de5c6d0755692e9d6b4445753904b/node_modules/@nestjs/core/injector/injector.js:140:38)
          at async Promise.all (index 1)
      at TestingInjector.resolveConstructorParams (../node_modules/.pnpm/@nestjs+core@11.1.12_@nestjs+common@11.1.12_class-transformer@0.5.1_class-validator@0.1_081de5c6d0755692e9d6b4445753904b/node_modules/@nestjs/core/injector/injector.js:169:27)
      at TestingInjector.loadInstance (../node_modules/.pnpm/@nestjs+core@11.1.12_@nestjs+common@11.1.12_class-transformer@0.5.1_class-validator@0.1_081de5c6d0755692e9d6b4445753904b/node_modules/@nestjs/core/injector/injector.js:75:13)
      at TestingInjector.loadProvider (../node_modules/.pnpm/@nestjs+core@11.1.12_@nestjs+common@11.1.12_class-transformer@0.5.1_class-validator@0.1_081de5c6d0755692e9d6b4445753904b/node_modules/@nestjs/core/injector/injector.js:103:9)
      at ../node_modules/.pnpm/@nestjs+core@11.1.12_@nestjs+common@11.1.12_class-transformer@0.5.1_class-validator@0.1_081de5c6d0755692e9d6b4445753904b/node_modules/@nestjs/core/injector/instance-loader.js:56:13
          at async Promise.all (index 4)
      at TestingInstanceLoader.createInstancesOfProviders (../node_modules/.pnpm/@nestjs+core@11.1.12_@nestjs+common@11.1.12_class-transformer@0.5.1_class-validator@0.1_081de5c6d0755692e9d6b4445753904b/node_modules/@nestjs/core/injector/instance-loader.js:55:9)
      at ../node_modules/.pnpm/@nestjs+core@11.1.12_@nestjs+common@11.1.12_class-transformer@0.5.1_class-validator@0.1_081de5c6d0755692e9d6b4445753904b/node_modules/@nestjs/core/injector/instance-loader.js:40:13
          at async Promise.all (index 1)
      at TestingInstanceLoader.createInstances (../node_modules/.pnpm/@nestjs+core@11.1.12_@nestjs+common@11.1.12_class-transformer@0.5.1_class-validator@0.1_081de5c6d0755692e9d6b4445753904b/node_modules/@nestjs/core/injector/instance-loader.js:39:9)
      at TestingInstanceLoader.createInstancesOfDependencies (../node_modules/.pnpm/@nestjs+core@11.1.12_@nestjs+common@11.1.12_class-transformer@0.5.1_class-validator@0.1_081de5c6d0755692e9d6b4445753904b/node_modules/@nestjs/core/injector/instance-loader.js:22:13)
      at TestingInstanceLoader.createInstancesOfDependencies (../node_modules/.pnpm/@nestjs+testing@11.1.12_@nestjs+common@11.1.12_class-transformer@0.5.1_class-validator@_f8f5f7c9bf5f0ea617b1141b11ac9012/node_modules/@nestjs/testing/testing-instance-loader.js:9:9)
      at TestingModuleBuilder.createInstancesOfDependencies (../node_modules/.pnpm/@nestjs+testing@11.1.12_@nestjs+common@11.1.12_class-transformer@0.5.1_class-validator@_f8f5f7c9bf5f0ea617b1141b11ac9012/node_modules/@nestjs/testing/testing-module.builder.js:118:9)
      at TestingModuleBuilder.compile (../node_modules/.pnpm/@nestjs+testing@11.1.12_@nestjs+common@11.1.12_class-transformer@0.5.1_class-validator@_f8f5f7c9bf5f0ea617b1141b11ac9012/node_modules/@nestjs/testing/testing-module.builder.js:74:9)
      at Object.<anonymous> (modules/auth/oauth/__tests__/oauth2.integration.spec.ts:175:35)

  ● OAuth2 Integration (issue #1120) › Token refresh › refreshes provider access tokens

    Nest can't resolve dependencies of the OAuth2ClientService (ConfigService, ?). Please make sure that the argument CertificatePinningService at index [1] is available in the RootTestModule context.

    Potential solutions:
    - Is RootTestModule a valid NestJS module?
    - If CertificatePinningService is a provider, is it part of the current RootTestModule?
    - If CertificatePinningService is exported from a separate @Module, is that module imported within RootTestModule?
      @Module({
        imports: [ /* the Module containing CertificatePinningService */ ]
      })

    For more common dependency resolution issues, see: https://docs.nestjs.com/faq/common-errors

      173 |     mockProvider.registerHttpMocks();
      174 |
    > 175 |     const module: TestingModule = await Test.createTestingModule({
          |                                   ^
      176 |       providers: [
      177 |         OAuth2Service,
      178 |         OAuth2ClientService,

      at TestingInjector.lookupComponentInParentModules (../node_modules/.pnpm/@nestjs+core@11.1.12_@nestjs+common@11.1.12_class-transformer@0.5.1_class-validator@0.1_081de5c6d0755692e9d6b4445753904b/node_modules/@nestjs/core/injector/injector.js:290:19)
      at TestingInjector.resolveComponentWrapper (../node_modules/.pnpm/@nestjs+testing@11.1.12_@nestjs+common@11.1.12_class-transformer@0.5.1_class-validator@_f8f5f7c9bf5f0ea617b1141b11ac9012/node_modules/@nestjs/testing/testing-injector.js:19:45)
      at resolveParam (../node_modules/.pnpm/@nestjs+core@11.1.12_@nestjs+common@11.1.12_class-transformer@0.5.1_class-validator@0.1_081de5c6d0755692e9d6b4445753904b/node_modules/@nestjs/core/injector/injector.js:140:38)
          at async Promise.all (index 1)
      at TestingInjector.resolveConstructorParams (../node_modules/.pnpm/@nestjs+core@11.1.12_@nestjs+common@11.1.12_class-transformer@0.5.1_class-validator@0.1_081de5c6d0755692e9d6b4445753904b/node_modules/@nestjs/core/injector/injector.js:169:27)
      at TestingInjector.loadInstance (../node_modules/.pnpm/@nestjs+core@11.1.12_@nestjs+common@11.1.12_class-transformer@0.5.1_class-validator@0.1_081de5c6d0755692e9d6b4445753904b/node_modules/@nestjs/core/injector/injector.js:75:13)
      at TestingInjector.loadProvider (../node_modules/.pnpm/@nestjs+core@11.1.12_@nestjs+common@11.1.12_class-transformer@0.5.1_class-validator@0.1_081de5c6d0755692e9d6b4445753904b/node_modules/@nestjs/core/injector/injector.js:103:9)
      at ../node_modules/.pnpm/@nestjs+core@11.1.12_@nestjs+common@11.1.12_class-transformer@0.5.1_class-validator@0.1_081de5c6d0755692e9d6b4445753904b/node_modules/@nestjs/core/injector/instance-loader.js:56:13
          at async Promise.all (index 4)
      at TestingInstanceLoader.createInstancesOfProviders (../node_modules/.pnpm/@nestjs+core@11.1.12_@nestjs+common@11.1.12_class-transformer@0.5.1_class-validator@0.1_081de5c6d0755692e9d6b4445753904b/node_modules/@nestjs/core/injector/instance-loader.js:55:9)
      at ../node_modules/.pnpm/@nestjs+core@11.1.12_@nestjs+common@11.1.12_class-transformer@0.5.1_class-validator@0.1_081de5c6d0755692e9d6b4445753904b/node_modules/@nestjs/core/injector/instance-loader.js:40:13
          at async Promise.all (index 1)
      at TestingInstanceLoader.createInstances (../node_modules/.pnpm/@nestjs+core@11.1.12_@nestjs+common@11.1.12_class-transformer@0.5.1_class-validator@0.1_081de5c6d0755692e9d6b4445753904b/node_modules/@nestjs/core/injector/instance-loader.js:39:9)
      at TestingInstanceLoader.createInstancesOfDependencies (../node_modules/.pnpm/@nestjs+core@11.1.12_@nestjs+common@11.1.12_class-transformer@0.5.1_class-validator@0.1_081de5c6d0755692e9d6b4445753904b/node_modules/@nestjs/core/injector/instance-loader.js:22:13)
      at TestingInstanceLoader.createInstancesOfDependencies (../node_modules/.pnpm/@nestjs+testing@11.1.12_@nestjs+common@11.1.12_class-transformer@0.5.1_class-validator@_f8f5f7c9bf5f0ea617b1141b11ac9012/node_modules/@nestjs/testing/testing-instance-loader.js:9:9)
      at TestingModuleBuilder.createInstancesOfDependencies (../node_modules/.pnpm/@nestjs+testing@11.1.12_@nestjs+common@11.1.12_class-transformer@0.5.1_class-validator@_f8f5f7c9bf5f0ea617b1141b11ac9012/node_modules/@nestjs/testing/testing-module.builder.js:118:9)
      at TestingModuleBuilder.compile (../node_modules/.pnpm/@nestjs+testing@11.1.12_@nestjs+common@11.1.12_class-transformer@0.5.1_class-validator@_f8f5f7c9bf5f0ea617b1141b11ac9012/node_modules/@nestjs/testing/testing-module.builder.js:74:9)
      at Object.<anonymous> (modules/auth/oauth/__tests__/oauth2.integration.spec.ts:175:35)

  ● OAuth2 Integration (issue #1120) › Logout and token revocation › logs out and revokes provider tokens

    Nest can't resolve dependencies of the OAuth2ClientService (ConfigService, ?). Please make sure that the argument CertificatePinningService at index [1] is available in the RootTestModule context.

    Potential solutions:
    - Is RootTestModule a valid NestJS module?
    - If CertificatePinningService is a provider, is it part of the current RootTestModule?
    - If CertificatePinningService is exported from a separate @Module, is that module imported within RootTestModule?
      @Module({
        imports: [ /* the Module containing CertificatePinningService */ ]
      })

    For more common dependency resolution issues, see: https://docs.nestjs.com/faq/common-errors

      173 |     mockProvider.registerHttpMocks();
      174 |
    > 175 |     const module: TestingModule = await Test.createTestingModule({
          |                                   ^
      176 |       providers: [
      177 |         OAuth2Service,
      178 |         OAuth2ClientService,

      at TestingInjector.lookupComponentInParentModules (../node_modules/.pnpm/@nestjs+core@11.1.12_@nestjs+common@11.1.12_class-transformer@0.5.1_class-validator@0.1_081de5c6d0755692e9d6b4445753904b/node_modules/@nestjs/core/injector/injector.js:290:19)
      at TestingInjector.resolveComponentWrapper (../node_modules/.pnpm/@nestjs+testing@11.1.12_@nestjs+common@11.1.12_class-transformer@0.5.1_class-validator@_f8f5f7c9bf5f0ea617b1141b11ac9012/node_modules/@nestjs/testing/testing-injector.js:19:45)
      at resolveParam (../node_modules/.pnpm/@nestjs+core@11.1.12_@nestjs+common@11.1.12_class-transformer@0.5.1_class-validator@0.1_081de5c6d0755692e9d6b4445753904b/node_modules/@nestjs/core/injector/injector.js:140:38)
          at async Promise.all (index 1)
      at TestingInjector.resolveConstructorParams (../node_modules/.pnpm/@nestjs+core@11.1.12_@nestjs+common@11.1.12_class-transformer@0.5.1_class-validator@0.1_081de5c6d0755692e9d6b4445753904b/node_modules/@nestjs/core/injector/injector.js:169:27)
      at TestingInjector.loadInstance (../node_modules/.pnpm/@nestjs+core@11.1.12_@nestjs+common@11.1.12_class-transformer@0.5.1_class-validator@0.1_081de5c6d0755692e9d6b4445753904b/node_modules/@nestjs/core/injector/injector.js:75:13)
      at TestingInjector.loadProvider (../node_modules/.pnpm/@nestjs+core@11.1.12_@nestjs+common@11.1.12_class-transformer@0.5.1_class-validator@0.1_081de5c6d0755692e9d6b4445753904b/node_modules/@nestjs/core/injector/injector.js:103:9)
      at ../node_modules/.pnpm/@nestjs+core@11.1.12_@nestjs+common@11.1.12_class-transformer@0.5.1_class-validator@0.1_081de5c6d0755692e9d6b4445753904b/node_modules/@nestjs/core/injector/instance-loader.js:56:13
          at async Promise.all (index 4)
      at TestingInstanceLoader.createInstancesOfProviders (../node_modules/.pnpm/@nestjs+core@11.1.12_@nestjs+common@11.1.12_class-transformer@0.5.1_class-validator@0.1_081de5c6d0755692e9d6b4445753904b/node_modules/@nestjs/core/injector/instance-loader.js:55:9)
      at ../node_modules/.pnpm/@nestjs+core@11.1.12_@nestjs+common@11.1.12_class-transformer@0.5.1_class-validator@0.1_081de5c6d0755692e9d6b4445753904b/node_modules/@nestjs/core/injector/instance-loader.js:40:13
          at async Promise.all (index 1)
      at TestingInstanceLoader.createInstances (../node_modules/.pnpm/@nestjs+core@11.1.12_@nestjs+common@11.1.12_class-transformer@0.5.1_class-validator@0.1_081de5c6d0755692e9d6b4445753904b/node_modules/@nestjs/core/injector/instance-loader.js:39:9)
      at TestingInstanceLoader.createInstancesOfDependencies (../node_modules/.pnpm/@nestjs+core@11.1.12_@nestjs+common@11.1.12_class-transformer@0.5.1_class-validator@0.1_081de5c6d0755692e9d6b4445753904b/node_modules/@nestjs/core/injector/instance-loader.js:22:13)
      at TestingInstanceLoader.createInstancesOfDependencies (../node_modules/.pnpm/@nestjs+testing@11.1.12_@nestjs+common@11.1.12_class-transformer@0.5.1_class-validator@_f8f5f7c9bf5f0ea617b1141b11ac9012/node_modules/@nestjs/testing/testing-instance-loader.js:9:9)
      at TestingModuleBuilder.createInstancesOfDependencies (../node_modules/.pnpm/@nestjs+testing@11.1.12_@nestjs+common@11.1.12_class-transformer@0.5.1_class-validator@_f8f5f7c9bf5f0ea617b1141b11ac9012/node_modules/@nestjs/testing/testing-module.builder.js:118:9)
      at TestingModuleBuilder.compile (../node_modules/.pnpm/@nestjs+testing@11.1.12_@nestjs+common@11.1.12_class-transformer@0.5.1_class-validator@_f8f5f7c9bf5f0ea617b1141b11ac9012/node_modules/@nestjs/testing/testing-module.builder.js:74:9)
      at Object.<anonymous> (modules/auth/oauth/__tests__/oauth2.integration.spec.ts:175:35)

  ● OAuth2 Integration (issue #1120) › Logout and token revocation › revokes a specific provider token on demand

    Nest can't resolve dependencies of the OAuth2ClientService (ConfigService, ?). Please make sure that the argument CertificatePinningService at index [1] is available in the RootTestModule context.

    Potential solutions:
    - Is RootTestModule a valid NestJS module?
    - If CertificatePinningService is a provider, is it part of the current RootTestModule?
    - If CertificatePinningService is exported from a separate @Module, is that module imported within RootTestModule?
      @Module({
        imports: [ /* the Module containing CertificatePinningService */ ]
      })

    For more common dependency resolution issues, see: https://docs.nestjs.com/faq/common-errors

      173 |     mockProvider.registerHttpMocks();
      174 |
    > 175 |     const module: TestingModule = await Test.createTestingModule({
          |                                   ^
      176 |       providers: [
      177 |         OAuth2Service,
      178 |         OAuth2ClientService,

      at TestingInjector.lookupComponentInParentModules (../node_modules/.pnpm/@nestjs+core@11.1.12_@nestjs+common@11.1.12_class-transformer@0.5.1_class-validator@0.1_081de5c6d0755692e9d6b4445753904b/node_modules/@nestjs/core/injector/injector.js:290:19)
      at TestingInjector.resolveComponentWrapper (../node_modules/.pnpm/@nestjs+testing@11.1.12_@nestjs+common@11.1.12_class-transformer@0.5.1_class-validator@_f8f5f7c9bf5f0ea617b1141b11ac9012/node_modules/@nestjs/testing/testing-injector.js:19:45)
      at resolveParam (../node_modules/.pnpm/@nestjs+core@11.1.12_@nestjs+common@11.1.12_class-transformer@0.5.1_class-validator@0.1_081de5c6d0755692e9d6b4445753904b/node_modules/@nestjs/core/injector/injector.js:140:38)
          at async Promise.all (index 1)
      at TestingInjector.resolveConstructorParams (../node_modules/.pnpm/@nestjs+core@11.1.12_@nestjs+common@11.1.12_class-transformer@0.5.1_class-validator@0.1_081de5c6d0755692e9d6b4445753904b/node_modules/@nestjs/core/injector/injector.js:169:27)
      at TestingInjector.loadInstance (../node_modules/.pnpm/@nestjs+core@11.1.12_@nestjs+common@11.1.12_class-transformer@0.5.1_class-validator@0.1_081de5c6d0755692e9d6b4445753904b/node_modules/@nestjs/core/injector/injector.js:75:13)
      at TestingInjector.loadProvider (../node_modules/.pnpm/@nestjs+core@11.1.12_@nestjs+common@11.1.12_class-transformer@0.5.1_class-validator@0.1_081de5c6d0755692e9d6b4445753904b/node_modules/@nestjs/core/injector/injector.js:103:9)
      at ../node_modules/.pnpm/@nestjs+core@11.1.12_@nestjs+common@11.1.12_class-transformer@0.5.1_class-validator@0.1_081de5c6d0755692e9d6b4445753904b/node_modules/@nestjs/core/injector/instance-loader.js:56:13
          at async Promise.all (index 4)
      at TestingInstanceLoader.createInstancesOfProviders (../node_modules/.pnpm/@nestjs+core@11.1.12_@nestjs+common@11.1.12_class-transformer@0.5.1_class-validator@0.1_081de5c6d0755692e9d6b4445753904b/node_modules/@nestjs/core/injector/instance-loader.js:55:9)
      at ../node_modules/.pnpm/@nestjs+core@11.1.12_@nestjs+common@11.1.12_class-transformer@0.5.1_class-validator@0.1_081de5c6d0755692e9d6b4445753904b/node_modules/@nestjs/core/injector/instance-loader.js:40:13
          at async Promise.all (index 1)
      at TestingInstanceLoader.createInstances (../node_modules/.pnpm/@nestjs+core@11.1.12_@nestjs+common@11.1.12_class-transformer@0.5.1_class-validator@0.1_081de5c6d0755692e9d6b4445753904b/node_modules/@nestjs/core/injector/instance-loader.js:39:9)
      at TestingInstanceLoader.createInstancesOfDependencies (../node_modules/.pnpm/@nestjs+core@11.1.12_@nestjs+common@11.1.12_class-transformer@0.5.1_class-validator@0.1_081de5c6d0755692e9d6b4445753904b/node_modules/@nestjs/core/injector/instance-loader.js:22:13)
      at TestingInstanceLoader.createInstancesOfDependencies (../node_modules/.pnpm/@nestjs+testing@11.1.12_@nestjs+common@11.1.12_class-transformer@0.5.1_class-validator@_f8f5f7c9bf5f0ea617b1141b11ac9012/node_modules/@nestjs/testing/testing-instance-loader.js:9:9)
      at TestingModuleBuilder.createInstancesOfDependencies (../node_modules/.pnpm/@nestjs+testing@11.1.12_@nestjs+common@11.1.12_class-transformer@0.5.1_class-validator@_f8f5f7c9bf5f0ea617b1141b11ac9012/node_modules/@nestjs/testing/testing-module.builder.js:118:9)
      at TestingModuleBuilder.compile (../node_modules/.pnpm/@nestjs+testing@11.1.12_@nestjs+common@11.1.12_class-transformer@0.5.1_class-validator@_f8f5f7c9bf5f0ea617b1141b11ac9012/node_modules/@nestjs/testing/testing-module.builder.js:74:9)
      at Object.<anonymous> (modules/auth/oauth/__tests__/oauth2.integration.spec.ts:175:35)

  ● OAuth2 Integration (issue #1120) › Logout and token revocation › clears session even when no provider tokens are stored

    Nest can't resolve dependencies of the OAuth2ClientService (ConfigService, ?). Please make sure that the argument CertificatePinningService at index [1] is available in the RootTestModule context.

    Potential solutions:
    - Is RootTestModule a valid NestJS module?
    - If CertificatePinningService is a provider, is it part of the current RootTestModule?
    - If CertificatePinningService is exported from a separate @Module, is that module imported within RootTestModule?
      @Module({
        imports: [ /* the Module containing CertificatePinningService */ ]
      })

    For more common dependency resolution issues, see: https://docs.nestjs.com/faq/common-errors

      173 |     mockProvider.registerHttpMocks();
      174 |
    > 175 |     const module: TestingModule = await Test.createTestingModule({
          |                                   ^
      176 |       providers: [
      177 |         OAuth2Service,
      178 |         OAuth2ClientService,

      at TestingInjector.lookupComponentInParentModules (../node_modules/.pnpm/@nestjs+core@11.1.12_@nestjs+common@11.1.12_class-transformer@0.5.1_class-validator@0.1_081de5c6d0755692e9d6b4445753904b/node_modules/@nestjs/core/injector/injector.js:290:19)
      at TestingInjector.resolveComponentWrapper (../node_modules/.pnpm/@nestjs+testing@11.1.12_@nestjs+common@11.1.12_class-transformer@0.5.1_class-validator@_f8f5f7c9bf5f0ea617b1141b11ac9012/node_modules/@nestjs/testing/testing-injector.js:19:45)
      at resolveParam (../node_modules/.pnpm/@nestjs+core@11.1.12_@nestjs+common@11.1.12_class-transformer@0.5.1_class-validator@0.1_081de5c6d0755692e9d6b4445753904b/node_modules/@nestjs/core/injector/injector.js:140:38)
          at async Promise.all (index 1)
      at TestingInjector.resolveConstructorParams (../node_modules/.pnpm/@nestjs+core@11.1.12_@nestjs+common@11.1.12_class-transformer@0.5.1_class-validator@0.1_081de5c6d0755692e9d6b4445753904b/node_modules/@nestjs/core/injector/injector.js:169:27)
      at TestingInjector.loadInstance (../node_modules/.pnpm/@nestjs+core@11.1.12_@nestjs+common@11.1.12_class-transformer@0.5.1_class-validator@0.1_081de5c6d0755692e9d6b4445753904b/node_modules/@nestjs/core/injector/injector.js:75:13)
      at TestingInjector.loadProvider (../node_modules/.pnpm/@nestjs+core@11.1.12_@nestjs+common@11.1.12_class-transformer@0.5.1_class-validator@0.1_081de5c6d0755692e9d6b4445753904b/node_modules/@nestjs/core/injector/injector.js:103:9)
      at ../node_modules/.pnpm/@nestjs+core@11.1.12_@nestjs+common@11.1.12_class-transformer@0.5.1_class-validator@0.1_081de5c6d0755692e9d6b4445753904b/node_modules/@nestjs/core/injector/instance-loader.js:56:13
          at async Promise.all (index 4)
      at TestingInstanceLoader.createInstancesOfProviders (../node_modules/.pnpm/@nestjs+core@11.1.12_@nestjs+common@11.1.12_class-transformer@0.5.1_class-validator@0.1_081de5c6d0755692e9d6b4445753904b/node_modules/@nestjs/core/injector/instance-loader.js:55:9)
      at ../node_modules/.pnpm/@nestjs+core@11.1.12_@nestjs+common@11.1.12_class-transformer@0.5.1_class-validator@0.1_081de5c6d0755692e9d6b4445753904b/node_modules/@nestjs/core/injector/instance-loader.js:40:13
          at async Promise.all (index 1)
      at TestingInstanceLoader.createInstances (../node_modules/.pnpm/@nestjs+core@11.1.12_@nestjs+common@11.1.12_class-transformer@0.5.1_class-validator@0.1_081de5c6d0755692e9d6b4445753904b/node_modules/@nestjs/core/injector/instance-loader.js:39:9)
      at TestingInstanceLoader.createInstancesOfDependencies (../node_modules/.pnpm/@nestjs+core@11.1.12_@nestjs+common@11.1.12_class-transformer@0.5.1_class-validator@0.1_081de5c6d0755692e9d6b4445753904b/node_modules/@nestjs/core/injector/instance-loader.js:22:13)
      at TestingInstanceLoader.createInstancesOfDependencies (../node_modules/.pnpm/@nestjs+testing@11.1.12_@nestjs+common@11.1.12_class-transformer@0.5.1_class-validator@_f8f5f7c9bf5f0ea617b1141b11ac9012/node_modules/@nestjs/testing/testing-instance-loader.js:9:9)
      at TestingModuleBuilder.createInstancesOfDependencies (../node_modules/.pnpm/@nestjs+testing@11.1.12_@nestjs+common@11.1.12_class-transformer@0.5.1_class-validator@_f8f5f7c9bf5f0ea617b1141b11ac9012/node_modules/@nestjs/testing/testing-module.builder.js:118:9)
      at TestingModuleBuilder.compile (../node_modules/.pnpm/@nestjs+testing@11.1.12_@nestjs+common@11.1.12_class-transformer@0.5.1_class-validator@_f8f5f7c9bf5f0ea617b1141b11ac9012/node_modules/@nestjs/testing/testing-module.builder.js:74:9)
      at Object.<anonymous> (modules/auth/oauth/__tests__/oauth2.integration.spec.ts:175:35)

FAIL modules/payments/__tests__/utility-bill-integration.spec.ts (19.405 s)
  ● Utility Bill Integration Tests › Bill Submission and Validation › should successfully submit a utility bill

    Nest can't resolve dependencies of the PaymentGatewayService (RetryService, CircuitBreakerService, ?). Please make sure that the argument CertificatePinningService at index [2] is available in the RootTestModule context.

    Potential solutions:
    - Is RootTestModule a valid NestJS module?
    - If CertificatePinningService is a provider, is it part of the current RootTestModule?
    - If CertificatePinningService is exported from a separate @Module, is that module imported within RootTestModule?
      @Module({
        imports: [ /* the Module containing CertificatePinningService */ ]
      })

    For more common dependency resolution issues, see: https://docs.nestjs.com/faq/common-errors

      56 |
      57 |   beforeAll(async () => {
    > 58 |     module = await Test.createTestingModule({
         |              ^
      59 |       imports: [
      60 |         ConfigModule.forRoot({
      61 |           isGlobal: true,

      at TestingInjector.lookupComponentInParentModules (../node_modules/.pnpm/@nestjs+core@11.1.12_@nestjs+common@11.1.12_class-transformer@0.5.1_class-validator@0.1_081de5c6d0755692e9d6b4445753904b/node_modules/@nestjs/core/injector/injector.js:290:19)
      at TestingInjector.resolveComponentWrapper (../node_modules/.pnpm/@nestjs+testing@11.1.12_@nestjs+common@11.1.12_class-transformer@0.5.1_class-validator@_f8f5f7c9bf5f0ea617b1141b11ac9012/node_modules/@nestjs/testing/testing-injector.js:19:45)
      at resolveParam (../node_modules/.pnpm/@nestjs+core@11.1.12_@nestjs+common@11.1.12_class-transformer@0.5.1_class-validator@0.1_081de5c6d0755692e9d6b4445753904b/node_modules/@nestjs/core/injector/injector.js:140:38)
          at async Promise.all (index 2)
      at TestingInjector.resolveConstructorParams (../node_modules/.pnpm/@nestjs+core@11.1.12_@nestjs+common@11.1.12_class-transformer@0.5.1_class-validator@0.1_081de5c6d0755692e9d6b4445753904b/node_modules/@nestjs/core/injector/injector.js:169:27)
      at TestingInjector.loadInstance (../node_modules/.pnpm/@nestjs+core@11.1.12_@nestjs+common@11.1.12_class-transformer@0.5.1_class-validator@0.1_081de5c6d0755692e9d6b4445753904b/node_modules/@nestjs/core/injector/injector.js:75:13)
      at TestingInjector.loadProvider (../node_modules/.pnpm/@nestjs+core@11.1.12_@nestjs+common@11.1.12_class-transformer@0.5.1_class-validator@0.1_081de5c6d0755692e9d6b4445753904b/node_modules/@nestjs/core/injector/injector.js:103:9)
      at ../node_modules/.pnpm/@nestjs+core@11.1.12_@nestjs+common@11.1.12_class-transformer@0.5.1_class-validator@0.1_081de5c6d0755692e9d6b4445753904b/node_modules/@nestjs/core/injector/instance-loader.js:56:13
          at async Promise.all (index 5)
      at TestingInstanceLoader.createInstancesOfProviders (../node_modules/.pnpm/@nestjs+core@11.1.12_@nestjs+common@11.1.12_class-transformer@0.5.1_class-validator@0.1_081de5c6d0755692e9d6b4445753904b/node_modules/@nestjs/core/injector/instance-loader.js:55:9)
      at ../node_modules/.pnpm/@nestjs+core@11.1.12_@nestjs+common@11.1.12_class-transformer@0.5.1_class-validator@0.1_081de5c6d0755692e9d6b4445753904b/node_modules/@nestjs/core/injector/instance-loader.js:40:13
          at async Promise.all (index 1)
      at TestingInstanceLoader.createInstances (../node_modules/.pnpm/@nestjs+core@11.1.12_@nestjs+common@11.1.12_class-transformer@0.5.1_class-validator@0.1_081de5c6d0755692e9d6b4445753904b/node_modules/@nestjs/core/injector/instance-loader.js:39:9)
      at TestingInstanceLoader.createInstancesOfDependencies (../node_modules/.pnpm/@nestjs+core@11.1.12_@nestjs+common@11.1.12_class-transformer@0.5.1_class-validator@0.1_081de5c6d0755692e9d6b4445753904b/node_modules/@nestjs/core/injector/instance-loader.js:22:13)
      at TestingInstanceLoader.createInstancesOfDependencies (../node_modules/.pnpm/@nestjs+testing@11.1.12_@nestjs+common@11.1.12_class-transformer@0.5.1_class-validator@_f8f5f7c9bf5f0ea617b1141b11ac9012/node_modules/@nestjs/testing/testing-instance-loader.js:9:9)
      at TestingModuleBuilder.createInstancesOfDependencies (../node_modules/.pnpm/@nestjs+testing@11.1.12_@nestjs+common@11.1.12_class-transformer@0.5.1_class-validator@_f8f5f7c9bf5f0ea617b1141b11ac9012/node_modules/@nestjs/testing/testing-module.builder.js:118:9)
      at TestingModuleBuilder.compile (../node_modules/.pnpm/@nestjs+testing@11.1.12_@nestjs+common@11.1.12_class-transformer@0.5.1_class-validator@_f8f5f7c9bf5f0ea617b1141b11ac9012/node_modules/@nestjs/testing/testing-module.builder.js:74:9)
      at Object.<anonymous> (modules/payments/__tests__/utility-bill-integration.spec.ts:58:14)

  ● Utility Bill Integration Tests › Bill Submission and Validation › should validate bill amount (negative amount)

    Nest can't resolve dependencies of the PaymentGatewayService (RetryService, CircuitBreakerService, ?). Please make sure that the argument CertificatePinningService at index [2] is available in the RootTestModule context.

    Potential solutions:
    - Is RootTestModule a valid NestJS module?
    - If CertificatePinningService is a provider, is it part of the current RootTestModule?
    - If CertificatePinningService is exported from a separate @Module, is that module imported within RootTestModule?
      @Module({
        imports: [ /* the Module containing CertificatePinningService */ ]
      })

    For more common dependency resolution issues, see: https://docs.nestjs.com/faq/common-errors

      56 |
      57 |   beforeAll(async () => {
    > 58 |     module = await Test.createTestingModule({
         |              ^
      59 |       imports: [
      60 |         ConfigModule.forRoot({
      61 |           isGlobal: true,

      at TestingInjector.lookupComponentInParentModules (../node_modules/.pnpm/@nestjs+core@11.1.12_@nestjs+common@11.1.12_class-transformer@0.5.1_class-validator@0.1_081de5c6d0755692e9d6b4445753904b/node_modules/@nestjs/core/injector/injector.js:290:19)
      at TestingInjector.resolveComponentWrapper (../node_modules/.pnpm/@nestjs+testing@11.1.12_@nestjs+common@11.1.12_class-transformer@0.5.1_class-validator@_f8f5f7c9bf5f0ea617b1141b11ac9012/node_modules/@nestjs/testing/testing-injector.js:19:45)
      at resolveParam (../node_modules/.pnpm/@nestjs+core@11.1.12_@nestjs+common@11.1.12_class-transformer@0.5.1_class-validator@0.1_081de5c6d0755692e9d6b4445753904b/node_modules/@nestjs/core/injector/injector.js:140:38)
          at async Promise.all (index 2)
      at TestingInjector.resolveConstructorParams (../node_modules/.pnpm/@nestjs+core@11.1.12_@nestjs+common@11.1.12_class-transformer@0.5.1_class-validator@0.1_081de5c6d0755692e9d6b4445753904b/node_modules/@nestjs/core/injector/injector.js:169:27)
      at TestingInjector.loadInstance (../node_modules/.pnpm/@nestjs+core@11.1.12_@nestjs+common@11.1.12_class-transformer@0.5.1_class-validator@0.1_081de5c6d0755692e9d6b4445753904b/node_modules/@nestjs/core/injector/injector.js:75:13)
      at TestingInjector.loadProvider (../node_modules/.pnpm/@nestjs+core@11.1.12_@nestjs+common@11.1.12_class-transformer@0.5.1_class-validator@0.1_081de5c6d0755692e9d6b4445753904b/node_modules/@nestjs/core/injector/injector.js:103:9)
      at ../node_modules/.pnpm/@nestjs+core@11.1.12_@nestjs+common@11.1.12_class-transformer@0.5.1_class-validator@0.1_081de5c6d0755692e9d6b4445753904b/node_modules/@nestjs/core/injector/instance-loader.js:56:13
          at async Promise.all (index 5)
      at TestingInstanceLoader.createInstancesOfProviders (../node_modules/.pnpm/@nestjs+core@11.1.12_@nestjs+common@11.1.12_class-transformer@0.5.1_class-validator@0.1_081de5c6d0755692e9d6b4445753904b/node_modules/@nestjs/core/injector/instance-loader.js:55:9)
      at ../node_modules/.pnpm/@nestjs+core@11.1.12_@nestjs+common@11.1.12_class-transformer@0.5.1_class-validator@0.1_081de5c6d0755692e9d6b4445753904b/node_modules/@nestjs/core/injector/instance-loader.js:40:13
          at async Promise.all (index 1)
      at TestingInstanceLoader.createInstances (../node_modules/.pnpm/@nestjs+core@11.1.12_@nestjs+common@11.1.12_class-transformer@0.5.1_class-validator@0.1_081de5c6d0755692e9d6b4445753904b/node_modules/@nestjs/core/injector/instance-loader.js:39:9)
      at TestingInstanceLoader.createInstancesOfDependencies (../node_modules/.pnpm/@nestjs+core@11.1.12_@nestjs+common@11.1.12_class-transformer@0.5.1_class-validator@0.1_081de5c6d0755692e9d6b4445753904b/node_modules/@nestjs/core/injector/instance-loader.js:22:13)
      at TestingInstanceLoader.createInstancesOfDependencies (../node_modules/.pnpm/@nestjs+testing@11.1.12_@nestjs+common@11.1.12_class-transformer@0.5.1_class-validator@_f8f5f7c9bf5f0ea617b1141b11ac9012/node_modules/@nestjs/testing/testing-instance-loader.js:9:9)
      at TestingModuleBuilder.createInstancesOfDependencies (../node_modules/.pnpm/@nestjs+testing@11.1.12_@nestjs+common@11.1.12_class-transformer@0.5.1_class-validator@_f8f5f7c9bf5f0ea617b1141b11ac9012/node_modules/@nestjs/testing/testing-module.builder.js:118:9)
      at TestingModuleBuilder.compile (../node_modules/.pnpm/@nestjs+testing@11.1.12_@nestjs+common@11.1.12_class-transformer@0.5.1_class-validator@_f8f5f7c9bf5f0ea617b1141b11ac9012/node_modules/@nestjs/testing/testing-module.builder.js:74:9)
      at Object.<anonymous> (modules/payments/__tests__/utility-bill-integration.spec.ts:58:14)

  ● Utility Bill Integration Tests › Bill Submission and Validation › should validate bill amount (zero amount)

    Nest can't resolve dependencies of the PaymentGatewayService (RetryService, CircuitBreakerService, ?). Please make sure that the argument CertificatePinningService at index [2] is available in the RootTestModule context.

    Potential solutions:
    - Is RootTestModule a valid NestJS module?
    - If CertificatePinningService is a provider, is it part of the current RootTestModule?
    - If CertificatePinningService is exported from a separate @Module, is that module imported within RootTestModule?
      @Module({
        imports: [ /* the Module containing CertificatePinningService */ ]
      })

    For more common dependency resolution issues, see: https://docs.nestjs.com/faq/common-errors

      56 |
      57 |   beforeAll(async () => {
    > 58 |     module = await Test.createTestingModule({
         |              ^
      59 |       imports: [
      60 |         ConfigModule.forRoot({
      61 |           isGlobal: true,

      at TestingInjector.lookupComponentInParentModules (../node_modules/.pnpm/@nestjs+core@11.1.12_@nestjs+common@11.1.12_class-transformer@0.5.1_class-validator@0.1_081de5c6d0755692e9d6b4445753904b/node_modules/@nestjs/core/injector/injector.js:290:19)
      at TestingInjector.resolveComponentWrapper (../node_modules/.pnpm/@nestjs+testing@11.1.12_@nestjs+common@11.1.12_class-transformer@0.5.1_class-validator@_f8f5f7c9bf5f0ea617b1141b11ac9012/node_modules/@nestjs/testing/testing-injector.js:19:45)
      at resolveParam (../node_modules/.pnpm/@nestjs+core@11.1.12_@nestjs+common@11.1.12_class-transformer@0.5.1_class-validator@0.1_081de5c6d0755692e9d6b4445753904b/node_modules/@nestjs/core/injector/injector.js:140:38)
          at async Promise.all (index 2)
      at TestingInjector.resolveConstructorParams (../node_modules/.pnpm/@nestjs+core@11.1.12_@nestjs+common@11.1.12_class-transformer@0.5.1_class-validator@0.1_081de5c6d0755692e9d6b4445753904b/node_modules/@nestjs/core/injector/injector.js:169:27)
      at TestingInjector.loadInstance (../node_modules/.pnpm/@nestjs+core@11.1.12_@nestjs+common@11.1.12_class-transformer@0.5.1_class-validator@0.1_081de5c6d0755692e9d6b4445753904b/node_modules/@nestjs/core/injector/injector.js:75:13)
      at TestingInjector.loadProvider (../node_modules/.pnpm/@nestjs+core@11.1.12_@nestjs+common@11.1.12_class-transformer@0.5.1_class-validator@0.1_081de5c6d0755692e9d6b4445753904b/node_modules/@nestjs/core/injector/injector.js:103:9)
      at ../node_modules/.pnpm/@nestjs+core@11.1.12_@nestjs+common@11.1.12_class-transformer@0.5.1_class-validator@0.1_081de5c6d0755692e9d6b4445753904b/node_modules/@nestjs/core/injector/instance-loader.js:56:13
          at async Promise.all (index 5)
      at TestingInstanceLoader.createInstancesOfProviders (../node_modules/.pnpm/@nestjs+core@11.1.12_@nestjs+common@11.1.12_class-transformer@0.5.1_class-validator@0.1_081de5c6d0755692e9d6b4445753904b/node_modules/@nestjs/core/injector/instance-loader.js:55:9)
      at ../node_modules/.pnpm/@nestjs+core@11.1.12_@nestjs+common@11.1.12_class-transformer@0.5.1_class-validator@0.1_081de5c6d0755692e9d6b4445753904b/node_modules/@nestjs/core/injector/instance-loader.js:40:13
          at async Promise.all (index 1)
      at TestingInstanceLoader.createInstances (../node_modules/.pnpm/@nestjs+core@11.1.12_@nestjs+common@11.1.12_class-transformer@0.5.1_class-validator@0.1_081de5c6d0755692e9d6b4445753904b/node_modules/@nestjs/core/injector/instance-loader.js:39:9)
      at TestingInstanceLoader.createInstancesOfDependencies (../node_modules/.pnpm/@nestjs+core@11.1.12_@nestjs+common@11.1.12_class-transformer@0.5.1_class-validator@0.1_081de5c6d0755692e9d6b4445753904b/node_modules/@nestjs/core/injector/instance-loader.js:22:13)
      at TestingInstanceLoader.createInstancesOfDependencies (../node_modules/.pnpm/@nestjs+testing@11.1.12_@nestjs+common@11.1.12_class-transformer@0.5.1_class-validator@_f8f5f7c9bf5f0ea617b1141b11ac9012/node_modules/@nestjs/testing/testing-instance-loader.js:9:9)
      at TestingModuleBuilder.createInstancesOfDependencies (../node_modules/.pnpm/@nestjs+testing@11.1.12_@nestjs+common@11.1.12_class-transformer@0.5.1_class-validator@_f8f5f7c9bf5f0ea617b1141b11ac9012/node_modules/@nestjs/testing/testing-module.builder.js:118:9)
      at TestingModuleBuilder.compile (../node_modules/.pnpm/@nestjs+testing@11.1.12_@nestjs+common@11.1.12_class-transformer@0.5.1_class-validator@_f8f5f7c9bf5f0ea617b1141b11ac9012/node_modules/@nestjs/testing/testing-module.builder.js:74:9)
      at Object.<anonymous> (modules/payments/__tests__/utility-bill-integration.spec.ts:58:14)

  ● Utility Bill Integration Tests › Bill Submission and Validation › should reject bill with non-existent payment method

    Nest can't resolve dependencies of the PaymentGatewayService (RetryService, CircuitBreakerService, ?). Please make sure that the argument CertificatePinningService at index [2] is available in the RootTestModule context.

    Potential solutions:
    - Is RootTestModule a valid NestJS module?
    - If CertificatePinningService is a provider, is it part of the current RootTestModule?
    - If CertificatePinningService is exported from a separate @Module, is that module imported within RootTestModule?
      @Module({
        imports: [ /* the Module containing CertificatePinningService */ ]
      })

    For more common dependency resolution issues, see: https://docs.nestjs.com/faq/common-errors

      56 |
      57 |   beforeAll(async () => {
    > 58 |     module = await Test.createTestingModule({
         |              ^
      59 |       imports: [
      60 |         ConfigModule.forRoot({
      61 |           isGlobal: true,

      at TestingInjector.lookupComponentInParentModules (../node_modules/.pnpm/@nestjs+core@11.1.12_@nestjs+common@11.1.12_class-transformer@0.5.1_class-validator@0.1_081de5c6d0755692e9d6b4445753904b/node_modules/@nestjs/core/injector/injector.js:290:19)
      at TestingInjector.resolveComponentWrapper (../node_modules/.pnpm/@nestjs+testing@11.1.12_@nestjs+common@11.1.12_class-transformer@0.5.1_class-validator@_f8f5f7c9bf5f0ea617b1141b11ac9012/node_modules/@nestjs/testing/testing-injector.js:19:45)
      at resolveParam (../node_modules/.pnpm/@nestjs+core@11.1.12_@nestjs+common@11.1.12_class-transformer@0.5.1_class-validator@0.1_081de5c6d0755692e9d6b4445753904b/node_modules/@nestjs/core/injector/injector.js:140:38)
          at async Promise.all (index 2)
      at TestingInjector.resolveConstructorParams (../node_modules/.pnpm/@nestjs+core@11.1.12_@nestjs+common@11.1.12_class-transformer@0.5.1_class-validator@0.1_081de5c6d0755692e9d6b4445753904b/node_modules/@nestjs/core/injector/injector.js:169:27)
      at TestingInjector.loadInstance (../node_modules/.pnpm/@nestjs+core@11.1.12_@nestjs+common@11.1.12_class-transformer@0.5.1_class-validator@0.1_081de5c6d0755692e9d6b4445753904b/node_modules/@nestjs/core/injector/injector.js:75:13)
      at TestingInjector.loadProvider (../node_modules/.pnpm/@nestjs+core@11.1.12_@nestjs+common@11.1.12_class-transformer@0.5.1_class-validator@0.1_081de5c6d0755692e9d6b4445753904b/node_modules/@nestjs/core/injector/injector.js:103:9)
      at ../node_modules/.pnpm/@nestjs+core@11.1.12_@nestjs+common@11.1.12_class-transformer@0.5.1_class-validator@0.1_081de5c6d0755692e9d6b4445753904b/node_modules/@nestjs/core/injector/instance-loader.js:56:13
          at async Promise.all (index 5)
      at TestingInstanceLoader.createInstancesOfProviders (../node_modules/.pnpm/@nestjs+core@11.1.12_@nestjs+common@11.1.12_class-transformer@0.5.1_class-validator@0.1_081de5c6d0755692e9d6b4445753904b/node_modules/@nestjs/core/injector/instance-loader.js:55:9)
      at ../node_modules/.pnpm/@nestjs+core@11.1.12_@nestjs+common@11.1.12_class-transformer@0.5.1_class-validator@0.1_081de5c6d0755692e9d6b4445753904b/node_modules/@nestjs/core/injector/instance-loader.js:40:13
          at async Promise.all (index 1)
      at TestingInstanceLoader.createInstances (../node_modules/.pnpm/@nestjs+core@11.1.12_@nestjs+common@11.1.12_class-transformer@0.5.1_class-validator@0.1_081de5c6d0755692e9d6b4445753904b/node_modules/@nestjs/core/injector/instance-loader.js:39:9)
      at TestingInstanceLoader.createInstancesOfDependencies (../node_modules/.pnpm/@nestjs+core@11.1.12_@nestjs+common@11.1.12_class-transformer@0.5.1_class-validator@0.1_081de5c6d0755692e9d6b4445753904b/node_modules/@nestjs/core/injector/instance-loader.js:22:13)
      at TestingInstanceLoader.createInstancesOfDependencies (../node_modules/.pnpm/@nestjs+testing@11.1.12_@nestjs+common@11.1.12_class-transformer@0.5.1_class-validator@_f8f5f7c9bf5f0ea617b1141b11ac9012/node_modules/@nestjs/testing/testing-instance-loader.js:9:9)
      at TestingModuleBuilder.createInstancesOfDependencies (../node_modules/.pnpm/@nestjs+testing@11.1.12_@nestjs+common@11.1.12_class-transformer@0.5.1_class-validator@_f8f5f7c9bf5f0ea617b1141b11ac9012/node_modules/@nestjs/testing/testing-module.builder.js:118:9)
      at TestingModuleBuilder.compile (../node_modules/.pnpm/@nestjs+testing@11.1.12_@nestjs+common@11.1.12_class-transformer@0.5.1_class-validator@_f8f5f7c9bf5f0ea617b1141b11ac9012/node_modules/@nestjs/testing/testing-module.builder.js:74:9)
      at Object.<anonymous> (modules/payments/__tests__/utility-bill-integration.spec.ts:58:14)

  ● Utility Bill Integration Tests › Bill Submission and Validation › should reject bill for unauthorized user

    Nest can't resolve dependencies of the PaymentGatewayService (RetryService, CircuitBreakerService, ?). Please make sure that the argument CertificatePinningService at index [2] is available in the RootTestModule context.

    Potential solutions:
    - Is RootTestModule a valid NestJS module?
    - If CertificatePinningService is a provider, is it part of the current RootTestModule?
    - If CertificatePinningService is exported from a separate @Module, is that module imported within RootTestModule?
      @Module({
        imports: [ /* the Module containing CertificatePinningService */ ]
      })

    For more common dependency resolution issues, see: https://docs.nestjs.com/faq/common-errors

      56 |
      57 |   beforeAll(async () => {
    > 58 |     module = await Test.createTestingModule({
         |              ^
      59 |       imports: [
      60 |         ConfigModule.forRoot({
      61 |           isGlobal: true,

      at TestingInjector.lookupComponentInParentModules (../node_modules/.pnpm/@nestjs+core@11.1.12_@nestjs+common@11.1.12_class-transformer@0.5.1_class-validator@0.1_081de5c6d0755692e9d6b4445753904b/node_modules/@nestjs/core/injector/injector.js:290:19)
      at TestingInjector.resolveComponentWrapper (../node_modules/.pnpm/@nestjs+testing@11.1.12_@nestjs+common@11.1.12_class-transformer@0.5.1_class-validator@_f8f5f7c9bf5f0ea617b1141b11ac9012/node_modules/@nestjs/testing/testing-injector.js:19:45)
      at resolveParam (../node_modules/.pnpm/@nestjs+core@11.1.12_@nestjs+common@11.1.12_class-transformer@0.5.1_class-validator@0.1_081de5c6d0755692e9d6b4445753904b/node_modules/@nestjs/core/injector/injector.js:140:38)
          at async Promise.all (index 2)
      at TestingInjector.resolveConstructorParams (../node_modules/.pnpm/@nestjs+core@11.1.12_@nestjs+common@11.1.12_class-transformer@0.5.1_class-validator@0.1_081de5c6d0755692e9d6b4445753904b/node_modules/@nestjs/core/injector/injector.js:169:27)
      at TestingInjector.loadInstance (../node_modules/.pnpm/@nestjs+core@11.1.12_@nestjs+common@11.1.12_class-transformer@0.5.1_class-validator@0.1_081de5c6d0755692e9d6b4445753904b/node_modules/@nestjs/core/injector/injector.js:75:13)
      at TestingInjector.loadProvider (../node_modules/.pnpm/@nestjs+core@11.1.12_@nestjs+common@11.1.12_class-transformer@0.5.1_class-validator@0.1_081de5c6d0755692e9d6b4445753904b/node_modules/@nestjs/core/injector/injector.js:103:9)
      at ../node_modules/.pnpm/@nestjs+core@11.1.12_@nestjs+common@11.1.12_class-transformer@0.5.1_class-validator@0.1_081de5c6d0755692e9d6b4445753904b/node_modules/@nestjs/core/injector/instance-loader.js:56:13
          at async Promise.all (index 5)
      at TestingInstanceLoader.createInstancesOfProviders (../node_modules/.pnpm/@nestjs+core@11.1.12_@nestjs+common@11.1.12_class-transformer@0.5.1_class-validator@0.1_081de5c6d0755692e9d6b4445753904b/node_modules/@nestjs/core/injector/instance-loader.js:55:9)
      at ../node_modules/.pnpm/@nestjs+core@11.1.12_@nestjs+common@11.1.12_class-transformer@0.5.1_class-validator@0.1_081de5c6d0755692e9d6b4445753904b/node_modules/@nestjs/core/injector/instance-loader.js:40:13
          at async Promise.all (index 1)
      at TestingInstanceLoader.createInstances (../node_modules/.pnpm/@nestjs+core@11.1.12_@nestjs+common@11.1.12_class-transformer@0.5.1_class-validator@0.1_081de5c6d0755692e9d6b4445753904b/node_modules/@nestjs/core/injector/instance-loader.js:39:9)
      at TestingInstanceLoader.createInstancesOfDependencies (../node_modules/.pnpm/@nestjs+core@11.1.12_@nestjs+common@11.1.12_class-transformer@0.5.1_class-validator@0.1_081de5c6d0755692e9d6b4445753904b/node_modules/@nestjs/core/injector/instance-loader.js:22:13)
      at TestingInstanceLoader.createInstancesOfDependencies (../node_modules/.pnpm/@nestjs+testing@11.1.12_@nestjs+common@11.1.12_class-transformer@0.5.1_class-validator@_f8f5f7c9bf5f0ea617b1141b11ac9012/node_modules/@nestjs/testing/testing-instance-loader.js:9:9)
      at TestingModuleBuilder.createInstancesOfDependencies (../node_modules/.pnpm/@nestjs+testing@11.1.12_@nestjs+common@11.1.12_class-transformer@0.5.1_class-validator@_f8f5f7c9bf5f0ea617b1141b11ac9012/node_modules/@nestjs/testing/testing-module.builder.js:118:9)
      at TestingModuleBuilder.compile (../node_modules/.pnpm/@nestjs+testing@11.1.12_@nestjs+common@11.1.12_class-transformer@0.5.1_class-validator@_f8f5f7c9bf5f0ea617b1141b11ac9012/node_modules/@nestjs/testing/testing-module.builder.js:74:9)
      at Object.<anonymous> (modules/payments/__tests__/utility-bill-integration.spec.ts:58:14)

  ● Utility Bill Integration Tests › Bill Submission and Validation › should handle bill with different utility types via notes

    Nest can't resolve dependencies of the PaymentGatewayService (RetryService, CircuitBreakerService, ?). Please make sure that the argument CertificatePinningService at index [2] is available in the RootTestModule context.

    Potential solutions:
    - Is RootTestModule a valid NestJS module?
    - If CertificatePinningService is a provider, is it part of the current RootTestModule?
    - If CertificatePinningService is exported from a separate @Module, is that module imported within RootTestModule?
      @Module({
        imports: [ /* the Module containing CertificatePinningService */ ]
      })

    For more common dependency resolution issues, see: https://docs.nestjs.com/faq/common-errors

      56 |
      57 |   beforeAll(async () => {
    > 58 |     module = await Test.createTestingModule({
         |              ^
      59 |       imports: [
      60 |         ConfigModule.forRoot({
      61 |           isGlobal: true,

      at TestingInjector.lookupComponentInParentModules (../node_modules/.pnpm/@nestjs+core@11.1.12_@nestjs+common@11.1.12_class-transformer@0.5.1_class-validator@0.1_081de5c6d0755692e9d6b4445753904b/node_modules/@nestjs/core/injector/injector.js:290:19)
      at TestingInjector.resolveComponentWrapper (../node_modules/.pnpm/@nestjs+testing@11.1.12_@nestjs+common@11.1.12_class-transformer@0.5.1_class-validator@_f8f5f7c9bf5f0ea617b1141b11ac9012/node_modules/@nestjs/testing/testing-injector.js:19:45)
      at resolveParam (../node_modules/.pnpm/@nestjs+core@11.1.12_@nestjs+common@11.1.12_class-transformer@0.5.1_class-validator@0.1_081de5c6d0755692e9d6b4445753904b/node_modules/@nestjs/core/injector/injector.js:140:38)
          at async Promise.all (index 2)
      at TestingInjector.resolveConstructorParams (../node_modules/.pnpm/@nestjs+core@11.1.12_@nestjs+common@11.1.12_class-transformer@0.5.1_class-validator@0.1_081de5c6d0755692e9d6b4445753904b/node_modules/@nestjs/core/injector/injector.js:169:27)
      at TestingInjector.loadInstance (../node_modules/.pnpm/@nestjs+core@11.1.12_@nestjs+common@11.1.12_class-transformer@0.5.1_class-validator@0.1_081de5c6d0755692e9d6b4445753904b/node_modules/@nestjs/core/injector/injector.js:75:13)
      at TestingInjector.loadProvider (../node_modules/.pnpm/@nestjs+core@11.1.12_@nestjs+common@11.1.12_class-transformer@0.5.1_class-validator@0.1_081de5c6d0755692e9d6b4445753904b/node_modules/@nestjs/core/injector/injector.js:103:9)
      at ../node_modules/.pnpm/@nestjs+core@11.1.12_@nestjs+common@11.1.12_class-transformer@0.5.1_class-validator@0.1_081de5c6d0755692e9d6b4445753904b/node_modules/@nestjs/core/injector/instance-loader.js:56:13
          at async Promise.all (index 5)
      at TestingInstanceLoader.createInstancesOfProviders (../node_modules/.pnpm/@nestjs+core@11.1.12_@nestjs+common@11.1.12_class-transformer@0.5.1_class-validator@0.1_081de5c6d0755692e9d6b4445753904b/node_modules/@nestjs/core/injector/instance-loader.js:55:9)
      at ../node_modules/.pnpm/@nestjs+core@11.1.12_@nestjs+common@11.1.12_class-transformer@0.5.1_class-validator@0.1_081de5c6d0755692e9d6b4445753904b/node_modules/@nestjs/core/injector/instance-loader.js:40:13
          at async Promise.all (index 1)
      at TestingInstanceLoader.createInstances (../node_modules/.pnpm/@nestjs+core@11.1.12_@nestjs+common@11.1.12_class-transformer@0.5.1_class-validator@0.1_081de5c6d0755692e9d6b4445753904b/node_modules/@nestjs/core/injector/instance-loader.js:39:9)
      at TestingInstanceLoader.createInstancesOfDependencies (../node_modules/.pnpm/@nestjs+core@11.1.12_@nestjs+common@11.1.12_class-transformer@0.5.1_class-validator@0.1_081de5c6d0755692e9d6b4445753904b/node_modules/@nestjs/core/injector/instance-loader.js:22:13)
      at TestingInstanceLoader.createInstancesOfDependencies (../node_modules/.pnpm/@nestjs+testing@11.1.12_@nestjs+common@11.1.12_class-transformer@0.5.1_class-validator@_f8f5f7c9bf5f0ea617b1141b11ac9012/node_modules/@nestjs/testing/testing-instance-loader.js:9:9)
      at TestingModuleBuilder.createInstancesOfDependencies (../node_modules/.pnpm/@nestjs+testing@11.1.12_@nestjs+common@11.1.12_class-transformer@0.5.1_class-validator@_f8f5f7c9bf5f0ea617b1141b11ac9012/node_modules/@nestjs/testing/testing-module.builder.js:118:9)
      at TestingModuleBuilder.compile (../node_modules/.pnpm/@nestjs+testing@11.1.12_@nestjs+common@11.1.12_class-transformer@0.5.1_class-validator@_f8f5f7c9bf5f0ea617b1141b11ac9012/node_modules/@nestjs/testing/testing-module.builder.js:74:9)
      at Object.<anonymous> (modules/payments/__tests__/utility-bill-integration.spec.ts:58:14)

  ● Utility Bill Integration Tests › Bill Storage and Retrieval › should store bill with all required fields

    Nest can't resolve dependencies of the PaymentGatewayService (RetryService, CircuitBreakerService, ?). Please make sure that the argument CertificatePinningService at index [2] is available in the RootTestModule context.

    Potential solutions:
    - Is RootTestModule a valid NestJS module?
    - If CertificatePinningService is a provider, is it part of the current RootTestModule?
    - If CertificatePinningService is exported from a separate @Module, is that module imported within RootTestModule?
      @Module({
        imports: [ /* the Module containing CertificatePinningService */ ]
      })

    For more common dependency resolution issues, see: https://docs.nestjs.com/faq/common-errors

      56 |
      57 |   beforeAll(async () => {
    > 58 |     module = await Test.createTestingModule({
         |              ^
      59 |       imports: [
      60 |         ConfigModule.forRoot({
      61 |           isGlobal: true,

      at TestingInjector.lookupComponentInParentModules (../node_modules/.pnpm/@nestjs+core@11.1.12_@nestjs+common@11.1.12_class-transformer@0.5.1_class-validator@0.1_081de5c6d0755692e9d6b4445753904b/node_modules/@nestjs/core/injector/injector.js:290:19)
      at TestingInjector.resolveComponentWrapper (../node_modules/.pnpm/@nestjs+testing@11.1.12_@nestjs+common@11.1.12_class-transformer@0.5.1_class-validator@_f8f5f7c9bf5f0ea617b1141b11ac9012/node_modules/@nestjs/testing/testing-injector.js:19:45)
      at resolveParam (../node_modules/.pnpm/@nestjs+core@11.1.12_@nestjs+common@11.1.12_class-transformer@0.5.1_class-validator@0.1_081de5c6d0755692e9d6b4445753904b/node_modules/@nestjs/core/injector/injector.js:140:38)
          at async Promise.all (index 2)
      at TestingInjector.resolveConstructorParams (../node_modules/.pnpm/@nestjs+core@11.1.12_@nestjs+common@11.1.12_class-transformer@0.5.1_class-validator@0.1_081de5c6d0755692e9d6b4445753904b/node_modules/@nestjs/core/injector/injector.js:169:27)
      at TestingInjector.loadInstance (../node_modules/.pnpm/@nestjs+core@11.1.12_@nestjs+common@11.1.12_class-transformer@0.5.1_class-validator@0.1_081de5c6d0755692e9d6b4445753904b/node_modules/@nestjs/core/injector/injector.js:75:13)
      at TestingInjector.loadProvider (../node_modules/.pnpm/@nestjs+core@11.1.12_@nestjs+common@11.1.12_class-transformer@0.5.1_class-validator@0.1_081de5c6d0755692e9d6b4445753904b/node_modules/@nestjs/core/injector/injector.js:103:9)
      at ../node_modules/.pnpm/@nestjs+core@11.1.12_@nestjs+common@11.1.12_class-transformer@0.5.1_class-validator@0.1_081de5c6d0755692e9d6b4445753904b/node_modules/@nestjs/core/injector/instance-loader.js:56:13
          at async Promise.all (index 5)
      at TestingInstanceLoader.createInstancesOfProviders (../node_modules/.pnpm/@nestjs+core@11.1.12_@nestjs+common@11.1.12_class-transformer@0.5.1_class-validator@0.1_081de5c6d0755692e9d6b4445753904b/node_modules/@nestjs/core/injector/instance-loader.js:55:9)
      at ../node_modules/.pnpm/@nestjs+core@11.1.12_@nestjs+common@11.1.12_class-transformer@0.5.1_class-validator@0.1_081de5c6d0755692e9d6b4445753904b/node_modules/@nestjs/core/injector/instance-loader.js:40:13
          at async Promise.all (index 1)
      at TestingInstanceLoader.createInstances (../node_modules/.pnpm/@nestjs+core@11.1.12_@nestjs+common@11.1.12_class-transformer@0.5.1_class-validator@0.1_081de5c6d0755692e9d6b4445753904b/node_modules/@nestjs/core/injector/instance-loader.js:39:9)
      at TestingInstanceLoader.createInstancesOfDependencies (../node_modules/.pnpm/@nestjs+core@11.1.12_@nestjs+common@11.1.12_class-transformer@0.5.1_class-validator@0.1_081de5c6d0755692e9d6b4445753904b/node_modules/@nestjs/core/injector/instance-loader.js:22:13)
      at TestingInstanceLoader.createInstancesOfDependencies (../node_modules/.pnpm/@nestjs+testing@11.1.12_@nestjs+common@11.1.12_class-transformer@0.5.1_class-validator@_f8f5f7c9bf5f0ea617b1141b11ac9012/node_modules/@nestjs/testing/testing-instance-loader.js:9:9)
      at TestingModuleBuilder.createInstancesOfDependencies (../node_modules/.pnpm/@nestjs+testing@11.1.12_@nestjs+common@11.1.12_class-transformer@0.5.1_class-validator@_f8f5f7c9bf5f0ea617b1141b11ac9012/node_modules/@nestjs/testing/testing-module.builder.js:118:9)
      at TestingModuleBuilder.compile (../node_modules/.pnpm/@nestjs+testing@11.1.12_@nestjs+common@11.1.12_class-transformer@0.5.1_class-validator@_f8f5f7c9bf5f0ea617b1141b11ac9012/node_modules/@nestjs/testing/testing-module.builder.js:74:9)
      at Object.<anonymous> (modules/payments/__tests__/utility-bill-integration.spec.ts:58:14)

  ● Utility Bill Integration Tests › Bill Storage and Retrieval › should retrieve bill by ID

    Nest can't resolve dependencies of the PaymentGatewayService (RetryService, CircuitBreakerService, ?). Please make sure that the argument CertificatePinningService at index [2] is available in the RootTestModule context.

    Potential solutions:
    - Is RootTestModule a valid NestJS module?
    - If CertificatePinningService is a provider, is it part of the current RootTestModule?
    - If CertificatePinningService is exported from a separate @Module, is that module imported within RootTestModule?
      @Module({
        imports: [ /* the Module containing CertificatePinningService */ ]
      })

    For more common dependency resolution issues, see: https://docs.nestjs.com/faq/common-errors

      56 |
      57 |   beforeAll(async () => {
    > 58 |     module = await Test.createTestingModule({
         |              ^
      59 |       imports: [
      60 |         ConfigModule.forRoot({
      61 |           isGlobal: true,

      at TestingInjector.lookupComponentInParentModules (../node_modules/.pnpm/@nestjs+core@11.1.12_@nestjs+common@11.1.12_class-transformer@0.5.1_class-validator@0.1_081de5c6d0755692e9d6b4445753904b/node_modules/@nestjs/core/injector/injector.js:290:19)
      at TestingInjector.resolveComponentWrapper (../node_modules/.pnpm/@nestjs+testing@11.1.12_@nestjs+common@11.1.12_class-transformer@0.5.1_class-validator@_f8f5f7c9bf5f0ea617b1141b11ac9012/node_modules/@nestjs/testing/testing-injector.js:19:45)
      at resolveParam (../node_modules/.pnpm/@nestjs+core@11.1.12_@nestjs+common@11.1.12_class-transformer@0.5.1_class-validator@0.1_081de5c6d0755692e9d6b4445753904b/node_modules/@nestjs/core/injector/injector.js:140:38)
          at async Promise.all (index 2)
      at TestingInjector.resolveConstructorParams (../node_modules/.pnpm/@nestjs+core@11.1.12_@nestjs+common@11.1.12_class-transformer@0.5.1_class-validator@0.1_081de5c6d0755692e9d6b4445753904b/node_modules/@nestjs/core/injector/injector.js:169:27)
      at TestingInjector.loadInstance (../node_modules/.pnpm/@nestjs+core@11.1.12_@nestjs+common@11.1.12_class-transformer@0.5.1_class-validator@0.1_081de5c6d0755692e9d6b4445753904b/node_modules/@nestjs/core/injector/injector.js:75:13)
      at TestingInjector.loadProvider (../node_modules/.pnpm/@nestjs+core@11.1.12_@nestjs+common@11.1.12_class-transformer@0.5.1_class-validator@0.1_081de5c6d0755692e9d6b4445753904b/node_modules/@nestjs/core/injector/injector.js:103:9)
      at ../node_modules/.pnpm/@nestjs+core@11.1.12_@nestjs+common@11.1.12_class-transformer@0.5.1_class-validator@0.1_081de5c6d0755692e9d6b4445753904b/node_modules/@nestjs/core/injector/instance-loader.js:56:13
          at async Promise.all (index 5)
      at TestingInstanceLoader.createInstancesOfProviders (../node_modules/.pnpm/@nestjs+core@11.1.12_@nestjs+common@11.1.12_class-transformer@0.5.1_class-validator@0.1_081de5c6d0755692e9d6b4445753904b/node_modules/@nestjs/core/injector/instance-loader.js:55:9)
      at ../node_modules/.pnpm/@nestjs+core@11.1.12_@nestjs+common@11.1.12_class-transformer@0.5.1_class-validator@0.1_081de5c6d0755692e9d6b4445753904b/node_modules/@nestjs/core/injector/instance-loader.js:40:13
          at async Promise.all (index 1)
      at TestingInstanceLoader.createInstances (../node_modules/.pnpm/@nestjs+core@11.1.12_@nestjs+common@11.1.12_class-transformer@0.5.1_class-validator@0.1_081de5c6d0755692e9d6b4445753904b/node_modules/@nestjs/core/injector/instance-loader.js:39:9)
      at TestingInstanceLoader.createInstancesOfDependencies (../node_modules/.pnpm/@nestjs+core@11.1.12_@nestjs+common@11.1.12_class-transformer@0.5.1_class-validator@0.1_081de5c6d0755692e9d6b4445753904b/node_modules/@nestjs/core/injector/instance-loader.js:22:13)
      at TestingInstanceLoader.createInstancesOfDependencies (../node_modules/.pnpm/@nestjs+testing@11.1.12_@nestjs+common@11.1.12_class-transformer@0.5.1_class-validator@_f8f5f7c9bf5f0ea617b1141b11ac9012/node_modules/@nestjs/testing/testing-instance-loader.js:9:9)
      at TestingModuleBuilder.createInstancesOfDependencies (../node_modules/.pnpm/@nestjs+testing@11.1.12_@nestjs+common@11.1.12_class-transformer@0.5.1_class-validator@_f8f5f7c9bf5f0ea617b1141b11ac9012/node_modules/@nestjs/testing/testing-module.builder.js:118:9)
      at TestingModuleBuilder.compile (../node_modules/.pnpm/@nestjs+testing@11.1.12_@nestjs+common@11.1.12_class-transformer@0.5.1_class-validator@_f8f5f7c9bf5f0ea617b1141b11ac9012/node_modules/@nestjs/testing/testing-module.builder.js:74:9)
      at Object.<anonymous> (modules/payments/__tests__/utility-bill-integration.spec.ts:58:14)

  ● Utility Bill Integration Tests › Bill Storage and Retrieval › should return 404 for non-existent bill

    Nest can't resolve dependencies of the PaymentGatewayService (RetryService, CircuitBreakerService, ?). Please make sure that the argument CertificatePinningService at index [2] is available in the RootTestModule context.

    Potential solutions:
    - Is RootTestModule a valid NestJS module?
    - If CertificatePinningService is a provider, is it part of the current RootTestModule?
    - If CertificatePinningService is exported from a separate @Module, is that module imported within RootTestModule?
      @Module({
        imports: [ /* the Module containing CertificatePinningService */ ]
      })

    For more common dependency resolution issues, see: https://docs.nestjs.com/faq/common-errors

      56 |
      57 |   beforeAll(async () => {
    > 58 |     module = await Test.createTestingModule({
         |              ^
      59 |       imports: [
      60 |         ConfigModule.forRoot({
      61 |           isGlobal: true,

      at TestingInjector.lookupComponentInParentModules (../node_modules/.pnpm/@nestjs+core@11.1.12_@nestjs+common@11.1.12_class-transformer@0.5.1_class-validator@0.1_081de5c6d0755692e9d6b4445753904b/node_modules/@nestjs/core/injector/injector.js:290:19)
      at TestingInjector.resolveComponentWrapper (../node_modules/.pnpm/@nestjs+testing@11.1.12_@nestjs+common@11.1.12_class-transformer@0.5.1_class-validator@_f8f5f7c9bf5f0ea617b1141b11ac9012/node_modules/@nestjs/testing/testing-injector.js:19:45)
      at resolveParam (../node_modules/.pnpm/@nestjs+core@11.1.12_@nestjs+common@11.1.12_class-transformer@0.5.1_class-validator@0.1_081de5c6d0755692e9d6b4445753904b/node_modules/@nestjs/core/injector/injector.js:140:38)
          at async Promise.all (index 2)
      at TestingInjector.resolveConstructorParams (../node_modules/.pnpm/@nestjs+core@11.1.12_@nestjs+common@11.1.12_class-transformer@0.5.1_class-validator@0.1_081de5c6d0755692e9d6b4445753904b/node_modules/@nestjs/core/injector/injector.js:169:27)
      at TestingInjector.loadInstance (../node_modules/.pnpm/@nestjs+core@11.1.12_@nestjs+common@11.1.12_class-transformer@0.5.1_class-validator@0.1_081de5c6d0755692e9d6b4445753904b/node_modules/@nestjs/core/injector/injector.js:75:13)
      at TestingInjector.loadProvider (../node_modules/.pnpm/@nestjs+core@11.1.12_@nestjs+common@11.1.12_class-transformer@0.5.1_class-validator@0.1_081de5c6d0755692e9d6b4445753904b/node_modules/@nestjs/core/injector/injector.js:103:9)
      at ../node_modules/.pnpm/@nestjs+core@11.1.12_@nestjs+common@11.1.12_class-transformer@0.5.1_class-validator@0.1_081de5c6d0755692e9d6b4445753904b/node_modules/@nestjs/core/injector/instance-loader.js:56:13
          at async Promise.all (index 5)
      at TestingInstanceLoader.createInstancesOfProviders (../node_modules/.pnpm/@nestjs+core@11.1.12_@nestjs+common@11.1.12_class-transformer@0.5.1_class-validator@0.1_081de5c6d0755692e9d6b4445753904b/node_modules/@nestjs/core/injector/instance-loader.js:55:9)
      at ../node_modules/.pnpm/@nestjs+core@11.1.12_@nestjs+common@11.1.12_class-transformer@0.5.1_class-validator@0.1_081de5c6d0755692e9d6b4445753904b/node_modules/@nestjs/core/injector/instance-loader.js:40:13
          at async Promise.all (index 1)
      at TestingInstanceLoader.createInstances (../node_modules/.pnpm/@nestjs+core@11.1.12_@nestjs+common@11.1.12_class-transformer@0.5.1_class-validator@0.1_081de5c6d0755692e9d6b4445753904b/node_modules/@nestjs/core/injector/instance-loader.js:39:9)
      at TestingInstanceLoader.createInstancesOfDependencies (../node_modules/.pnpm/@nestjs+core@11.1.12_@nestjs+common@11.1.12_class-transformer@0.5.1_class-validator@0.1_081de5c6d0755692e9d6b4445753904b/node_modules/@nestjs/core/injector/instance-loader.js:22:13)
      at TestingInstanceLoader.createInstancesOfDependencies (../node_modules/.pnpm/@nestjs+testing@11.1.12_@nestjs+common@11.1.12_class-transformer@0.5.1_class-validator@_f8f5f7c9bf5f0ea617b1141b11ac9012/node_modules/@nestjs/testing/testing-instance-loader.js:9:9)
      at TestingModuleBuilder.createInstancesOfDependencies (../node_modules/.pnpm/@nestjs+testing@11.1.12_@nestjs+common@11.1.12_class-transformer@0.5.1_class-validator@_f8f5f7c9bf5f0ea617b1141b11ac9012/node_modules/@nestjs/testing/testing-module.builder.js:118:9)
      at TestingModuleBuilder.compile (../node_modules/.pnpm/@nestjs+testing@11.1.12_@nestjs+common@11.1.12_class-transformer@0.5.1_class-validator@_f8f5f7c9bf5f0ea617b1141b11ac9012/node_modules/@nestjs/testing/testing-module.builder.js:74:9)
      at Object.<anonymous> (modules/payments/__tests__/utility-bill-integration.spec.ts:58:14)

  ● Utility Bill Integration Tests › Bill Storage and Retrieval › should list all bills for a user with filters

    Nest can't resolve dependencies of the PaymentGatewayService (RetryService, CircuitBreakerService, ?). Please make sure that the argument CertificatePinningService at index [2] is available in the RootTestModule context.

    Potential solutions:
    - Is RootTestModule a valid NestJS module?
    - If CertificatePinningService is a provider, is it part of the current RootTestModule?
    - If CertificatePinningService is exported from a separate @Module, is that module imported within RootTestModule?
      @Module({
        imports: [ /* the Module containing CertificatePinningService */ ]
      })

    For more common dependency resolution issues, see: https://docs.nestjs.com/faq/common-errors

      56 |
      57 |   beforeAll(async () => {
    > 58 |     module = await Test.createTestingModule({
         |              ^
      59 |       imports: [
      60 |         ConfigModule.forRoot({
      61 |           isGlobal: true,

      at TestingInjector.lookupComponentInParentModules (../node_modules/.pnpm/@nestjs+core@11.1.12_@nestjs+common@11.1.12_class-transformer@0.5.1_class-validator@0.1_081de5c6d0755692e9d6b4445753904b/node_modules/@nestjs/core/injector/injector.js:290:19)
      at TestingInjector.resolveComponentWrapper (../node_modules/.pnpm/@nestjs+testing@11.1.12_@nestjs+common@11.1.12_class-transformer@0.5.1_class-validator@_f8f5f7c9bf5f0ea617b1141b11ac9012/node_modules/@nestjs/testing/testing-injector.js:19:45)
      at resolveParam (../node_modules/.pnpm/@nestjs+core@11.1.12_@nestjs+common@11.1.12_class-transformer@0.5.1_class-validator@0.1_081de5c6d0755692e9d6b4445753904b/node_modules/@nestjs/core/injector/injector.js:140:38)
          at async Promise.all (index 2)
      at TestingInjector.resolveConstructorParams (../node_modules/.pnpm/@nestjs+core@11.1.12_@nestjs+common@11.1.12_class-transformer@0.5.1_class-validator@0.1_081de5c6d0755692e9d6b4445753904b/node_modules/@nestjs/core/injector/injector.js:169:27)
      at TestingInjector.loadInstance (../node_modules/.pnpm/@nestjs+core@11.1.12_@nestjs+common@11.1.12_class-transformer@0.5.1_class-validator@0.1_081de5c6d0755692e9d6b4445753904b/node_modules/@nestjs/core/injector/injector.js:75:13)
      at TestingInjector.loadProvider (../node_modules/.pnpm/@nestjs+core@11.1.12_@nestjs+common@11.1.12_class-transformer@0.5.1_class-validator@0.1_081de5c6d0755692e9d6b4445753904b/node_modules/@nestjs/core/injector/injector.js:103:9)
      at ../node_modules/.pnpm/@nestjs+core@11.1.12_@nestjs+common@11.1.12_class-transformer@0.5.1_class-validator@0.1_081de5c6d0755692e9d6b4445753904b/node_modules/@nestjs/core/injector/instance-loader.js:56:13
          at async Promise.all (index 5)
      at TestingInstanceLoader.createInstancesOfProviders (../node_modules/.pnpm/@nestjs+core@11.1.12_@nestjs+common@11.1.12_class-transformer@0.5.1_class-validator@0.1_081de5c6d0755692e9d6b4445753904b/node_modules/@nestjs/core/injector/instance-loader.js:55:9)
      at ../node_modules/.pnpm/@nestjs+core@11.1.12_@nestjs+common@11.1.12_class-transformer@0.5.1_class-validator@0.1_081de5c6d0755692e9d6b4445753904b/node_modules/@nestjs/core/injector/instance-loader.js:40:13
          at async Promise.all (index 1)
      at TestingInstanceLoader.createInstances (../node_modules/.pnpm/@nestjs+core@11.1.12_@nestjs+common@11.1.12_class-transformer@0.5.1_class-validator@0.1_081de5c6d0755692e9d6b4445753904b/node_modules/@nestjs/core/injector/instance-loader.js:39:9)
      at TestingInstanceLoader.createInstancesOfDependencies (../node_modules/.pnpm/@nestjs+core@11.1.12_@nestjs+common@11.1.12_class-transformer@0.5.1_class-validator@0.1_081de5c6d0755692e9d6b4445753904b/node_modules/@nestjs/core/injector/instance-loader.js:22:13)
      at TestingInstanceLoader.createInstancesOfDependencies (../node_modules/.pnpm/@nestjs+testing@11.1.12_@nestjs+common@11.1.12_class-transformer@0.5.1_class-validator@_f8f5f7c9bf5f0ea617b1141b11ac9012/node_modules/@nestjs/testing/testing-instance-loader.js:9:9)
      at TestingModuleBuilder.createInstancesOfDependencies (../node_modules/.pnpm/@nestjs+testing@11.1.12_@nestjs+common@11.1.12_class-transformer@0.5.1_class-validator@_f8f5f7c9bf5f0ea617b1141b11ac9012/node_modules/@nestjs/testing/testing-module.builder.js:118:9)
      at TestingModuleBuilder.compile (../node_modules/.pnpm/@nestjs+testing@11.1.12_@nestjs+common@11.1.12_class-transformer@0.5.1_class-validator@_f8f5f7c9bf5f0ea617b1141b11ac9012/node_modules/@nestjs/testing/testing-module.builder.js:74:9)
      at Object.<anonymous> (modules/payments/__tests__/utility-bill-integration.spec.ts:58:14)

  ● Utility Bill Integration Tests › Bill Storage and Retrieval › should filter bills by status

    Nest can't resolve dependencies of the PaymentGatewayService (RetryService, CircuitBreakerService, ?). Please make sure that the argument CertificatePinningService at index [2] is available in the RootTestModule context.

    Potential solutions:
    - Is RootTestModule a valid NestJS module?
    - If CertificatePinningService is a provider, is it part of the current RootTestModule?
    - If CertificatePinningService is exported from a separate @Module, is that module imported within RootTestModule?
      @Module({
        imports: [ /* the Module containing CertificatePinningService */ ]
      })

    For more common dependency resolution issues, see: https://docs.nestjs.com/faq/common-errors

      56 |
      57 |   beforeAll(async () => {
    > 58 |     module = await Test.createTestingModule({
         |              ^
      59 |       imports: [
      60 |         ConfigModule.forRoot({
      61 |           isGlobal: true,

      at TestingInjector.lookupComponentInParentModules (../node_modules/.pnpm/@nestjs+core@11.1.12_@nestjs+common@11.1.12_class-transformer@0.5.1_class-validator@0.1_081de5c6d0755692e9d6b4445753904b/node_modules/@nestjs/core/injector/injector.js:290:19)
      at TestingInjector.resolveComponentWrapper (../node_modules/.pnpm/@nestjs+testing@11.1.12_@nestjs+common@11.1.12_class-transformer@0.5.1_class-validator@_f8f5f7c9bf5f0ea617b1141b11ac9012/node_modules/@nestjs/testing/testing-injector.js:19:45)
      at resolveParam (../node_modules/.pnpm/@nestjs+core@11.1.12_@nestjs+common@11.1.12_class-transformer@0.5.1_class-validator@0.1_081de5c6d0755692e9d6b4445753904b/node_modules/@nestjs/core/injector/injector.js:140:38)
          at async Promise.all (index 2)
      at TestingInjector.resolveConstructorParams (../node_modules/.pnpm/@nestjs+core@11.1.12_@nestjs+common@11.1.12_class-transformer@0.5.1_class-validator@0.1_081de5c6d0755692e9d6b4445753904b/node_modules/@nestjs/core/injector/injector.js:169:27)
      at TestingInjector.loadInstance (../node_modules/.pnpm/@nestjs+core@11.1.12_@nestjs+common@11.1.12_class-transformer@0.5.1_class-validator@0.1_081de5c6d0755692e9d6b4445753904b/node_modules/@nestjs/core/injector/injector.js:75:13)
      at TestingInjector.loadProvider (../node_modules/.pnpm/@nestjs+core@11.1.12_@nestjs+common@11.1.12_class-transformer@0.5.1_class-validator@0.1_081de5c6d0755692e9d6b4445753904b/node_modules/@nestjs/core/injector/injector.js:103:9)
      at ../node_modules/.pnpm/@nestjs+core@11.1.12_@nestjs+common@11.1.12_class-transformer@0.5.1_class-validator@0.1_081de5c6d0755692e9d6b4445753904b/node_modules/@nestjs/core/injector/instance-loader.js:56:13
          at async Promise.all (index 5)
      at TestingInstanceLoader.createInstancesOfProviders (../node_modules/.pnpm/@nestjs+core@11.1.12_@nestjs+common@11.1.12_class-transformer@0.5.1_class-validator@0.1_081de5c6d0755692e9d6b4445753904b/node_modules/@nestjs/core/injector/instance-loader.js:55:9)
      at ../node_modules/.pnpm/@nestjs+core@11.1.12_@nestjs+common@11.1.12_class-transformer@0.5.1_class-validator@0.1_081de5c6d0755692e9d6b4445753904b/node_modules/@nestjs/core/injector/instance-loader.js:40:13
          at async Promise.all (index 1)
      at TestingInstanceLoader.createInstances (../node_modules/.pnpm/@nestjs+core@11.1.12_@nestjs+common@11.1.12_class-transformer@0.5.1_class-validator@0.1_081de5c6d0755692e9d6b4445753904b/node_modules/@nestjs/core/injector/instance-loader.js:39:9)
      at TestingInstanceLoader.createInstancesOfDependencies (../node_modules/.pnpm/@nestjs+core@11.1.12_@nestjs+common@11.1.12_class-transformer@0.5.1_class-validator@0.1_081de5c6d0755692e9d6b4445753904b/node_modules/@nestjs/core/injector/instance-loader.js:22:13)
      at TestingInstanceLoader.createInstancesOfDependencies (../node_modules/.pnpm/@nestjs+testing@11.1.12_@nestjs+common@11.1.12_class-transformer@0.5.1_class-validator@_f8f5f7c9bf5f0ea617b1141b11ac9012/node_modules/@nestjs/testing/testing-instance-loader.js:9:9)
      at TestingModuleBuilder.createInstancesOfDependencies (../node_modules/.pnpm/@nestjs+testing@11.1.12_@nestjs+common@11.1.12_class-transformer@0.5.1_class-validator@_f8f5f7c9bf5f0ea617b1141b11ac9012/node_modules/@nestjs/testing/testing-module.builder.js:118:9)
      at TestingModuleBuilder.compile (../node_modules/.pnpm/@nestjs+testing@11.1.12_@nestjs+common@11.1.12_class-transformer@0.5.1_class-validator@_f8f5f7c9bf5f0ea617b1141b11ac9012/node_modules/@nestjs/testing/testing-module.builder.js:74:9)
      at Object.<anonymous> (modules/payments/__tests__/utility-bill-integration.spec.ts:58:14)

  ● Utility Bill Integration Tests › Bill Storage and Retrieval › should not retrieve bills of other users

    Nest can't resolve dependencies of the PaymentGatewayService (RetryService, CircuitBreakerService, ?). Please make sure that the argument CertificatePinningService at index [2] is available in the RootTestModule context.

    Potential solutions:
    - Is RootTestModule a valid NestJS module?
    - If CertificatePinningService is a provider, is it part of the current RootTestModule?
    - If CertificatePinningService is exported from a separate @Module, is that module imported within RootTestModule?
      @Module({
        imports: [ /* the Module containing CertificatePinningService */ ]
      })

    For more common dependency resolution issues, see: https://docs.nestjs.com/faq/common-errors

      56 |
      57 |   beforeAll(async () => {
    > 58 |     module = await Test.createTestingModule({
         |              ^
      59 |       imports: [
      60 |         ConfigModule.forRoot({
      61 |           isGlobal: true,

      at TestingInjector.lookupComponentInParentModules (../node_modules/.pnpm/@nestjs+core@11.1.12_@nestjs+common@11.1.12_class-transformer@0.5.1_class-validator@0.1_081de5c6d0755692e9d6b4445753904b/node_modules/@nestjs/core/injector/injector.js:290:19)
      at TestingInjector.resolveComponentWrapper (../node_modules/.pnpm/@nestjs+testing@11.1.12_@nestjs+common@11.1.12_class-transformer@0.5.1_class-validator@_f8f5f7c9bf5f0ea617b1141b11ac9012/node_modules/@nestjs/testing/testing-injector.js:19:45)
      at resolveParam (../node_modules/.pnpm/@nestjs+core@11.1.12_@nestjs+common@11.1.12_class-transformer@0.5.1_class-validator@0.1_081de5c6d0755692e9d6b4445753904b/node_modules/@nestjs/core/injector/injector.js:140:38)
          at async Promise.all (index 2)
      at TestingInjector.resolveConstructorParams (../node_modules/.pnpm/@nestjs+core@11.1.12_@nestjs+common@11.1.12_class-transformer@0.5.1_class-validator@0.1_081de5c6d0755692e9d6b4445753904b/node_modules/@nestjs/core/injector/injector.js:169:27)
      at TestingInjector.loadInstance (../node_modules/.pnpm/@nestjs+core@11.1.12_@nestjs+common@11.1.12_class-transformer@0.5.1_class-validator@0.1_081de5c6d0755692e9d6b4445753904b/node_modules/@nestjs/core/injector/injector.js:75:13)
      at TestingInjector.loadProvider (../node_modules/.pnpm/@nestjs+core@11.1.12_@nestjs+common@11.1.12_class-transformer@0.5.1_class-validator@0.1_081de5c6d0755692e9d6b4445753904b/node_modules/@nestjs/core/injector/injector.js:103:9)
      at ../node_modules/.pnpm/@nestjs+core@11.1.12_@nestjs+common@11.1.12_class-transformer@0.5.1_class-validator@0.1_081de5c6d0755692e9d6b4445753904b/node_modules/@nestjs/core/injector/instance-loader.js:56:13
          at async Promise.all (index 5)
      at TestingInstanceLoader.createInstancesOfProviders (../node_modules/.pnpm/@nestjs+core@11.1.12_@nestjs+common@11.1.12_class-transformer@0.5.1_class-validator@0.1_081de5c6d0755692e9d6b4445753904b/node_modules/@nestjs/core/injector/instance-loader.js:55:9)
      at ../node_modules/.pnpm/@nestjs+core@11.1.12_@nestjs+common@11.1.12_class-transformer@0.5.1_class-validator@0.1_081de5c6d0755692e9d6b4445753904b/node_modules/@nestjs/core/injector/instance-loader.js:40:13
          at async Promise.all (index 1)
      at TestingInstanceLoader.createInstances (../node_modules/.pnpm/@nestjs+core@11.1.12_@nestjs+common@11.1.12_class-transformer@0.5.1_class-validator@0.1_081de5c6d0755692e9d6b4445753904b/node_modules/@nestjs/core/injector/instance-loader.js:39:9)
      at TestingInstanceLoader.createInstancesOfDependencies (../node_modules/.pnpm/@nestjs+core@11.1.12_@nestjs+common@11.1.12_class-transformer@0.5.1_class-validator@0.1_081de5c6d0755692e9d6b4445753904b/node_modules/@nestjs/core/injector/instance-loader.js:22:13)
      at TestingInstanceLoader.createInstancesOfDependencies (../node_modules/.pnpm/@nestjs+testing@11.1.12_@nestjs+common@11.1.12_class-transformer@0.5.1_class-validator@_f8f5f7c9bf5f0ea617b1141b11ac9012/node_modules/@nestjs/testing/testing-instance-loader.js:9:9)
      at TestingModuleBuilder.createInstancesOfDependencies (../node_modules/.pnpm/@nestjs+testing@11.1.12_@nestjs+common@11.1.12_class-transformer@0.5.1_class-validator@_f8f5f7c9bf5f0ea617b1141b11ac9012/node_modules/@nestjs/testing/testing-module.builder.js:118:9)
      at TestingModuleBuilder.compile (../node_modules/.pnpm/@nestjs+testing@11.1.12_@nestjs+common@11.1.12_class-transformer@0.5.1_class-validator@_f8f5f7c9bf5f0ea617b1141b11ac9012/node_modules/@nestjs/testing/testing-module.builder.js:74:9)
      at Object.<anonymous> (modules/payments/__tests__/utility-bill-integration.spec.ts:58:14)

  ● Utility Bill Integration Tests › Payment Processing › should process payment for a bill successfully

    Nest can't resolve dependencies of the PaymentGatewayService (RetryService, CircuitBreakerService, ?). Please make sure that the argument CertificatePinningService at index [2] is available in the RootTestModule context.

    Potential solutions:
    - Is RootTestModule a valid NestJS module?
    - If CertificatePinningService is a provider, is it part of the current RootTestModule?
    - If CertificatePinningService is exported from a separate @Module, is that module imported within RootTestModule?
      @Module({
        imports: [ /* the Module containing CertificatePinningService */ ]
      })

    For more common dependency resolution issues, see: https://docs.nestjs.com/faq/common-errors

      56 |
      57 |   beforeAll(async () => {
    > 58 |     module = await Test.createTestingModule({
         |              ^
      59 |       imports: [
      60 |         ConfigModule.forRoot({
      61 |           isGlobal: true,

      at TestingInjector.lookupComponentInParentModules (../node_modules/.pnpm/@nestjs+core@11.1.12_@nestjs+common@11.1.12_class-transformer@0.5.1_class-validator@0.1_081de5c6d0755692e9d6b4445753904b/node_modules/@nestjs/core/injector/injector.js:290:19)
      at TestingInjector.resolveComponentWrapper (../node_modules/.pnpm/@nestjs+testing@11.1.12_@nestjs+common@11.1.12_class-transformer@0.5.1_class-validator@_f8f5f7c9bf5f0ea617b1141b11ac9012/node_modules/@nestjs/testing/testing-injector.js:19:45)
      at resolveParam (../node_modules/.pnpm/@nestjs+core@11.1.12_@nestjs+common@11.1.12_class-transformer@0.5.1_class-validator@0.1_081de5c6d0755692e9d6b4445753904b/node_modules/@nestjs/core/injector/injector.js:140:38)
          at async Promise.all (index 2)
      at TestingInjector.resolveConstructorParams (../node_modules/.pnpm/@nestjs+core@11.1.12_@nestjs+common@11.1.12_class-transformer@0.5.1_class-validator@0.1_081de5c6d0755692e9d6b4445753904b/node_modules/@nestjs/core/injector/injector.js:169:27)
      at TestingInjector.loadInstance (../node_modules/.pnpm/@nestjs+core@11.1.12_@nestjs+common@11.1.12_class-transformer@0.5.1_class-validator@0.1_081de5c6d0755692e9d6b4445753904b/node_modules/@nestjs/core/injector/injector.js:75:13)
      at TestingInjector.loadProvider (../node_modules/.pnpm/@nestjs+core@11.1.12_@nestjs+common@11.1.12_class-transformer@0.5.1_class-validator@0.1_081de5c6d0755692e9d6b4445753904b/node_modules/@nestjs/core/injector/injector.js:103:9)
      at ../node_modules/.pnpm/@nestjs+core@11.1.12_@nestjs+common@11.1.12_class-transformer@0.5.1_class-validator@0.1_081de5c6d0755692e9d6b4445753904b/node_modules/@nestjs/core/injector/instance-loader.js:56:13
          at async Promise.all (index 5)
      at TestingInstanceLoader.createInstancesOfProviders (../node_modules/.pnpm/@nestjs+core@11.1.12_@nestjs+common@11.1.12_class-transformer@0.5.1_class-validator@0.1_081de5c6d0755692e9d6b4445753904b/node_modules/@nestjs/core/injector/instance-loader.js:55:9)
      at ../node_modules/.pnpm/@nestjs+core@11.1.12_@nestjs+common@11.1.12_class-transformer@0.5.1_class-validator@0.1_081de5c6d0755692e9d6b4445753904b/node_modules/@nestjs/core/injector/instance-loader.js:40:13
          at async Promise.all (index 1)
      at TestingInstanceLoader.createInstances (../node_modules/.pnpm/@nestjs+core@11.1.12_@nestjs+common@11.1.12_class-transformer@0.5.1_class-validator@0.1_081de5c6d0755692e9d6b4445753904b/node_modules/@nestjs/core/injector/instance-loader.js:39:9)
      at TestingInstanceLoader.createInstancesOfDependencies (../node_modules/.pnpm/@nestjs+core@11.1.12_@nestjs+common@11.1.12_class-transformer@0.5.1_class-validator@0.1_081de5c6d0755692e9d6b4445753904b/node_modules/@nestjs/core/injector/instance-loader.js:22:13)
      at TestingInstanceLoader.createInstancesOfDependencies (../node_modules/.pnpm/@nestjs+testing@11.1.12_@nestjs+common@11.1.12_class-transformer@0.5.1_class-validator@_f8f5f7c9bf5f0ea617b1141b11ac9012/node_modules/@nestjs/testing/testing-instance-loader.js:9:9)
      at TestingModuleBuilder.createInstancesOfDependencies (../node_modules/.pnpm/@nestjs+testing@11.1.12_@nestjs+common@11.1.12_class-transformer@0.5.1_class-validator@_f8f5f7c9bf5f0ea617b1141b11ac9012/node_modules/@nestjs/testing/testing-module.builder.js:118:9)
      at TestingModuleBuilder.compile (../node_modules/.pnpm/@nestjs+testing@11.1.12_@nestjs+common@11.1.12_class-transformer@0.5.1_class-validator@_f8f5f7c9bf5f0ea617b1141b11ac9012/node_modules/@nestjs/testing/testing-module.builder.js:74:9)
      at Object.<anonymous> (modules/payments/__tests__/utility-bill-integration.spec.ts:58:14)

  ● Utility Bill Integration Tests › Payment Processing › should include transaction fee in bill payment

    Nest can't resolve dependencies of the PaymentGatewayService (RetryService, CircuitBreakerService, ?). Please make sure that the argument CertificatePinningService at index [2] is available in the RootTestModule context.

    Potential solutions:
    - Is RootTestModule a valid NestJS module?
    - If CertificatePinningService is a provider, is it part of the current RootTestModule?
    - If CertificatePinningService is exported from a separate @Module, is that module imported within RootTestModule?
      @Module({
        imports: [ /* the Module containing CertificatePinningService */ ]
      })

    For more common dependency resolution issues, see: https://docs.nestjs.com/faq/common-errors

      56 |
      57 |   beforeAll(async () => {
    > 58 |     module = await Test.createTestingModule({
         |              ^
      59 |       imports: [
      60 |         ConfigModule.forRoot({
      61 |           isGlobal: true,

      at TestingInjector.lookupComponentInParentModules (../node_modules/.pnpm/@nestjs+core@11.1.12_@nestjs+common@11.1.12_class-transformer@0.5.1_class-validator@0.1_081de5c6d0755692e9d6b4445753904b/node_modules/@nestjs/core/injector/injector.js:290:19)
      at TestingInjector.resolveComponentWrapper (../node_modules/.pnpm/@nestjs+testing@11.1.12_@nestjs+common@11.1.12_class-transformer@0.5.1_class-validator@_f8f5f7c9bf5f0ea617b1141b11ac9012/node_modules/@nestjs/testing/testing-injector.js:19:45)
      at resolveParam (../node_modules/.pnpm/@nestjs+core@11.1.12_@nestjs+common@11.1.12_class-transformer@0.5.1_class-validator@0.1_081de5c6d0755692e9d6b4445753904b/node_modules/@nestjs/core/injector/injector.js:140:38)
          at async Promise.all (index 2)
      at TestingInjector.resolveConstructorParams (../node_modules/.pnpm/@nestjs+core@11.1.12_@nestjs+common@11.1.12_class-transformer@0.5.1_class-validator@0.1_081de5c6d0755692e9d6b4445753904b/node_modules/@nestjs/core/injector/injector.js:169:27)
      at TestingInjector.loadInstance (../node_modules/.pnpm/@nestjs+core@11.1.12_@nestjs+common@11.1.12_class-transformer@0.5.1_class-validator@0.1_081de5c6d0755692e9d6b4445753904b/node_modules/@nestjs/core/injector/injector.js:75:13)
      at TestingInjector.loadProvider (../node_modules/.pnpm/@nestjs+core@11.1.12_@nestjs+common@11.1.12_class-transformer@0.5.1_class-validator@0.1_081de5c6d0755692e9d6b4445753904b/node_modules/@nestjs/core/injector/injector.js:103:9)
      at ../node_modules/.pnpm/@nestjs+core@11.1.12_@nestjs+common@11.1.12_class-transformer@0.5.1_class-validator@0.1_081de5c6d0755692e9d6b4445753904b/node_modules/@nestjs/core/injector/instance-loader.js:56:13
          at async Promise.all (index 5)
      at TestingInstanceLoader.createInstancesOfProviders (../node_modules/.pnpm/@nestjs+core@11.1.12_@nestjs+common@11.1.12_class-transformer@0.5.1_class-validator@0.1_081de5c6d0755692e9d6b4445753904b/node_modules/@nestjs/core/injector/instance-loader.js:55:9)
      at ../node_modules/.pnpm/@nestjs+core@11.1.12_@nestjs+common@11.1.12_class-transformer@0.5.1_class-validator@0.1_081de5c6d0755692e9d6b4445753904b/node_modules/@nestjs/core/injector/instance-loader.js:40:13
          at async Promise.all (index 1)
      at TestingInstanceLoader.createInstances (../node_modules/.pnpm/@nestjs+core@11.1.12_@nestjs+common@11.1.12_class-transformer@0.5.1_class-validator@0.1_081de5c6d0755692e9d6b4445753904b/node_modules/@nestjs/core/injector/instance-loader.js:39:9)
      at TestingInstanceLoader.createInstancesOfDependencies (../node_modules/.pnpm/@nestjs+core@11.1.12_@nestjs+common@11.1.12_class-transformer@0.5.1_class-validator@0.1_081de5c6d0755692e9d6b4445753904b/node_modules/@nestjs/core/injector/instance-loader.js:22:13)
      at TestingInstanceLoader.createInstancesOfDependencies (../node_modules/.pnpm/@nestjs+testing@11.1.12_@nestjs+common@11.1.12_class-transformer@0.5.1_class-validator@_f8f5f7c9bf5f0ea617b1141b11ac9012/node_modules/@nestjs/testing/testing-instance-loader.js:9:9)
      at TestingModuleBuilder.createInstancesOfDependencies (../node_modules/.pnpm/@nestjs+testing@11.1.12_@nestjs+common@11.1.12_class-transformer@0.5.1_class-validator@_f8f5f7c9bf5f0ea617b1141b11ac9012/node_modules/@nestjs/testing/testing-module.builder.js:118:9)
      at TestingModuleBuilder.compile (../node_modules/.pnpm/@nestjs+testing@11.1.12_@nestjs+common@11.1.12_class-transformer@0.5.1_class-validator@_f8f5f7c9bf5f0ea617b1141b11ac9012/node_modules/@nestjs/testing/testing-module.builder.js:74:9)
      at Object.<anonymous> (modules/payments/__tests__/utility-bill-integration.spec.ts:58:14)

  ● Utility Bill Integration Tests › Payment Processing › should process refund for a bill payment

    Nest can't resolve dependencies of the PaymentGatewayService (RetryService, CircuitBreakerService, ?). Please make sure that the argument CertificatePinningService at index [2] is available in the RootTestModule context.

    Potential solutions:
    - Is RootTestModule a valid NestJS module?
    - If CertificatePinningService is a provider, is it part of the current RootTestModule?
    - If CertificatePinningService is exported from a separate @Module, is that module imported within RootTestModule?
      @Module({
        imports: [ /* the Module containing CertificatePinningService */ ]
      })

    For more common dependency resolution issues, see: https://docs.nestjs.com/faq/common-errors

      56 |
      57 |   beforeAll(async () => {
    > 58 |     module = await Test.createTestingModule({
         |              ^
      59 |       imports: [
      60 |         ConfigModule.forRoot({
      61 |           isGlobal: true,

      at TestingInjector.lookupComponentInParentModules (../node_modules/.pnpm/@nestjs+core@11.1.12_@nestjs+common@11.1.12_class-transformer@0.5.1_class-validator@0.1_081de5c6d0755692e9d6b4445753904b/node_modules/@nestjs/core/injector/injector.js:290:19)
      at TestingInjector.resolveComponentWrapper (../node_modules/.pnpm/@nestjs+testing@11.1.12_@nestjs+common@11.1.12_class-transformer@0.5.1_class-validator@_f8f5f7c9bf5f0ea617b1141b11ac9012/node_modules/@nestjs/testing/testing-injector.js:19:45)
      at resolveParam (../node_modules/.pnpm/@nestjs+core@11.1.12_@nestjs+common@11.1.12_class-transformer@0.5.1_class-validator@0.1_081de5c6d0755692e9d6b4445753904b/node_modules/@nestjs/core/injector/injector.js:140:38)
          at async Promise.all (index 2)
      at TestingInjector.resolveConstructorParams (../node_modules/.pnpm/@nestjs+core@11.1.12_@nestjs+common@11.1.12_class-transformer@0.5.1_class-validator@0.1_081de5c6d0755692e9d6b4445753904b/node_modules/@nestjs/core/injector/injector.js:169:27)
      at TestingInjector.loadInstance (../node_modules/.pnpm/@nestjs+core@11.1.12_@nestjs+common@11.1.12_class-transformer@0.5.1_class-validator@0.1_081de5c6d0755692e9d6b4445753904b/node_modules/@nestjs/core/injector/injector.js:75:13)
      at TestingInjector.loadProvider (../node_modules/.pnpm/@nestjs+core@11.1.12_@nestjs+common@11.1.12_class-transformer@0.5.1_class-validator@0.1_081de5c6d0755692e9d6b4445753904b/node_modules/@nestjs/core/injector/injector.js:103:9)
      at ../node_modules/.pnpm/@nestjs+core@11.1.12_@nestjs+common@11.1.12_class-transformer@0.5.1_class-validator@0.1_081de5c6d0755692e9d6b4445753904b/node_modules/@nestjs/core/injector/instance-loader.js:56:13
          at async Promise.all (index 5)
      at TestingInstanceLoader.createInstancesOfProviders (../node_modules/.pnpm/@nestjs+core@11.1.12_@nestjs+common@11.1.12_class-transformer@0.5.1_class-validator@0.1_081de5c6d0755692e9d6b4445753904b/node_modules/@nestjs/core/injector/instance-loader.js:55:9)
      at ../node_modules/.pnpm/@nestjs+core@11.1.12_@nestjs+common@11.1.12_class-transformer@0.5.1_class-validator@0.1_081de5c6d0755692e9d6b4445753904b/node_modules/@nestjs/core/injector/instance-loader.js:40:13
          at async Promise.all (index 1)
      at TestingInstanceLoader.createInstances (../node_modules/.pnpm/@nestjs+core@11.1.12_@nestjs+common@11.1.12_class-transformer@0.5.1_class-validator@0.1_081de5c6d0755692e9d6b4445753904b/node_modules/@nestjs/core/injector/instance-loader.js:39:9)
      at TestingInstanceLoader.createInstancesOfDependencies (../node_modules/.pnpm/@nestjs+core@11.1.12_@nestjs+common@11.1.12_class-transformer@0.5.1_class-validator@0.1_081de5c6d0755692e9d6b4445753904b/node_modules/@nestjs/core/injector/instance-loader.js:22:13)
      at TestingInstanceLoader.createInstancesOfDependencies (../node_modules/.pnpm/@nestjs+testing@11.1.12_@nestjs+common@11.1.12_class-transformer@0.5.1_class-validator@_f8f5f7c9bf5f0ea617b1141b11ac9012/node_modules/@nestjs/testing/testing-instance-loader.js:9:9)
      at TestingModuleBuilder.createInstancesOfDependencies (../node_modules/.pnpm/@nestjs+testing@11.1.12_@nestjs+common@11.1.12_class-transformer@0.5.1_class-validator@_f8f5f7c9bf5f0ea617b1141b11ac9012/node_modules/@nestjs/testing/testing-module.builder.js:118:9)
      at TestingModuleBuilder.compile (../node_modules/.pnpm/@nestjs+testing@11.1.12_@nestjs+common@11.1.12_class-transformer@0.5.1_class-validator@_f8f5f7c9bf5f0ea617b1141b11ac9012/node_modules/@nestjs/testing/testing-module.builder.js:74:9)
      at Object.<anonymous> (modules/payments/__tests__/utility-bill-integration.spec.ts:58:14)

  ● Utility Bill Integration Tests › Payment Processing › should process partial refund for a bill payment

    Nest can't resolve dependencies of the PaymentGatewayService (RetryService, CircuitBreakerService, ?). Please make sure that the argument CertificatePinningService at index [2] is available in the RootTestModule context.

    Potential solutions:
    - Is RootTestModule a valid NestJS module?
    - If CertificatePinningService is a provider, is it part of the current RootTestModule?
    - If CertificatePinningService is exported from a separate @Module, is that module imported within RootTestModule?
      @Module({
        imports: [ /* the Module containing CertificatePinningService */ ]
      })

    For more common dependency resolution issues, see: https://docs.nestjs.com/faq/common-errors

      56 |
      57 |   beforeAll(async () => {
    > 58 |     module = await Test.createTestingModule({
         |              ^
      59 |       imports: [
      60 |         ConfigModule.forRoot({
      61 |           isGlobal: true,

      at TestingInjector.lookupComponentInParentModules (../node_modules/.pnpm/@nestjs+core@11.1.12_@nestjs+common@11.1.12_class-transformer@0.5.1_class-validator@0.1_081de5c6d0755692e9d6b4445753904b/node_modules/@nestjs/core/injector/injector.js:290:19)
      at TestingInjector.resolveComponentWrapper (../node_modules/.pnpm/@nestjs+testing@11.1.12_@nestjs+common@11.1.12_class-transformer@0.5.1_class-validator@_f8f5f7c9bf5f0ea617b1141b11ac9012/node_modules/@nestjs/testing/testing-injector.js:19:45)
      at resolveParam (../node_modules/.pnpm/@nestjs+core@11.1.12_@nestjs+common@11.1.12_class-transformer@0.5.1_class-validator@0.1_081de5c6d0755692e9d6b4445753904b/node_modules/@nestjs/core/injector/injector.js:140:38)
          at async Promise.all (index 2)
      at TestingInjector.resolveConstructorParams (../node_modules/.pnpm/@nestjs+core@11.1.12_@nestjs+common@11.1.12_class-transformer@0.5.1_class-validator@0.1_081de5c6d0755692e9d6b4445753904b/node_modules/@nestjs/core/injector/injector.js:169:27)
      at TestingInjector.loadInstance (../node_modules/.pnpm/@nestjs+core@11.1.12_@nestjs+common@11.1.12_class-transformer@0.5.1_class-validator@0.1_081de5c6d0755692e9d6b4445753904b/node_modules/@nestjs/core/injector/injector.js:75:13)
      at TestingInjector.loadProvider (../node_modules/.pnpm/@nestjs+core@11.1.12_@nestjs+common@11.1.12_class-transformer@0.5.1_class-validator@0.1_081de5c6d0755692e9d6b4445753904b/node_modules/@nestjs/core/injector/injector.js:103:9)
      at ../node_modules/.pnpm/@nestjs+core@11.1.12_@nestjs+common@11.1.12_class-transformer@0.5.1_class-validator@0.1_081de5c6d0755692e9d6b4445753904b/node_modules/@nestjs/core/injector/instance-loader.js:56:13
          at async Promise.all (index 5)
      at TestingInstanceLoader.createInstancesOfProviders (../node_modules/.pnpm/@nestjs+core@11.1.12_@nestjs+common@11.1.12_class-transformer@0.5.1_class-validator@0.1_081de5c6d0755692e9d6b4445753904b/node_modules/@nestjs/core/injector/instance-loader.js:55:9)
      at ../node_modules/.pnpm/@nestjs+core@11.1.12_@nestjs+common@11.1.12_class-transformer@0.5.1_class-validator@0.1_081de5c6d0755692e9d6b4445753904b/node_modules/@nestjs/core/injector/instance-loader.js:40:13
          at async Promise.all (index 1)
      at TestingInstanceLoader.createInstances (../node_modules/.pnpm/@nestjs+core@11.1.12_@nestjs+common@11.1.12_class-transformer@0.5.1_class-validator@0.1_081de5c6d0755692e9d6b4445753904b/node_modules/@nestjs/core/injector/instance-loader.js:39:9)
      at TestingInstanceLoader.createInstancesOfDependencies (../node_modules/.pnpm/@nestjs+core@11.1.12_@nestjs+common@11.1.12_class-transformer@0.5.1_class-validator@0.1_081de5c6d0755692e9d6b4445753904b/node_modules/@nestjs/core/injector/instance-loader.js:22:13)
      at TestingInstanceLoader.createInstancesOfDependencies (../node_modules/.pnpm/@nestjs+testing@11.1.12_@nestjs+common@11.1.12_class-transformer@0.5.1_class-validator@_f8f5f7c9bf5f0ea617b1141b11ac9012/node_modules/@nestjs/testing/testing-instance-loader.js:9:9)
      at TestingModuleBuilder.createInstancesOfDependencies (../node_modules/.pnpm/@nestjs+testing@11.1.12_@nestjs+common@11.1.12_class-transformer@0.5.1_class-validator@_f8f5f7c9bf5f0ea617b1141b11ac9012/node_modules/@nestjs/testing/testing-module.builder.js:118:9)
      at TestingModuleBuilder.compile (../node_modules/.pnpm/@nestjs+testing@11.1.12_@nestjs+common@11.1.12_class-transformer@0.5.1_class-validator@_f8f5f7c9bf5f0ea617b1141b11ac9012/node_modules/@nestjs/testing/testing-module.builder.js:74:9)
      at Object.<anonymous> (modules/payments/__tests__/utility-bill-integration.spec.ts:58:14)

  ● Utility Bill Integration Tests › Payment Processing › should reject refund exceeding bill amount

    Nest can't resolve dependencies of the PaymentGatewayService (RetryService, CircuitBreakerService, ?). Please make sure that the argument CertificatePinningService at index [2] is available in the RootTestModule context.

    Potential solutions:
    - Is RootTestModule a valid NestJS module?
    - If CertificatePinningService is a provider, is it part of the current RootTestModule?
    - If CertificatePinningService is exported from a separate @Module, is that module imported within RootTestModule?
      @Module({
        imports: [ /* the Module containing CertificatePinningService */ ]
      })

    For more common dependency resolution issues, see: https://docs.nestjs.com/faq/common-errors

      56 |
      57 |   beforeAll(async () => {
    > 58 |     module = await Test.createTestingModule({
         |              ^
      59 |       imports: [
      60 |         ConfigModule.forRoot({
      61 |           isGlobal: true,

      at TestingInjector.lookupComponentInParentModules (../node_modules/.pnpm/@nestjs+core@11.1.12_@nestjs+common@11.1.12_class-transformer@0.5.1_class-validator@0.1_081de5c6d0755692e9d6b4445753904b/node_modules/@nestjs/core/injector/injector.js:290:19)
      at TestingInjector.resolveComponentWrapper (../node_modules/.pnpm/@nestjs+testing@11.1.12_@nestjs+common@11.1.12_class-transformer@0.5.1_class-validator@_f8f5f7c9bf5f0ea617b1141b11ac9012/node_modules/@nestjs/testing/testing-injector.js:19:45)
      at resolveParam (../node_modules/.pnpm/@nestjs+core@11.1.12_@nestjs+common@11.1.12_class-transformer@0.5.1_class-validator@0.1_081de5c6d0755692e9d6b4445753904b/node_modules/@nestjs/core/injector/injector.js:140:38)
          at async Promise.all (index 2)
      at TestingInjector.resolveConstructorParams (../node_modules/.pnpm/@nestjs+core@11.1.12_@nestjs+common@11.1.12_class-transformer@0.5.1_class-validator@0.1_081de5c6d0755692e9d6b4445753904b/node_modules/@nestjs/core/injector/injector.js:169:27)
      at TestingInjector.loadInstance (../node_modules/.pnpm/@nestjs+core@11.1.12_@nestjs+common@11.1.12_class-transformer@0.5.1_class-validator@0.1_081de5c6d0755692e9d6b4445753904b/node_modules/@nestjs/core/injector/injector.js:75:13)
      at TestingInjector.loadProvider (../node_modules/.pnpm/@nestjs+core@11.1.12_@nestjs+common@11.1.12_class-transformer@0.5.1_class-validator@0.1_081de5c6d0755692e9d6b4445753904b/node_modules/@nestjs/core/injector/injector.js:103:9)
      at ../node_modules/.pnpm/@nestjs+core@11.1.12_@nestjs+common@11.1.12_class-transformer@0.5.1_class-validator@0.1_081de5c6d0755692e9d6b4445753904b/node_modules/@nestjs/core/injector/instance-loader.js:56:13
          at async Promise.all (index 5)
      at TestingInstanceLoader.createInstancesOfProviders (../node_modules/.pnpm/@nestjs+core@11.1.12_@nestjs+common@11.1.12_class-transformer@0.5.1_class-validator@0.1_081de5c6d0755692e9d6b4445753904b/node_modules/@nestjs/core/injector/instance-loader.js:55:9)
      at ../node_modules/.pnpm/@nestjs+core@11.1.12_@nestjs+common@11.1.12_class-transformer@0.5.1_class-validator@0.1_081de5c6d0755692e9d6b4445753904b/node_modules/@nestjs/core/injector/instance-loader.js:40:13
          at async Promise.all (index 1)
      at TestingInstanceLoader.createInstances (../node_modules/.pnpm/@nestjs+core@11.1.12_@nestjs+common@11.1.12_class-transformer@0.5.1_class-validator@0.1_081de5c6d0755692e9d6b4445753904b/node_modules/@nestjs/core/injector/instance-loader.js:39:9)
      at TestingInstanceLoader.createInstancesOfDependencies (../node_modules/.pnpm/@nestjs+core@11.1.12_@nestjs+common@11.1.12_class-transformer@0.5.1_class-validator@0.1_081de5c6d0755692e9d6b4445753904b/node_modules/@nestjs/core/injector/instance-loader.js:22:13)
      at TestingInstanceLoader.createInstancesOfDependencies (../node_modules/.pnpm/@nestjs+testing@11.1.12_@nestjs+common@11.1.12_class-transformer@0.5.1_class-validator@_f8f5f7c9bf5f0ea617b1141b11ac9012/node_modules/@nestjs/testing/testing-instance-loader.js:9:9)
      at TestingModuleBuilder.createInstancesOfDependencies (../node_modules/.pnpm/@nestjs+testing@11.1.12_@nestjs+common@11.1.12_class-transformer@0.5.1_class-validator@_f8f5f7c9bf5f0ea617b1141b11ac9012/node_modules/@nestjs/testing/testing-module.builder.js:118:9)
      at TestingModuleBuilder.compile (../node_modules/.pnpm/@nestjs+testing@11.1.12_@nestjs+common@11.1.12_class-transformer@0.5.1_class-validator@_f8f5f7c9bf5f0ea617b1141b11ac9012/node_modules/@nestjs/testing/testing-module.builder.js:74:9)
      at Object.<anonymous> (modules/payments/__tests__/utility-bill-integration.spec.ts:58:14)

  ● Utility Bill Integration Tests › Payment Processing › should generate receipt for a paid bill

    Nest can't resolve dependencies of the PaymentGatewayService (RetryService, CircuitBreakerService, ?). Please make sure that the argument CertificatePinningService at index [2] is available in the RootTestModule context.

    Potential solutions:
    - Is RootTestModule a valid NestJS module?
    - If CertificatePinningService is a provider, is it part of the current RootTestModule?
    - If CertificatePinningService is exported from a separate @Module, is that module imported within RootTestModule?
      @Module({
        imports: [ /* the Module containing CertificatePinningService */ ]
      })

    For more common dependency resolution issues, see: https://docs.nestjs.com/faq/common-errors

      56 |
      57 |   beforeAll(async () => {
    > 58 |     module = await Test.createTestingModule({
         |              ^
      59 |       imports: [
      60 |         ConfigModule.forRoot({
      61 |           isGlobal: true,

      at TestingInjector.lookupComponentInParentModules (../node_modules/.pnpm/@nestjs+core@11.1.12_@nestjs+common@11.1.12_class-transformer@0.5.1_class-validator@0.1_081de5c6d0755692e9d6b4445753904b/node_modules/@nestjs/core/injector/injector.js:290:19)
      at TestingInjector.resolveComponentWrapper (../node_modules/.pnpm/@nestjs+testing@11.1.12_@nestjs+common@11.1.12_class-transformer@0.5.1_class-validator@_f8f5f7c9bf5f0ea617b1141b11ac9012/node_modules/@nestjs/testing/testing-injector.js:19:45)
      at resolveParam (../node_modules/.pnpm/@nestjs+core@11.1.12_@nestjs+common@11.1.12_class-transformer@0.5.1_class-validator@0.1_081de5c6d0755692e9d6b4445753904b/node_modules/@nestjs/core/injector/injector.js:140:38)
          at async Promise.all (index 2)
      at TestingInjector.resolveConstructorParams (../node_modules/.pnpm/@nestjs+core@11.1.12_@nestjs+common@11.1.12_class-transformer@0.5.1_class-validator@0.1_081de5c6d0755692e9d6b4445753904b/node_modules/@nestjs/core/injector/injector.js:169:27)
      at TestingInjector.loadInstance (../node_modules/.pnpm/@nestjs+core@11.1.12_@nestjs+common@11.1.12_class-transformer@0.5.1_class-validator@0.1_081de5c6d0755692e9d6b4445753904b/node_modules/@nestjs/core/injector/injector.js:75:13)
      at TestingInjector.loadProvider (../node_modules/.pnpm/@nestjs+core@11.1.12_@nestjs+common@11.1.12_class-transformer@0.5.1_class-validator@0.1_081de5c6d0755692e9d6b4445753904b/node_modules/@nestjs/core/injector/injector.js:103:9)
      at ../node_modules/.pnpm/@nestjs+core@11.1.12_@nestjs+common@11.1.12_class-transformer@0.5.1_class-validator@0.1_081de5c6d0755692e9d6b4445753904b/node_modules/@nestjs/core/injector/instance-loader.js:56:13
          at async Promise.all (index 5)
      at TestingInstanceLoader.createInstancesOfProviders (../node_modules/.pnpm/@nestjs+core@11.1.12_@nestjs+common@11.1.12_class-transformer@0.5.1_class-validator@0.1_081de5c6d0755692e9d6b4445753904b/node_modules/@nestjs/core/injector/instance-loader.js:55:9)
      at ../node_modules/.pnpm/@nestjs+core@11.1.12_@nestjs+common@11.1.12_class-transformer@0.5.1_class-validator@0.1_081de5c6d0755692e9d6b4445753904b/node_modules/@nestjs/core/injector/instance-loader.js:40:13
          at async Promise.all (index 1)
      at TestingInstanceLoader.createInstances (../node_modules/.pnpm/@nestjs+core@11.1.12_@nestjs+common@11.1.12_class-transformer@0.5.1_class-validator@0.1_081de5c6d0755692e9d6b4445753904b/node_modules/@nestjs/core/injector/instance-loader.js:39:9)
      at TestingInstanceLoader.createInstancesOfDependencies (../node_modules/.pnpm/@nestjs+core@11.1.12_@nestjs+common@11.1.12_class-transformer@0.5.1_class-validator@0.1_081de5c6d0755692e9d6b4445753904b/node_modules/@nestjs/core/injector/instance-loader.js:22:13)
      at TestingInstanceLoader.createInstancesOfDependencies (../node_modules/.pnpm/@nestjs+testing@11.1.12_@nestjs+common@11.1.12_class-transformer@0.5.1_class-validator@_f8f5f7c9bf5f0ea617b1141b11ac9012/node_modules/@nestjs/testing/testing-instance-loader.js:9:9)
      at TestingModuleBuilder.createInstancesOfDependencies (../node_modules/.pnpm/@nestjs+testing@11.1.12_@nestjs+common@11.1.12_class-transformer@0.5.1_class-validator@_f8f5f7c9bf5f0ea617b1141b11ac9012/node_modules/@nestjs/testing/testing-module.builder.js:118:9)
      at TestingModuleBuilder.compile (../node_modules/.pnpm/@nestjs+testing@11.1.12_@nestjs+common@11.1.12_class-transformer@0.5.1_class-validator@_f8f5f7c9bf5f0ea617b1141b11ac9012/node_modules/@nestjs/testing/testing-module.builder.js:74:9)
      at Object.<anonymous> (modules/payments/__tests__/utility-bill-integration.spec.ts:58:14)

  ● Utility Bill Integration Tests › Payment Processing › should reject generating receipt for non-existent bill

    Nest can't resolve dependencies of the PaymentGatewayService (RetryService, CircuitBreakerService, ?). Please make sure that the argument CertificatePinningService at index [2] is available in the RootTestModule context.

    Potential solutions:
    - Is RootTestModule a valid NestJS module?
    - If CertificatePinningService is a provider, is it part of the current RootTestModule?
    - If CertificatePinningService is exported from a separate @Module, is that module imported within RootTestModule?
      @Module({
        imports: [ /* the Module containing CertificatePinningService */ ]
      })

    For more common dependency resolution issues, see: https://docs.nestjs.com/faq/common-errors

      56 |
      57 |   beforeAll(async () => {
    > 58 |     module = await Test.createTestingModule({
         |              ^
      59 |       imports: [
      60 |         ConfigModule.forRoot({
      61 |           isGlobal: true,

      at TestingInjector.lookupComponentInParentModules (../node_modules/.pnpm/@nestjs+core@11.1.12_@nestjs+common@11.1.12_class-transformer@0.5.1_class-validator@0.1_081de5c6d0755692e9d6b4445753904b/node_modules/@nestjs/core/injector/injector.js:290:19)
      at TestingInjector.resolveComponentWrapper (../node_modules/.pnpm/@nestjs+testing@11.1.12_@nestjs+common@11.1.12_class-transformer@0.5.1_class-validator@_f8f5f7c9bf5f0ea617b1141b11ac9012/node_modules/@nestjs/testing/testing-injector.js:19:45)
      at resolveParam (../node_modules/.pnpm/@nestjs+core@11.1.12_@nestjs+common@11.1.12_class-transformer@0.5.1_class-validator@0.1_081de5c6d0755692e9d6b4445753904b/node_modules/@nestjs/core/injector/injector.js:140:38)
          at async Promise.all (index 2)
      at TestingInjector.resolveConstructorParams (../node_modules/.pnpm/@nestjs+core@11.1.12_@nestjs+common@11.1.12_class-transformer@0.5.1_class-validator@0.1_081de5c6d0755692e9d6b4445753904b/node_modules/@nestjs/core/injector/injector.js:169:27)
      at TestingInjector.loadInstance (../node_modules/.pnpm/@nestjs+core@11.1.12_@nestjs+common@11.1.12_class-transformer@0.5.1_class-validator@0.1_081de5c6d0755692e9d6b4445753904b/node_modules/@nestjs/core/injector/injector.js:75:13)
      at TestingInjector.loadProvider (../node_modules/.pnpm/@nestjs+core@11.1.12_@nestjs+common@11.1.12_class-transformer@0.5.1_class-validator@0.1_081de5c6d0755692e9d6b4445753904b/node_modules/@nestjs/core/injector/injector.js:103:9)
      at ../node_modules/.pnpm/@nestjs+core@11.1.12_@nestjs+common@11.1.12_class-transformer@0.5.1_class-validator@0.1_081de5c6d0755692e9d6b4445753904b/node_modules/@nestjs/core/injector/instance-loader.js:56:13
          at async Promise.all (index 5)
      at TestingInstanceLoader.createInstancesOfProviders (../node_modules/.pnpm/@nestjs+core@11.1.12_@nestjs+common@11.1.12_class-transformer@0.5.1_class-validator@0.1_081de5c6d0755692e9d6b4445753904b/node_modules/@nestjs/core/injector/instance-loader.js:55:9)
      at ../node_modules/.pnpm/@nestjs+core@11.1.12_@nestjs+common@11.1.12_class-transformer@0.5.1_class-validator@0.1_081de5c6d0755692e9d6b4445753904b/node_modules/@nestjs/core/injector/instance-loader.js:40:13
          at async Promise.all (index 1)
      at TestingInstanceLoader.createInstances (../node_modules/.pnpm/@nestjs+core@11.1.12_@nestjs+common@11.1.12_class-transformer@0.5.1_class-validator@0.1_081de5c6d0755692e9d6b4445753904b/node_modules/@nestjs/core/injector/instance-loader.js:39:9)
      at TestingInstanceLoader.createInstancesOfDependencies (../node_modules/.pnpm/@nestjs+core@11.1.12_@nestjs+common@11.1.12_class-transformer@0.5.1_class-validator@0.1_081de5c6d0755692e9d6b4445753904b/node_modules/@nestjs/core/injector/instance-loader.js:22:13)
      at TestingInstanceLoader.createInstancesOfDependencies (../node_modules/.pnpm/@nestjs+testing@11.1.12_@nestjs+common@11.1.12_class-transformer@0.5.1_class-validator@_f8f5f7c9bf5f0ea617b1141b11ac9012/node_modules/@nestjs/testing/testing-instance-loader.js:9:9)
      at TestingModuleBuilder.createInstancesOfDependencies (../node_modules/.pnpm/@nestjs+testing@11.1.12_@nestjs+common@11.1.12_class-transformer@0.5.1_class-validator@_f8f5f7c9bf5f0ea617b1141b11ac9012/node_modules/@nestjs/testing/testing-module.builder.js:118:9)
      at TestingModuleBuilder.compile (../node_modules/.pnpm/@nestjs+testing@11.1.12_@nestjs+common@11.1.12_class-transformer@0.5.1_class-validator@_f8f5f7c9bf5f0ea617b1141b11ac9012/node_modules/@nestjs/testing/testing-module.builder.js:74:9)
      at Object.<anonymous> (modules/payments/__tests__/utility-bill-integration.spec.ts:58:14)

  ● Utility Bill Integration Tests › Bill History and Analytics › should provide bill payment analytics summary

    Nest can't resolve dependencies of the PaymentGatewayService (RetryService, CircuitBreakerService, ?). Please make sure that the argument CertificatePinningService at index [2] is available in the RootTestModule context.

    Potential solutions:
    - Is RootTestModule a valid NestJS module?
    - If CertificatePinningService is a provider, is it part of the current RootTestModule?
    - If CertificatePinningService is exported from a separate @Module, is that module imported within RootTestModule?
      @Module({
        imports: [ /* the Module containing CertificatePinningService */ ]
      })

    For more common dependency resolution issues, see: https://docs.nestjs.com/faq/common-errors

      56 |
      57 |   beforeAll(async () => {
    > 58 |     module = await Test.createTestingModule({
         |              ^
      59 |       imports: [
      60 |         ConfigModule.forRoot({
      61 |           isGlobal: true,

      at TestingInjector.lookupComponentInParentModules (../node_modules/.pnpm/@nestjs+core@11.1.12_@nestjs+common@11.1.12_class-transformer@0.5.1_class-validator@0.1_081de5c6d0755692e9d6b4445753904b/node_modules/@nestjs/core/injector/injector.js:290:19)
      at TestingInjector.resolveComponentWrapper (../node_modules/.pnpm/@nestjs+testing@11.1.12_@nestjs+common@11.1.12_class-transformer@0.5.1_class-validator@_f8f5f7c9bf5f0ea617b1141b11ac9012/node_modules/@nestjs/testing/testing-injector.js:19:45)
      at resolveParam (../node_modules/.pnpm/@nestjs+core@11.1.12_@nestjs+common@11.1.12_class-transformer@0.5.1_class-validator@0.1_081de5c6d0755692e9d6b4445753904b/node_modules/@nestjs/core/injector/injector.js:140:38)
          at async Promise.all (index 2)
      at TestingInjector.resolveConstructorParams (../node_modules/.pnpm/@nestjs+core@11.1.12_@nestjs+common@11.1.12_class-transformer@0.5.1_class-validator@0.1_081de5c6d0755692e9d6b4445753904b/node_modules/@nestjs/core/injector/injector.js:169:27)
      at TestingInjector.loadInstance (../node_modules/.pnpm/@nestjs+core@11.1.12_@nestjs+common@11.1.12_class-transformer@0.5.1_class-validator@0.1_081de5c6d0755692e9d6b4445753904b/node_modules/@nestjs/core/injector/injector.js:75:13)
      at TestingInjector.loadProvider (../node_modules/.pnpm/@nestjs+core@11.1.12_@nestjs+common@11.1.12_class-transformer@0.5.1_class-validator@0.1_081de5c6d0755692e9d6b4445753904b/node_modules/@nestjs/core/injector/injector.js:103:9)
      at ../node_modules/.pnpm/@nestjs+core@11.1.12_@nestjs+common@11.1.12_class-transformer@0.5.1_class-validator@0.1_081de5c6d0755692e9d6b4445753904b/node_modules/@nestjs/core/injector/instance-loader.js:56:13
          at async Promise.all (index 5)
      at TestingInstanceLoader.createInstancesOfProviders (../node_modules/.pnpm/@nestjs+core@11.1.12_@nestjs+common@11.1.12_class-transformer@0.5.1_class-validator@0.1_081de5c6d0755692e9d6b4445753904b/node_modules/@nestjs/core/injector/instance-loader.js:55:9)
      at ../node_modules/.pnpm/@nestjs+core@11.1.12_@nestjs+common@11.1.12_class-transformer@0.5.1_class-validator@0.1_081de5c6d0755692e9d6b4445753904b/node_modules/@nestjs/core/injector/instance-loader.js:40:13
          at async Promise.all (index 1)
      at TestingInstanceLoader.createInstances (../node_modules/.pnpm/@nestjs+core@11.1.12_@nestjs+common@11.1.12_class-transformer@0.5.1_class-validator@0.1_081de5c6d0755692e9d6b4445753904b/node_modules/@nestjs/core/injector/instance-loader.js:39:9)
      at TestingInstanceLoader.createInstancesOfDependencies (../node_modules/.pnpm/@nestjs+core@11.1.12_@nestjs+common@11.1.12_class-transformer@0.5.1_class-validator@0.1_081de5c6d0755692e9d6b4445753904b/node_modules/@nestjs/core/injector/instance-loader.js:22:13)
      at TestingInstanceLoader.createInstancesOfDependencies (../node_modules/.pnpm/@nestjs+testing@11.1.12_@nestjs+common@11.1.12_class-transformer@0.5.1_class-validator@_f8f5f7c9bf5f0ea617b1141b11ac9012/node_modules/@nestjs/testing/testing-instance-loader.js:9:9)
      at TestingModuleBuilder.createInstancesOfDependencies (../node_modules/.pnpm/@nestjs+testing@11.1.12_@nestjs+common@11.1.12_class-transformer@0.5.1_class-validator@_f8f5f7c9bf5f0ea617b1141b11ac9012/node_modules/@nestjs/testing/testing-module.builder.js:118:9)
      at TestingModuleBuilder.compile (../node_modules/.pnpm/@nestjs+testing@11.1.12_@nestjs+common@11.1.12_class-transformer@0.5.1_class-validator@_f8f5f7c9bf5f0ea617b1141b11ac9012/node_modules/@nestjs/testing/testing-module.builder.js:74:9)
      at Object.<anonymous> (modules/payments/__tests__/utility-bill-integration.spec.ts:58:14)

  ● Utility Bill Integration Tests › Bill History and Analytics › should track analytics across different periods

    Nest can't resolve dependencies of the PaymentGatewayService (RetryService, CircuitBreakerService, ?). Please make sure that the argument CertificatePinningService at index [2] is available in the RootTestModule context.

    Potential solutions:
    - Is RootTestModule a valid NestJS module?
    - If CertificatePinningService is a provider, is it part of the current RootTestModule?
    - If CertificatePinningService is exported from a separate @Module, is that module imported within RootTestModule?
      @Module({
        imports: [ /* the Module containing CertificatePinningService */ ]
      })

    For more common dependency resolution issues, see: https://docs.nestjs.com/faq/common-errors

      56 |
      57 |   beforeAll(async () => {
    > 58 |     module = await Test.createTestingModule({
         |              ^
      59 |       imports: [
      60 |         ConfigModule.forRoot({
      61 |           isGlobal: true,

      at TestingInjector.lookupComponentInParentModules (../node_modules/.pnpm/@nestjs+core@11.1.12_@nestjs+common@11.1.12_class-transformer@0.5.1_class-validator@0.1_081de5c6d0755692e9d6b4445753904b/node_modules/@nestjs/core/injector/injector.js:290:19)
      at TestingInjector.resolveComponentWrapper (../node_modules/.pnpm/@nestjs+testing@11.1.12_@nestjs+common@11.1.12_class-transformer@0.5.1_class-validator@_f8f5f7c9bf5f0ea617b1141b11ac9012/node_modules/@nestjs/testing/testing-injector.js:19:45)
      at resolveParam (../node_modules/.pnpm/@nestjs+core@11.1.12_@nestjs+common@11.1.12_class-transformer@0.5.1_class-validator@0.1_081de5c6d0755692e9d6b4445753904b/node_modules/@nestjs/core/injector/injector.js:140:38)
          at async Promise.all (index 2)
      at TestingInjector.resolveConstructorParams (../node_modules/.pnpm/@nestjs+core@11.1.12_@nestjs+common@11.1.12_class-transformer@0.5.1_class-validator@0.1_081de5c6d0755692e9d6b4445753904b/node_modules/@nestjs/core/injector/injector.js:169:27)
      at TestingInjector.loadInstance (../node_modules/.pnpm/@nestjs+core@11.1.12_@nestjs+common@11.1.12_class-transformer@0.5.1_class-validator@0.1_081de5c6d0755692e9d6b4445753904b/node_modules/@nestjs/core/injector/injector.js:75:13)
      at TestingInjector.loadProvider (../node_modules/.pnpm/@nestjs+core@11.1.12_@nestjs+common@11.1.12_class-transformer@0.5.1_class-validator@0.1_081de5c6d0755692e9d6b4445753904b/node_modules/@nestjs/core/injector/injector.js:103:9)
      at ../node_modules/.pnpm/@nestjs+core@11.1.12_@nestjs+common@11.1.12_class-transformer@0.5.1_class-validator@0.1_081de5c6d0755692e9d6b4445753904b/node_modules/@nestjs/core/injector/instance-loader.js:56:13
          at async Promise.all (index 5)
      at TestingInstanceLoader.createInstancesOfProviders (../node_modules/.pnpm/@nestjs+core@11.1.12_@nestjs+common@11.1.12_class-transformer@0.5.1_class-validator@0.1_081de5c6d0755692e9d6b4445753904b/node_modules/@nestjs/core/injector/instance-loader.js:55:9)
      at ../node_modules/.pnpm/@nestjs+core@11.1.12_@nestjs+common@11.1.12_class-transformer@0.5.1_class-validator@0.1_081de5c6d0755692e9d6b4445753904b/node_modules/@nestjs/core/injector/instance-loader.js:40:13
          at async Promise.all (index 1)
      at TestingInstanceLoader.createInstances (../node_modules/.pnpm/@nestjs+core@11.1.12_@nestjs+common@11.1.12_class-transformer@0.5.1_class-validator@0.1_081de5c6d0755692e9d6b4445753904b/node_modules/@nestjs/core/injector/instance-loader.js:39:9)
      at TestingInstanceLoader.createInstancesOfDependencies (../node_modules/.pnpm/@nestjs+core@11.1.12_@nestjs+common@11.1.12_class-transformer@0.5.1_class-validator@0.1_081de5c6d0755692e9d6b4445753904b/node_modules/@nestjs/core/injector/instance-loader.js:22:13)
      at TestingInstanceLoader.createInstancesOfDependencies (../node_modules/.pnpm/@nestjs+testing@11.1.12_@nestjs+common@11.1.12_class-transformer@0.5.1_class-validator@_f8f5f7c9bf5f0ea617b1141b11ac9012/node_modules/@nestjs/testing/testing-instance-loader.js:9:9)
      at TestingModuleBuilder.createInstancesOfDependencies (../node_modules/.pnpm/@nestjs+testing@11.1.12_@nestjs+common@11.1.12_class-transformer@0.5.1_class-validator@_f8f5f7c9bf5f0ea617b1141b11ac9012/node_modules/@nestjs/testing/testing-module.builder.js:118:9)
      at TestingModuleBuilder.compile (../node_modules/.pnpm/@nestjs+testing@11.1.12_@nestjs+common@11.1.12_class-transformer@0.5.1_class-validator@_f8f5f7c9bf5f0ea617b1141b11ac9012/node_modules/@nestjs/testing/testing-module.builder.js:74:9)
      at Object.<anonymous> (modules/payments/__tests__/utility-bill-integration.spec.ts:58:14)

  ● Utility Bill Integration Tests › Bill History and Analytics › should track bill history in chronological order

    Nest can't resolve dependencies of the PaymentGatewayService (RetryService, CircuitBreakerService, ?). Please make sure that the argument CertificatePinningService at index [2] is available in the RootTestModule context.

    Potential solutions:
    - Is RootTestModule a valid NestJS module?
    - If CertificatePinningService is a provider, is it part of the current RootTestModule?
    - If CertificatePinningService is exported from a separate @Module, is that module imported within RootTestModule?
      @Module({
        imports: [ /* the Module containing CertificatePinningService */ ]
      })

    For more common dependency resolution issues, see: https://docs.nestjs.com/faq/common-errors

      56 |
      57 |   beforeAll(async () => {
    > 58 |     module = await Test.createTestingModule({
         |              ^
      59 |       imports: [
      60 |         ConfigModule.forRoot({
      61 |           isGlobal: true,

      at TestingInjector.lookupComponentInParentModules (../node_modules/.pnpm/@nestjs+core@11.1.12_@nestjs+common@11.1.12_class-transformer@0.5.1_class-validator@0.1_081de5c6d0755692e9d6b4445753904b/node_modules/@nestjs/core/injector/injector.js:290:19)
      at TestingInjector.resolveComponentWrapper (../node_modules/.pnpm/@nestjs+testing@11.1.12_@nestjs+common@11.1.12_class-transformer@0.5.1_class-validator@_f8f5f7c9bf5f0ea617b1141b11ac9012/node_modules/@nestjs/testing/testing-injector.js:19:45)
      at resolveParam (../node_modules/.pnpm/@nestjs+core@11.1.12_@nestjs+common@11.1.12_class-transformer@0.5.1_class-validator@0.1_081de5c6d0755692e9d6b4445753904b/node_modules/@nestjs/core/injector/injector.js:140:38)
          at async Promise.all (index 2)
      at TestingInjector.resolveConstructorParams (../node_modules/.pnpm/@nestjs+core@11.1.12_@nestjs+common@11.1.12_class-transformer@0.5.1_class-validator@0.1_081de5c6d0755692e9d6b4445753904b/node_modules/@nestjs/core/injector/injector.js:169:27)
      at TestingInjector.loadInstance (../node_modules/.pnpm/@nestjs+core@11.1.12_@nestjs+common@11.1.12_class-transformer@0.5.1_class-validator@0.1_081de5c6d0755692e9d6b4445753904b/node_modules/@nestjs/core/injector/injector.js:75:13)
      at TestingInjector.loadProvider (../node_modules/.pnpm/@nestjs+core@11.1.12_@nestjs+common@11.1.12_class-transformer@0.5.1_class-validator@0.1_081de5c6d0755692e9d6b4445753904b/node_modules/@nestjs/core/injector/injector.js:103:9)
      at ../node_modules/.pnpm/@nestjs+core@11.1.12_@nestjs+common@11.1.12_class-transformer@0.5.1_class-validator@0.1_081de5c6d0755692e9d6b4445753904b/node_modules/@nestjs/core/injector/instance-loader.js:56:13
          at async Promise.all (index 5)
      at TestingInstanceLoader.createInstancesOfProviders (../node_modules/.pnpm/@nestjs+core@11.1.12_@nestjs+common@11.1.12_class-transformer@0.5.1_class-validator@0.1_081de5c6d0755692e9d6b4445753904b/node_modules/@nestjs/core/injector/instance-loader.js:55:9)
      at ../node_modules/.pnpm/@nestjs+core@11.1.12_@nestjs+common@11.1.12_class-transformer@0.5.1_class-validator@0.1_081de5c6d0755692e9d6b4445753904b/node_modules/@nestjs/core/injector/instance-loader.js:40:13
          at async Promise.all (index 1)
      at TestingInstanceLoader.createInstances (../node_modules/.pnpm/@nestjs+core@11.1.12_@nestjs+common@11.1.12_class-transformer@0.5.1_class-validator@0.1_081de5c6d0755692e9d6b4445753904b/node_modules/@nestjs/core/injector/instance-loader.js:39:9)
      at TestingInstanceLoader.createInstancesOfDependencies (../node_modules/.pnpm/@nestjs+core@11.1.12_@nestjs+common@11.1.12_class-transformer@0.5.1_class-validator@0.1_081de5c6d0755692e9d6b4445753904b/node_modules/@nestjs/core/injector/instance-loader.js:22:13)
      at TestingInstanceLoader.createInstancesOfDependencies (../node_modules/.pnpm/@nestjs+testing@11.1.12_@nestjs+common@11.1.12_class-transformer@0.5.1_class-validator@_f8f5f7c9bf5f0ea617b1141b11ac9012/node_modules/@nestjs/testing/testing-instance-loader.js:9:9)
      at TestingModuleBuilder.createInstancesOfDependencies (../node_modules/.pnpm/@nestjs+testing@11.1.12_@nestjs+common@11.1.12_class-transformer@0.5.1_class-validator@_f8f5f7c9bf5f0ea617b1141b11ac9012/node_modules/@nestjs/testing/testing-module.builder.js:118:9)
      at TestingModuleBuilder.compile (../node_modules/.pnpm/@nestjs+testing@11.1.12_@nestjs+common@11.1.12_class-transformer@0.5.1_class-validator@_f8f5f7c9bf5f0ea617b1141b11ac9012/node_modules/@nestjs/testing/testing-module.builder.js:74:9)
      at Object.<anonymous> (modules/payments/__tests__/utility-bill-integration.spec.ts:58:14)

  ● Utility Bill Integration Tests › Bill History and Analytics › should include refunded amounts in analytics

    Nest can't resolve dependencies of the PaymentGatewayService (RetryService, CircuitBreakerService, ?). Please make sure that the argument CertificatePinningService at index [2] is available in the RootTestModule context.

    Potential solutions:
    - Is RootTestModule a valid NestJS module?
    - If CertificatePinningService is a provider, is it part of the current RootTestModule?
    - If CertificatePinningService is exported from a separate @Module, is that module imported within RootTestModule?
      @Module({
        imports: [ /* the Module containing CertificatePinningService */ ]
      })

    For more common dependency resolution issues, see: https://docs.nestjs.com/faq/common-errors

      56 |
      57 |   beforeAll(async () => {
    > 58 |     module = await Test.createTestingModule({
         |              ^
      59 |       imports: [
      60 |         ConfigModule.forRoot({
      61 |           isGlobal: true,

      at TestingInjector.lookupComponentInParentModules (../node_modules/.pnpm/@nestjs+core@11.1.12_@nestjs+common@11.1.12_class-transformer@0.5.1_class-validator@0.1_081de5c6d0755692e9d6b4445753904b/node_modules/@nestjs/core/injector/injector.js:290:19)
      at TestingInjector.resolveComponentWrapper (../node_modules/.pnpm/@nestjs+testing@11.1.12_@nestjs+common@11.1.12_class-transformer@0.5.1_class-validator@_f8f5f7c9bf5f0ea617b1141b11ac9012/node_modules/@nestjs/testing/testing-injector.js:19:45)
      at resolveParam (../node_modules/.pnpm/@nestjs+core@11.1.12_@nestjs+common@11.1.12_class-transformer@0.5.1_class-validator@0.1_081de5c6d0755692e9d6b4445753904b/node_modules/@nestjs/core/injector/injector.js:140:38)
          at async Promise.all (index 2)
      at TestingInjector.resolveConstructorParams (../node_modules/.pnpm/@nestjs+core@11.1.12_@nestjs+common@11.1.12_class-transformer@0.5.1_class-validator@0.1_081de5c6d0755692e9d6b4445753904b/node_modules/@nestjs/core/injector/injector.js:169:27)
      at TestingInjector.loadInstance (../node_modules/.pnpm/@nestjs+core@11.1.12_@nestjs+common@11.1.12_class-transformer@0.5.1_class-validator@0.1_081de5c6d0755692e9d6b4445753904b/node_modules/@nestjs/core/injector/injector.js:75:13)
      at TestingInjector.loadProvider (../node_modules/.pnpm/@nestjs+core@11.1.12_@nestjs+common@11.1.12_class-transformer@0.5.1_class-validator@0.1_081de5c6d0755692e9d6b4445753904b/node_modules/@nestjs/core/injector/injector.js:103:9)
      at ../node_modules/.pnpm/@nestjs+core@11.1.12_@nestjs+common@11.1.12_class-transformer@0.5.1_class-validator@0.1_081de5c6d0755692e9d6b4445753904b/node_modules/@nestjs/core/injector/instance-loader.js:56:13
          at async Promise.all (index 5)
      at TestingInstanceLoader.createInstancesOfProviders (../node_modules/.pnpm/@nestjs+core@11.1.12_@nestjs+common@11.1.12_class-transformer@0.5.1_class-validator@0.1_081de5c6d0755692e9d6b4445753904b/node_modules/@nestjs/core/injector/instance-loader.js:55:9)
      at ../node_modules/.pnpm/@nestjs+core@11.1.12_@nestjs+common@11.1.12_class-transformer@0.5.1_class-validator@0.1_081de5c6d0755692e9d6b4445753904b/node_modules/@nestjs/core/injector/instance-loader.js:40:13
          at async Promise.all (index 1)
      at TestingInstanceLoader.createInstances (../node_modules/.pnpm/@nestjs+core@11.1.12_@nestjs+common@11.1.12_class-transformer@0.5.1_class-validator@0.1_081de5c6d0755692e9d6b4445753904b/node_modules/@nestjs/core/injector/instance-loader.js:39:9)
      at TestingInstanceLoader.createInstancesOfDependencies (../node_modules/.pnpm/@nestjs+core@11.1.12_@nestjs+common@11.1.12_class-transformer@0.5.1_class-validator@0.1_081de5c6d0755692e9d6b4445753904b/node_modules/@nestjs/core/injector/instance-loader.js:22:13)
      at TestingInstanceLoader.createInstancesOfDependencies (../node_modules/.pnpm/@nestjs+testing@11.1.12_@nestjs+common@11.1.12_class-transformer@0.5.1_class-validator@_f8f5f7c9bf5f0ea617b1141b11ac9012/node_modules/@nestjs/testing/testing-instance-loader.js:9:9)
      at TestingModuleBuilder.createInstancesOfDependencies (../node_modules/.pnpm/@nestjs+testing@11.1.12_@nestjs+common@11.1.12_class-transformer@0.5.1_class-validator@_f8f5f7c9bf5f0ea617b1141b11ac9012/node_modules/@nestjs/testing/testing-module.builder.js:118:9)
      at TestingModuleBuilder.compile (../node_modules/.pnpm/@nestjs+testing@11.1.12_@nestjs+common@11.1.12_class-transformer@0.5.1_class-validator@_f8f5f7c9bf5f0ea617b1141b11ac9012/node_modules/@nestjs/testing/testing-module.builder.js:74:9)
      at Object.<anonymous> (modules/payments/__tests__/utility-bill-integration.spec.ts:58:14)

  ● Utility Bill Integration Tests › Dispute Handling › should process refund on disputed bill

    Nest can't resolve dependencies of the PaymentGatewayService (RetryService, CircuitBreakerService, ?). Please make sure that the argument CertificatePinningService at index [2] is available in the RootTestModule context.

    Potential solutions:
    - Is RootTestModule a valid NestJS module?
    - If CertificatePinningService is a provider, is it part of the current RootTestModule?
    - If CertificatePinningService is exported from a separate @Module, is that module imported within RootTestModule?
      @Module({
        imports: [ /* the Module containing CertificatePinningService */ ]
      })

    For more common dependency resolution issues, see: https://docs.nestjs.com/faq/common-errors

      56 |
      57 |   beforeAll(async () => {
    > 58 |     module = await Test.createTestingModule({
         |              ^
      59 |       imports: [
      60 |         ConfigModule.forRoot({
      61 |           isGlobal: true,

      at TestingInjector.lookupComponentInParentModules (../node_modules/.pnpm/@nestjs+core@11.1.12_@nestjs+common@11.1.12_class-transformer@0.5.1_class-validator@0.1_081de5c6d0755692e9d6b4445753904b/node_modules/@nestjs/core/injector/injector.js:290:19)
      at TestingInjector.resolveComponentWrapper (../node_modules/.pnpm/@nestjs+testing@11.1.12_@nestjs+common@11.1.12_class-transformer@0.5.1_class-validator@_f8f5f7c9bf5f0ea617b1141b11ac9012/node_modules/@nestjs/testing/testing-injector.js:19:45)
      at resolveParam (../node_modules/.pnpm/@nestjs+core@11.1.12_@nestjs+common@11.1.12_class-transformer@0.5.1_class-validator@0.1_081de5c6d0755692e9d6b4445753904b/node_modules/@nestjs/core/injector/injector.js:140:38)
          at async Promise.all (index 2)
      at TestingInjector.resolveConstructorParams (../node_modules/.pnpm/@nestjs+core@11.1.12_@nestjs+common@11.1.12_class-transformer@0.5.1_class-validator@0.1_081de5c6d0755692e9d6b4445753904b/node_modules/@nestjs/core/injector/injector.js:169:27)
      at TestingInjector.loadInstance (../node_modules/.pnpm/@nestjs+core@11.1.12_@nestjs+common@11.1.12_class-transformer@0.5.1_class-validator@0.1_081de5c6d0755692e9d6b4445753904b/node_modules/@nestjs/core/injector/injector.js:75:13)
      at TestingInjector.loadProvider (../node_modules/.pnpm/@nestjs+core@11.1.12_@nestjs+common@11.1.12_class-transformer@0.5.1_class-validator@0.1_081de5c6d0755692e9d6b4445753904b/node_modules/@nestjs/core/injector/injector.js:103:9)
      at ../node_modules/.pnpm/@nestjs+core@11.1.12_@nestjs+common@11.1.12_class-transformer@0.5.1_class-validator@0.1_081de5c6d0755692e9d6b4445753904b/node_modules/@nestjs/core/injector/instance-loader.js:56:13
          at async Promise.all (index 5)
      at TestingInstanceLoader.createInstancesOfProviders (../node_modules/.pnpm/@nestjs+core@11.1.12_@nestjs+common@11.1.12_class-transformer@0.5.1_class-validator@0.1_081de5c6d0755692e9d6b4445753904b/node_modules/@nestjs/core/injector/instance-loader.js:55:9)
      at ../node_modules/.pnpm/@nestjs+core@11.1.12_@nestjs+common@11.1.12_class-transformer@0.5.1_class-validator@0.1_081de5c6d0755692e9d6b4445753904b/node_modules/@nestjs/core/injector/instance-loader.js:40:13
          at async Promise.all (index 1)
      at TestingInstanceLoader.createInstances (../node_modules/.pnpm/@nestjs+core@11.1.12_@nestjs+common@11.1.12_class-transformer@0.5.1_class-validator@0.1_081de5c6d0755692e9d6b4445753904b/node_modules/@nestjs/core/injector/instance-loader.js:39:9)
      at TestingInstanceLoader.createInstancesOfDependencies (../node_modules/.pnpm/@nestjs+core@11.1.12_@nestjs+common@11.1.12_class-transformer@0.5.1_class-validator@0.1_081de5c6d0755692e9d6b4445753904b/node_modules/@nestjs/core/injector/instance-loader.js:22:13)
      at TestingInstanceLoader.createInstancesOfDependencies (../node_modules/.pnpm/@nestjs+testing@11.1.12_@nestjs+common@11.1.12_class-transformer@0.5.1_class-validator@_f8f5f7c9bf5f0ea617b1141b11ac9012/node_modules/@nestjs/testing/testing-instance-loader.js:9:9)
      at TestingModuleBuilder.createInstancesOfDependencies (../node_modules/.pnpm/@nestjs+testing@11.1.12_@nestjs+common@11.1.12_class-transformer@0.5.1_class-validator@_f8f5f7c9bf5f0ea617b1141b11ac9012/node_modules/@nestjs/testing/testing-module.builder.js:118:9)
      at TestingModuleBuilder.compile (../node_modules/.pnpm/@nestjs+testing@11.1.12_@nestjs+common@11.1.12_class-transformer@0.5.1_class-validator@_f8f5f7c9bf5f0ea617b1141b11ac9012/node_modules/@nestjs/testing/testing-module.builder.js:74:9)
      at Object.<anonymous> (modules/payments/__tests__/utility-bill-integration.spec.ts:58:14)

  ● Utility Bill Integration Tests › Dispute Handling › should partial refund on partially disputed bill

    Nest can't resolve dependencies of the PaymentGatewayService (RetryService, CircuitBreakerService, ?). Please make sure that the argument CertificatePinningService at index [2] is available in the RootTestModule context.

    Potential solutions:
    - Is RootTestModule a valid NestJS module?
    - If CertificatePinningService is a provider, is it part of the current RootTestModule?
    - If CertificatePinningService is exported from a separate @Module, is that module imported within RootTestModule?
      @Module({
        imports: [ /* the Module containing CertificatePinningService */ ]
      })

    For more common dependency resolution issues, see: https://docs.nestjs.com/faq/common-errors

      56 |
      57 |   beforeAll(async () => {
    > 58 |     module = await Test.createTestingModule({
         |              ^
      59 |       imports: [
      60 |         ConfigModule.forRoot({
      61 |           isGlobal: true,

      at TestingInjector.lookupComponentInParentModules (../node_modules/.pnpm/@nestjs+core@11.1.12_@nestjs+common@11.1.12_class-transformer@0.5.1_class-validator@0.1_081de5c6d0755692e9d6b4445753904b/node_modules/@nestjs/core/injector/injector.js:290:19)
      at TestingInjector.resolveComponentWrapper (../node_modules/.pnpm/@nestjs+testing@11.1.12_@nestjs+common@11.1.12_class-transformer@0.5.1_class-validator@_f8f5f7c9bf5f0ea617b1141b11ac9012/node_modules/@nestjs/testing/testing-injector.js:19:45)
      at resolveParam (../node_modules/.pnpm/@nestjs+core@11.1.12_@nestjs+common@11.1.12_class-transformer@0.5.1_class-validator@0.1_081de5c6d0755692e9d6b4445753904b/node_modules/@nestjs/core/injector/injector.js:140:38)
          at async Promise.all (index 2)
      at TestingInjector.resolveConstructorParams (../node_modules/.pnpm/@nestjs+core@11.1.12_@nestjs+common@11.1.12_class-transformer@0.5.1_class-validator@0.1_081de5c6d0755692e9d6b4445753904b/node_modules/@nestjs/core/injector/injector.js:169:27)
      at TestingInjector.loadInstance (../node_modules/.pnpm/@nestjs+core@11.1.12_@nestjs+common@11.1.12_class-transformer@0.5.1_class-validator@0.1_081de5c6d0755692e9d6b4445753904b/node_modules/@nestjs/core/injector/injector.js:75:13)
      at TestingInjector.loadProvider (../node_modules/.pnpm/@nestjs+core@11.1.12_@nestjs+common@11.1.12_class-transformer@0.5.1_class-validator@0.1_081de5c6d0755692e9d6b4445753904b/node_modules/@nestjs/core/injector/injector.js:103:9)
      at ../node_modules/.pnpm/@nestjs+core@11.1.12_@nestjs+common@11.1.12_class-transformer@0.5.1_class-validator@0.1_081de5c6d0755692e9d6b4445753904b/node_modules/@nestjs/core/injector/instance-loader.js:56:13
          at async Promise.all (index 5)
      at TestingInstanceLoader.createInstancesOfProviders (../node_modules/.pnpm/@nestjs+core@11.1.12_@nestjs+common@11.1.12_class-transformer@0.5.1_class-validator@0.1_081de5c6d0755692e9d6b4445753904b/node_modules/@nestjs/core/injector/instance-loader.js:55:9)
      at ../node_modules/.pnpm/@nestjs+core@11.1.12_@nestjs+common@11.1.12_class-transformer@0.5.1_class-validator@0.1_081de5c6d0755692e9d6b4445753904b/node_modules/@nestjs/core/injector/instance-loader.js:40:13
          at async Promise.all (index 1)
      at TestingInstanceLoader.createInstances (../node_modules/.pnpm/@nestjs+core@11.1.12_@nestjs+common@11.1.12_class-transformer@0.5.1_class-validator@0.1_081de5c6d0755692e9d6b4445753904b/node_modules/@nestjs/core/injector/instance-loader.js:39:9)
      at TestingInstanceLoader.createInstancesOfDependencies (../node_modules/.pnpm/@nestjs+core@11.1.12_@nestjs+common@11.1.12_class-transformer@0.5.1_class-validator@0.1_081de5c6d0755692e9d6b4445753904b/node_modules/@nestjs/core/injector/instance-loader.js:22:13)
      at TestingInstanceLoader.createInstancesOfDependencies (../node_modules/.pnpm/@nestjs+testing@11.1.12_@nestjs+common@11.1.12_class-transformer@0.5.1_class-validator@_f8f5f7c9bf5f0ea617b1141b11ac9012/node_modules/@nestjs/testing/testing-instance-loader.js:9:9)
      at TestingModuleBuilder.createInstancesOfDependencies (../node_modules/.pnpm/@nestjs+testing@11.1.12_@nestjs+common@11.1.12_class-transformer@0.5.1_class-validator@_f8f5f7c9bf5f0ea617b1141b11ac9012/node_modules/@nestjs/testing/testing-module.builder.js:118:9)
      at TestingModuleBuilder.compile (../node_modules/.pnpm/@nestjs+testing@11.1.12_@nestjs+common@11.1.12_class-transformer@0.5.1_class-validator@_f8f5f7c9bf5f0ea617b1141b11ac9012/node_modules/@nestjs/testing/testing-module.builder.js:74:9)
      at Object.<anonymous> (modules/payments/__tests__/utility-bill-integration.spec.ts:58:14)

  ● Utility Bill Integration Tests › Dispute Handling › should prevent double refund on same disputed bill

    Nest can't resolve dependencies of the PaymentGatewayService (RetryService, CircuitBreakerService, ?). Please make sure that the argument CertificatePinningService at index [2] is available in the RootTestModule context.

    Potential solutions:
    - Is RootTestModule a valid NestJS module?
    - If CertificatePinningService is a provider, is it part of the current RootTestModule?
    - If CertificatePinningService is exported from a separate @Module, is that module imported within RootTestModule?
      @Module({
        imports: [ /* the Module containing CertificatePinningService */ ]
      })

    For more common dependency resolution issues, see: https://docs.nestjs.com/faq/common-errors

      56 |
      57 |   beforeAll(async () => {
    > 58 |     module = await Test.createTestingModule({
         |              ^
      59 |       imports: [
      60 |         ConfigModule.forRoot({
      61 |           isGlobal: true,

      at TestingInjector.lookupComponentInParentModules (../node_modules/.pnpm/@nestjs+core@11.1.12_@nestjs+common@11.1.12_class-transformer@0.5.1_class-validator@0.1_081de5c6d0755692e9d6b4445753904b/node_modules/@nestjs/core/injector/injector.js:290:19)
      at TestingInjector.resolveComponentWrapper (../node_modules/.pnpm/@nestjs+testing@11.1.12_@nestjs+common@11.1.12_class-transformer@0.5.1_class-validator@_f8f5f7c9bf5f0ea617b1141b11ac9012/node_modules/@nestjs/testing/testing-injector.js:19:45)
      at resolveParam (../node_modules/.pnpm/@nestjs+core@11.1.12_@nestjs+common@11.1.12_class-transformer@0.5.1_class-validator@0.1_081de5c6d0755692e9d6b4445753904b/node_modules/@nestjs/core/injector/injector.js:140:38)
          at async Promise.all (index 2)
      at TestingInjector.resolveConstructorParams (../node_modules/.pnpm/@nestjs+core@11.1.12_@nestjs+common@11.1.12_class-transformer@0.5.1_class-validator@0.1_081de5c6d0755692e9d6b4445753904b/node_modules/@nestjs/core/injector/injector.js:169:27)
      at TestingInjector.loadInstance (../node_modules/.pnpm/@nestjs+core@11.1.12_@nestjs+common@11.1.12_class-transformer@0.5.1_class-validator@0.1_081de5c6d0755692e9d6b4445753904b/node_modules/@nestjs/core/injector/injector.js:75:13)
      at TestingInjector.loadProvider (../node_modules/.pnpm/@nestjs+core@11.1.12_@nestjs+common@11.1.12_class-transformer@0.5.1_class-validator@0.1_081de5c6d0755692e9d6b4445753904b/node_modules/@nestjs/core/injector/injector.js:103:9)
      at ../node_modules/.pnpm/@nestjs+core@11.1.12_@nestjs+common@11.1.12_class-transformer@0.5.1_class-validator@0.1_081de5c6d0755692e9d6b4445753904b/node_modules/@nestjs/core/injector/instance-loader.js:56:13
          at async Promise.all (index 5)
      at TestingInstanceLoader.createInstancesOfProviders (../node_modules/.pnpm/@nestjs+core@11.1.12_@nestjs+common@11.1.12_class-transformer@0.5.1_class-validator@0.1_081de5c6d0755692e9d6b4445753904b/node_modules/@nestjs/core/injector/instance-loader.js:55:9)
      at ../node_modules/.pnpm/@nestjs+core@11.1.12_@nestjs+common@11.1.12_class-transformer@0.5.1_class-validator@0.1_081de5c6d0755692e9d6b4445753904b/node_modules/@nestjs/core/injector/instance-loader.js:40:13
          at async Promise.all (index 1)
      at TestingInstanceLoader.createInstances (../node_modules/.pnpm/@nestjs+core@11.1.12_@nestjs+common@11.1.12_class-transformer@0.5.1_class-validator@0.1_081de5c6d0755692e9d6b4445753904b/node_modules/@nestjs/core/injector/instance-loader.js:39:9)
      at TestingInstanceLoader.createInstancesOfDependencies (../node_modules/.pnpm/@nestjs+core@11.1.12_@nestjs+common@11.1.12_class-transformer@0.5.1_class-validator@0.1_081de5c6d0755692e9d6b4445753904b/node_modules/@nestjs/core/injector/instance-loader.js:22:13)
      at TestingInstanceLoader.createInstancesOfDependencies (../node_modules/.pnpm/@nestjs+testing@11.1.12_@nestjs+common@11.1.12_class-transformer@0.5.1_class-validator@_f8f5f7c9bf5f0ea617b1141b11ac9012/node_modules/@nestjs/testing/testing-instance-loader.js:9:9)
      at TestingModuleBuilder.createInstancesOfDependencies (../node_modules/.pnpm/@nestjs+testing@11.1.12_@nestjs+common@11.1.12_class-transformer@0.5.1_class-validator@_f8f5f7c9bf5f0ea617b1141b11ac9012/node_modules/@nestjs/testing/testing-module.builder.js:118:9)
      at TestingModuleBuilder.compile (../node_modules/.pnpm/@nestjs+testing@11.1.12_@nestjs+common@11.1.12_class-transformer@0.5.1_class-validator@_f8f5f7c9bf5f0ea617b1141b11ac9012/node_modules/@nestjs/testing/testing-module.builder.js:74:9)
      at Object.<anonymous> (modules/payments/__tests__/utility-bill-integration.spec.ts:58:14)

  ● Utility Bill Integration Tests › Dispute Handling › should track dispute resolution in bill history

    Nest can't resolve dependencies of the PaymentGatewayService (RetryService, CircuitBreakerService, ?). Please make sure that the argument CertificatePinningService at index [2] is available in the RootTestModule context.

    Potential solutions:
    - Is RootTestModule a valid NestJS module?
    - If CertificatePinningService is a provider, is it part of the current RootTestModule?
    - If CertificatePinningService is exported from a separate @Module, is that module imported within RootTestModule?
      @Module({
        imports: [ /* the Module containing CertificatePinningService */ ]
      })

    For more common dependency resolution issues, see: https://docs.nestjs.com/faq/common-errors

      56 |
      57 |   beforeAll(async () => {
    > 58 |     module = await Test.createTestingModule({
         |              ^
      59 |       imports: [
      60 |         ConfigModule.forRoot({
      61 |           isGlobal: true,

      at TestingInjector.lookupComponentInParentModules (../node_modules/.pnpm/@nestjs+core@11.1.12_@nestjs+common@11.1.12_class-transformer@0.5.1_class-validator@0.1_081de5c6d0755692e9d6b4445753904b/node_modules/@nestjs/core/injector/injector.js:290:19)
      at TestingInjector.resolveComponentWrapper (../node_modules/.pnpm/@nestjs+testing@11.1.12_@nestjs+common@11.1.12_class-transformer@0.5.1_class-validator@_f8f5f7c9bf5f0ea617b1141b11ac9012/node_modules/@nestjs/testing/testing-injector.js:19:45)
      at resolveParam (../node_modules/.pnpm/@nestjs+core@11.1.12_@nestjs+common@11.1.12_class-transformer@0.5.1_class-validator@0.1_081de5c6d0755692e9d6b4445753904b/node_modules/@nestjs/core/injector/injector.js:140:38)
          at async Promise.all (index 2)
      at TestingInjector.resolveConstructorParams (../node_modules/.pnpm/@nestjs+core@11.1.12_@nestjs+common@11.1.12_class-transformer@0.5.1_class-validator@0.1_081de5c6d0755692e9d6b4445753904b/node_modules/@nestjs/core/injector/injector.js:169:27)
      at TestingInjector.loadInstance (../node_modules/.pnpm/@nestjs+core@11.1.12_@nestjs+common@11.1.12_class-transformer@0.5.1_class-validator@0.1_081de5c6d0755692e9d6b4445753904b/node_modules/@nestjs/core/injector/injector.js:75:13)
      at TestingInjector.loadProvider (../node_modules/.pnpm/@nestjs+core@11.1.12_@nestjs+common@11.1.12_class-transformer@0.5.1_class-validator@0.1_081de5c6d0755692e9d6b4445753904b/node_modules/@nestjs/core/injector/injector.js:103:9)
      at ../node_modules/.pnpm/@nestjs+core@11.1.12_@nestjs+common@11.1.12_class-transformer@0.5.1_class-validator@0.1_081de5c6d0755692e9d6b4445753904b/node_modules/@nestjs/core/injector/instance-loader.js:56:13
          at async Promise.all (index 5)
      at TestingInstanceLoader.createInstancesOfProviders (../node_modules/.pnpm/@nestjs+core@11.1.12_@nestjs+common@11.1.12_class-transformer@0.5.1_class-validator@0.1_081de5c6d0755692e9d6b4445753904b/node_modules/@nestjs/core/injector/instance-loader.js:55:9)
      at ../node_modules/.pnpm/@nestjs+core@11.1.12_@nestjs+common@11.1.12_class-transformer@0.5.1_class-validator@0.1_081de5c6d0755692e9d6b4445753904b/node_modules/@nestjs/core/injector/instance-loader.js:40:13
          at async Promise.all (index 1)
      at TestingInstanceLoader.createInstances (../node_modules/.pnpm/@nestjs+core@11.1.12_@nestjs+common@11.1.12_class-transformer@0.5.1_class-validator@0.1_081de5c6d0755692e9d6b4445753904b/node_modules/@nestjs/core/injector/instance-loader.js:39:9)
      at TestingInstanceLoader.createInstancesOfDependencies (../node_modules/.pnpm/@nestjs+core@11.1.12_@nestjs+common@11.1.12_class-transformer@0.5.1_class-validator@0.1_081de5c6d0755692e9d6b4445753904b/node_modules/@nestjs/core/injector/instance-loader.js:22:13)
      at TestingInstanceLoader.createInstancesOfDependencies (../node_modules/.pnpm/@nestjs+testing@11.1.12_@nestjs+common@11.1.12_class-transformer@0.5.1_class-validator@_f8f5f7c9bf5f0ea617b1141b11ac9012/node_modules/@nestjs/testing/testing-instance-loader.js:9:9)
      at TestingModuleBuilder.createInstancesOfDependencies (../node_modules/.pnpm/@nestjs+testing@11.1.12_@nestjs+common@11.1.12_class-transformer@0.5.1_class-validator@_f8f5f7c9bf5f0ea617b1141b11ac9012/node_modules/@nestjs/testing/testing-module.builder.js:118:9)
      at TestingModuleBuilder.compile (../node_modules/.pnpm/@nestjs+testing@11.1.12_@nestjs+common@11.1.12_class-transformer@0.5.1_class-validator@_f8f5f7c9bf5f0ea617b1141b11ac9012/node_modules/@nestjs/testing/testing-module.builder.js:74:9)
      at Object.<anonymous> (modules/payments/__tests__/utility-bill-integration.spec.ts:58:14)

  ● Utility Bill Integration Tests › Edge Cases and Error Scenarios › should handle concurrent bill submissions

    Nest can't resolve dependencies of the PaymentGatewayService (RetryService, CircuitBreakerService, ?). Please make sure that the argument CertificatePinningService at index [2] is available in the RootTestModule context.

    Potential solutions:
    - Is RootTestModule a valid NestJS module?
    - If CertificatePinningService is a provider, is it part of the current RootTestModule?
    - If CertificatePinningService is exported from a separate @Module, is that module imported within RootTestModule?
      @Module({
        imports: [ /* the Module containing CertificatePinningService */ ]
      })

    For more common dependency resolution issues, see: https://docs.nestjs.com/faq/common-errors

      56 |
      57 |   beforeAll(async () => {
    > 58 |     module = await Test.createTestingModule({
         |              ^
      59 |       imports: [
      60 |         ConfigModule.forRoot({
      61 |           isGlobal: true,

      at TestingInjector.lookupComponentInParentModules (../node_modules/.pnpm/@nestjs+core@11.1.12_@nestjs+common@11.1.12_class-transformer@0.5.1_class-validator@0.1_081de5c6d0755692e9d6b4445753904b/node_modules/@nestjs/core/injector/injector.js:290:19)
      at TestingInjector.resolveComponentWrapper (../node_modules/.pnpm/@nestjs+testing@11.1.12_@nestjs+common@11.1.12_class-transformer@0.5.1_class-validator@_f8f5f7c9bf5f0ea617b1141b11ac9012/node_modules/@nestjs/testing/testing-injector.js:19:45)
      at resolveParam (../node_modules/.pnpm/@nestjs+core@11.1.12_@nestjs+common@11.1.12_class-transformer@0.5.1_class-validator@0.1_081de5c6d0755692e9d6b4445753904b/node_modules/@nestjs/core/injector/injector.js:140:38)
          at async Promise.all (index 2)
      at TestingInjector.resolveConstructorParams (../node_modules/.pnpm/@nestjs+core@11.1.12_@nestjs+common@11.1.12_class-transformer@0.5.1_class-validator@0.1_081de5c6d0755692e9d6b4445753904b/node_modules/@nestjs/core/injector/injector.js:169:27)
      at TestingInjector.loadInstance (../node_modules/.pnpm/@nestjs+core@11.1.12_@nestjs+common@11.1.12_class-transformer@0.5.1_class-validator@0.1_081de5c6d0755692e9d6b4445753904b/node_modules/@nestjs/core/injector/injector.js:75:13)
      at TestingInjector.loadProvider (../node_modules/.pnpm/@nestjs+core@11.1.12_@nestjs+common@11.1.12_class-transformer@0.5.1_class-validator@0.1_081de5c6d0755692e9d6b4445753904b/node_modules/@nestjs/core/injector/injector.js:103:9)
      at ../node_modules/.pnpm/@nestjs+core@11.1.12_@nestjs+common@11.1.12_class-transformer@0.5.1_class-validator@0.1_081de5c6d0755692e9d6b4445753904b/node_modules/@nestjs/core/injector/instance-loader.js:56:13
          at async Promise.all (index 5)
      at TestingInstanceLoader.createInstancesOfProviders (../node_modules/.pnpm/@nestjs+core@11.1.12_@nestjs+common@11.1.12_class-transformer@0.5.1_class-validator@0.1_081de5c6d0755692e9d6b4445753904b/node_modules/@nestjs/core/injector/instance-loader.js:55:9)
      at ../node_modules/.pnpm/@nestjs+core@11.1.12_@nestjs+common@11.1.12_class-transformer@0.5.1_class-validator@0.1_081de5c6d0755692e9d6b4445753904b/node_modules/@nestjs/core/injector/instance-loader.js:40:13
          at async Promise.all (index 1)
      at TestingInstanceLoader.createInstances (../node_modules/.pnpm/@nestjs+core@11.1.12_@nestjs+common@11.1.12_class-transformer@0.5.1_class-validator@0.1_081de5c6d0755692e9d6b4445753904b/node_modules/@nestjs/core/injector/instance-loader.js:39:9)
      at TestingInstanceLoader.createInstancesOfDependencies (../node_modules/.pnpm/@nestjs+core@11.1.12_@nestjs+common@11.1.12_class-transformer@0.5.1_class-validator@0.1_081de5c6d0755692e9d6b4445753904b/node_modules/@nestjs/core/injector/instance-loader.js:22:13)
      at TestingInstanceLoader.createInstancesOfDependencies (../node_modules/.pnpm/@nestjs+testing@11.1.12_@nestjs+common@11.1.12_class-transformer@0.5.1_class-validator@_f8f5f7c9bf5f0ea617b1141b11ac9012/node_modules/@nestjs/testing/testing-instance-loader.js:9:9)
      at TestingModuleBuilder.createInstancesOfDependencies (../node_modules/.pnpm/@nestjs+testing@11.1.12_@nestjs+common@11.1.12_class-transformer@0.5.1_class-validator@_f8f5f7c9bf5f0ea617b1141b11ac9012/node_modules/@nestjs/testing/testing-module.builder.js:118:9)
      at TestingModuleBuilder.compile (../node_modules/.pnpm/@nestjs+testing@11.1.12_@nestjs+common@11.1.12_class-transformer@0.5.1_class-validator@_f8f5f7c9bf5f0ea617b1141b11ac9012/node_modules/@nestjs/testing/testing-module.builder.js:74:9)
      at Object.<anonymous> (modules/payments/__tests__/utility-bill-integration.spec.ts:58:14)

  ● Utility Bill Integration Tests › Edge Cases and Error Scenarios › should handle bill with large amount

    Nest can't resolve dependencies of the PaymentGatewayService (RetryService, CircuitBreakerService, ?). Please make sure that the argument CertificatePinningService at index [2] is available in the RootTestModule context.

    Potential solutions:
    - Is RootTestModule a valid NestJS module?
    - If CertificatePinningService is a provider, is it part of the current RootTestModule?
    - If CertificatePinningService is exported from a separate @Module, is that module imported within RootTestModule?
      @Module({
        imports: [ /* the Module containing CertificatePinningService */ ]
      })

    For more common dependency resolution issues, see: https://docs.nestjs.com/faq/common-errors

      56 |
      57 |   beforeAll(async () => {
    > 58 |     module = await Test.createTestingModule({
         |              ^
      59 |       imports: [
      60 |         ConfigModule.forRoot({
      61 |           isGlobal: true,

      at TestingInjector.lookupComponentInParentModules (../node_modules/.pnpm/@nestjs+core@11.1.12_@nestjs+common@11.1.12_class-transformer@0.5.1_class-validator@0.1_081de5c6d0755692e9d6b4445753904b/node_modules/@nestjs/core/injector/injector.js:290:19)
      at TestingInjector.resolveComponentWrapper (../node_modules/.pnpm/@nestjs+testing@11.1.12_@nestjs+common@11.1.12_class-transformer@0.5.1_class-validator@_f8f5f7c9bf5f0ea617b1141b11ac9012/node_modules/@nestjs/testing/testing-injector.js:19:45)
      at resolveParam (../node_modules/.pnpm/@nestjs+core@11.1.12_@nestjs+common@11.1.12_class-transformer@0.5.1_class-validator@0.1_081de5c6d0755692e9d6b4445753904b/node_modules/@nestjs/core/injector/injector.js:140:38)
          at async Promise.all (index 2)
      at TestingInjector.resolveConstructorParams (../node_modules/.pnpm/@nestjs+core@11.1.12_@nestjs+common@11.1.12_class-transformer@0.5.1_class-validator@0.1_081de5c6d0755692e9d6b4445753904b/node_modules/@nestjs/core/injector/injector.js:169:27)
      at TestingInjector.loadInstance (../node_modules/.pnpm/@nestjs+core@11.1.12_@nestjs+common@11.1.12_class-transformer@0.5.1_class-validator@0.1_081de5c6d0755692e9d6b4445753904b/node_modules/@nestjs/core/injector/injector.js:75:13)
      at TestingInjector.loadProvider (../node_modules/.pnpm/@nestjs+core@11.1.12_@nestjs+common@11.1.12_class-transformer@0.5.1_class-validator@0.1_081de5c6d0755692e9d6b4445753904b/node_modules/@nestjs/core/injector/injector.js:103:9)
      at ../node_modules/.pnpm/@nestjs+core@11.1.12_@nestjs+common@11.1.12_class-transformer@0.5.1_class-validator@0.1_081de5c6d0755692e9d6b4445753904b/node_modules/@nestjs/core/injector/instance-loader.js:56:13
          at async Promise.all (index 5)
      at TestingInstanceLoader.createInstancesOfProviders (../node_modules/.pnpm/@nestjs+core@11.1.12_@nestjs+common@11.1.12_class-transformer@0.5.1_class-validator@0.1_081de5c6d0755692e9d6b4445753904b/node_modules/@nestjs/core/injector/instance-loader.js:55:9)
      at ../node_modules/.pnpm/@nestjs+core@11.1.12_@nestjs+common@11.1.12_class-transformer@0.5.1_class-validator@0.1_081de5c6d0755692e9d6b4445753904b/node_modules/@nestjs/core/injector/instance-loader.js:40:13
          at async Promise.all (index 1)
      at TestingInstanceLoader.createInstances (../node_modules/.pnpm/@nestjs+core@11.1.12_@nestjs+common@11.1.12_class-transformer@0.5.1_class-validator@0.1_081de5c6d0755692e9d6b4445753904b/node_modules/@nestjs/core/injector/instance-loader.js:39:9)
      at TestingInstanceLoader.createInstancesOfDependencies (../node_modules/.pnpm/@nestjs+core@11.1.12_@nestjs+common@11.1.12_class-transformer@0.5.1_class-validator@0.1_081de5c6d0755692e9d6b4445753904b/node_modules/@nestjs/core/injector/instance-loader.js:22:13)
      at TestingInstanceLoader.createInstancesOfDependencies (../node_modules/.pnpm/@nestjs+testing@11.1.12_@nestjs+common@11.1.12_class-transformer@0.5.1_class-validator@_f8f5f7c9bf5f0ea617b1141b11ac9012/node_modules/@nestjs/testing/testing-instance-loader.js:9:9)
      at TestingModuleBuilder.createInstancesOfDependencies (../node_modules/.pnpm/@nestjs+testing@11.1.12_@nestjs+common@11.1.12_class-transformer@0.5.1_class-validator@_f8f5f7c9bf5f0ea617b1141b11ac9012/node_modules/@nestjs/testing/testing-module.builder.js:118:9)
      at TestingModuleBuilder.compile (../node_modules/.pnpm/@nestjs+testing@11.1.12_@nestjs+common@11.1.12_class-transformer@0.5.1_class-validator@_f8f5f7c9bf5f0ea617b1141b11ac9012/node_modules/@nestjs/testing/testing-module.builder.js:74:9)
      at Object.<anonymous> (modules/payments/__tests__/utility-bill-integration.spec.ts:58:14)

  ● Utility Bill Integration Tests › Edge Cases and Error Scenarios › should handle bill with decimal amounts

    Nest can't resolve dependencies of the PaymentGatewayService (RetryService, CircuitBreakerService, ?). Please make sure that the argument CertificatePinningService at index [2] is available in the RootTestModule context.

    Potential solutions:
    - Is RootTestModule a valid NestJS module?
    - If CertificatePinningService is a provider, is it part of the current RootTestModule?
    - If CertificatePinningService is exported from a separate @Module, is that module imported within RootTestModule?
      @Module({
        imports: [ /* the Module containing CertificatePinningService */ ]
      })

    For more common dependency resolution issues, see: https://docs.nestjs.com/faq/common-errors

      56 |
      57 |   beforeAll(async () => {
    > 58 |     module = await Test.createTestingModule({
         |              ^
      59 |       imports: [
      60 |         ConfigModule.forRoot({
      61 |           isGlobal: true,

      at TestingInjector.lookupComponentInParentModules (../node_modules/.pnpm/@nestjs+core@11.1.12_@nestjs+common@11.1.12_class-transformer@0.5.1_class-validator@0.1_081de5c6d0755692e9d6b4445753904b/node_modules/@nestjs/core/injector/injector.js:290:19)
      at TestingInjector.resolveComponentWrapper (../node_modules/.pnpm/@nestjs+testing@11.1.12_@nestjs+common@11.1.12_class-transformer@0.5.1_class-validator@_f8f5f7c9bf5f0ea617b1141b11ac9012/node_modules/@nestjs/testing/testing-injector.js:19:45)
      at resolveParam (../node_modules/.pnpm/@nestjs+core@11.1.12_@nestjs+common@11.1.12_class-transformer@0.5.1_class-validator@0.1_081de5c6d0755692e9d6b4445753904b/node_modules/@nestjs/core/injector/injector.js:140:38)
          at async Promise.all (index 2)
      at TestingInjector.resolveConstructorParams (../node_modules/.pnpm/@nestjs+core@11.1.12_@nestjs+common@11.1.12_class-transformer@0.5.1_class-validator@0.1_081de5c6d0755692e9d6b4445753904b/node_modules/@nestjs/core/injector/injector.js:169:27)
      at TestingInjector.loadInstance (../node_modules/.pnpm/@nestjs+core@11.1.12_@nestjs+common@11.1.12_class-transformer@0.5.1_class-validator@0.1_081de5c6d0755692e9d6b4445753904b/node_modules/@nestjs/core/injector/injector.js:75:13)
      at TestingInjector.loadProvider (../node_modules/.pnpm/@nestjs+core@11.1.12_@nestjs+common@11.1.12_class-transformer@0.5.1_class-validator@0.1_081de5c6d0755692e9d6b4445753904b/node_modules/@nestjs/core/injector/injector.js:103:9)
      at ../node_modules/.pnpm/@nestjs+core@11.1.12_@nestjs+common@11.1.12_class-transformer@0.5.1_class-validator@0.1_081de5c6d0755692e9d6b4445753904b/node_modules/@nestjs/core/injector/instance-loader.js:56:13
          at async Promise.all (index 5)
      at TestingInstanceLoader.createInstancesOfProviders (../node_modules/.pnpm/@nestjs+core@11.1.12_@nestjs+common@11.1.12_class-transformer@0.5.1_class-validator@0.1_081de5c6d0755692e9d6b4445753904b/node_modules/@nestjs/core/injector/instance-loader.js:55:9)
      at ../node_modules/.pnpm/@nestjs+core@11.1.12_@nestjs+common@11.1.12_class-transformer@0.5.1_class-validator@0.1_081de5c6d0755692e9d6b4445753904b/node_modules/@nestjs/core/injector/instance-loader.js:40:13
          at async Promise.all (index 1)
      at TestingInstanceLoader.createInstances (../node_modules/.pnpm/@nestjs+core@11.1.12_@nestjs+common@11.1.12_class-transformer@0.5.1_class-validator@0.1_081de5c6d0755692e9d6b4445753904b/node_modules/@nestjs/core/injector/instance-loader.js:39:9)
      at TestingInstanceLoader.createInstancesOfDependencies (../node_modules/.pnpm/@nestjs+core@11.1.12_@nestjs+common@11.1.12_class-transformer@0.5.1_class-validator@0.1_081de5c6d0755692e9d6b4445753904b/node_modules/@nestjs/core/injector/instance-loader.js:22:13)
      at TestingInstanceLoader.createInstancesOfDependencies (../node_modules/.pnpm/@nestjs+testing@11.1.12_@nestjs+common@11.1.12_class-transformer@0.5.1_class-validator@_f8f5f7c9bf5f0ea617b1141b11ac9012/node_modules/@nestjs/testing/testing-instance-loader.js:9:9)
      at TestingModuleBuilder.createInstancesOfDependencies (../node_modules/.pnpm/@nestjs+testing@11.1.12_@nestjs+common@11.1.12_class-transformer@0.5.1_class-validator@_f8f5f7c9bf5f0ea617b1141b11ac9012/node_modules/@nestjs/testing/testing-module.builder.js:118:9)
      at TestingModuleBuilder.compile (../node_modules/.pnpm/@nestjs+testing@11.1.12_@nestjs+common@11.1.12_class-transformer@0.5.1_class-validator@_f8f5f7c9bf5f0ea617b1141b11ac9012/node_modules/@nestjs/testing/testing-module.builder.js:74:9)
      at Object.<anonymous> (modules/payments/__tests__/utility-bill-integration.spec.ts:58:14)

  ● Utility Bill Integration Tests › Edge Cases and Error Scenarios › should handle idempotent bill submissions

    Nest can't resolve dependencies of the PaymentGatewayService (RetryService, CircuitBreakerService, ?). Please make sure that the argument CertificatePinningService at index [2] is available in the RootTestModule context.

    Potential solutions:
    - Is RootTestModule a valid NestJS module?
    - If CertificatePinningService is a provider, is it part of the current RootTestModule?
    - If CertificatePinningService is exported from a separate @Module, is that module imported within RootTestModule?
      @Module({
        imports: [ /* the Module containing CertificatePinningService */ ]
      })

    For more common dependency resolution issues, see: https://docs.nestjs.com/faq/common-errors

      56 |
      57 |   beforeAll(async () => {
    > 58 |     module = await Test.createTestingModule({
         |              ^
      59 |       imports: [
      60 |         ConfigModule.forRoot({
      61 |           isGlobal: true,

      at TestingInjector.lookupComponentInParentModules (../node_modules/.pnpm/@nestjs+core@11.1.12_@nestjs+common@11.1.12_class-transformer@0.5.1_class-validator@0.1_081de5c6d0755692e9d6b4445753904b/node_modules/@nestjs/core/injector/injector.js:290:19)
      at TestingInjector.resolveComponentWrapper (../node_modules/.pnpm/@nestjs+testing@11.1.12_@nestjs+common@11.1.12_class-transformer@0.5.1_class-validator@_f8f5f7c9bf5f0ea617b1141b11ac9012/node_modules/@nestjs/testing/testing-injector.js:19:45)
      at resolveParam (../node_modules/.pnpm/@nestjs+core@11.1.12_@nestjs+common@11.1.12_class-transformer@0.5.1_class-validator@0.1_081de5c6d0755692e9d6b4445753904b/node_modules/@nestjs/core/injector/injector.js:140:38)
          at async Promise.all (index 2)
      at TestingInjector.resolveConstructorParams (../node_modules/.pnpm/@nestjs+core@11.1.12_@nestjs+common@11.1.12_class-transformer@0.5.1_class-validator@0.1_081de5c6d0755692e9d6b4445753904b/node_modules/@nestjs/core/injector/injector.js:169:27)
      at TestingInjector.loadInstance (../node_modules/.pnpm/@nestjs+core@11.1.12_@nestjs+common@11.1.12_class-transformer@0.5.1_class-validator@0.1_081de5c6d0755692e9d6b4445753904b/node_modules/@nestjs/core/injector/injector.js:75:13)
      at TestingInjector.loadProvider (../node_modules/.pnpm/@nestjs+core@11.1.12_@nestjs+common@11.1.12_class-transformer@0.5.1_class-validator@0.1_081de5c6d0755692e9d6b4445753904b/node_modules/@nestjs/core/injector/injector.js:103:9)
      at ../node_modules/.pnpm/@nestjs+core@11.1.12_@nestjs+common@11.1.12_class-transformer@0.5.1_class-validator@0.1_081de5c6d0755692e9d6b4445753904b/node_modules/@nestjs/core/injector/instance-loader.js:56:13
          at async Promise.all (index 5)
      at TestingInstanceLoader.createInstancesOfProviders (../node_modules/.pnpm/@nestjs+core@11.1.12_@nestjs+common@11.1.12_class-transformer@0.5.1_class-validator@0.1_081de5c6d0755692e9d6b4445753904b/node_modules/@nestjs/core/injector/instance-loader.js:55:9)
      at ../node_modules/.pnpm/@nestjs+core@11.1.12_@nestjs+common@11.1.12_class-transformer@0.5.1_class-validator@0.1_081de5c6d0755692e9d6b4445753904b/node_modules/@nestjs/core/injector/instance-loader.js:40:13
          at async Promise.all (index 1)
      at TestingInstanceLoader.createInstances (../node_modules/.pnpm/@nestjs+core@11.1.12_@nestjs+common@11.1.12_class-transformer@0.5.1_class-validator@0.1_081de5c6d0755692e9d6b4445753904b/node_modules/@nestjs/core/injector/instance-loader.js:39:9)
      at TestingInstanceLoader.createInstancesOfDependencies (../node_modules/.pnpm/@nestjs+core@11.1.12_@nestjs+common@11.1.12_class-transformer@0.5.1_class-validator@0.1_081de5c6d0755692e9d6b4445753904b/node_modules/@nestjs/core/injector/instance-loader.js:22:13)
      at TestingInstanceLoader.createInstancesOfDependencies (../node_modules/.pnpm/@nestjs+testing@11.1.12_@nestjs+common@11.1.12_class-transformer@0.5.1_class-validator@_f8f5f7c9bf5f0ea617b1141b11ac9012/node_modules/@nestjs/testing/testing-instance-loader.js:9:9)
      at TestingModuleBuilder.createInstancesOfDependencies (../node_modules/.pnpm/@nestjs+testing@11.1.12_@nestjs+common@11.1.12_class-transformer@0.5.1_class-validator@_f8f5f7c9bf5f0ea617b1141b11ac9012/node_modules/@nestjs/testing/testing-module.builder.js:118:9)
      at TestingModuleBuilder.compile (../node_modules/.pnpm/@nestjs+testing@11.1.12_@nestjs+common@11.1.12_class-transformer@0.5.1_class-validator@_f8f5f7c9bf5f0ea617b1141b11ac9012/node_modules/@nestjs/testing/testing-module.builder.js:74:9)
      at Object.<anonymous> (modules/payments/__tests__/utility-bill-integration.spec.ts:58:14)

  ● Utility Bill Integration Tests › Edge Cases and Error Scenarios › should maintain data consistency on failed operations

    Nest can't resolve dependencies of the PaymentGatewayService (RetryService, CircuitBreakerService, ?). Please make sure that the argument CertificatePinningService at index [2] is available in the RootTestModule context.

    Potential solutions:
    - Is RootTestModule a valid NestJS module?
    - If CertificatePinningService is a provider, is it part of the current RootTestModule?
    - If CertificatePinningService is exported from a separate @Module, is that module imported within RootTestModule?
      @Module({
        imports: [ /* the Module containing CertificatePinningService */ ]
      })

    For more common dependency resolution issues, see: https://docs.nestjs.com/faq/common-errors

      56 |
      57 |   beforeAll(async () => {
    > 58 |     module = await Test.createTestingModule({
         |              ^
      59 |       imports: [
      60 |         ConfigModule.forRoot({
      61 |           isGlobal: true,

      at TestingInjector.lookupComponentInParentModules (../node_modules/.pnpm/@nestjs+core@11.1.12_@nestjs+common@11.1.12_class-transformer@0.5.1_class-validator@0.1_081de5c6d0755692e9d6b4445753904b/node_modules/@nestjs/core/injector/injector.js:290:19)
      at TestingInjector.resolveComponentWrapper (../node_modules/.pnpm/@nestjs+testing@11.1.12_@nestjs+common@11.1.12_class-transformer@0.5.1_class-validator@_f8f5f7c9bf5f0ea617b1141b11ac9012/node_modules/@nestjs/testing/testing-injector.js:19:45)
      at resolveParam (../node_modules/.pnpm/@nestjs+core@11.1.12_@nestjs+common@11.1.12_class-transformer@0.5.1_class-validator@0.1_081de5c6d0755692e9d6b4445753904b/node_modules/@nestjs/core/injector/injector.js:140:38)
          at async Promise.all (index 2)
      at TestingInjector.resolveConstructorParams (../node_modules/.pnpm/@nestjs+core@11.1.12_@nestjs+common@11.1.12_class-transformer@0.5.1_class-validator@0.1_081de5c6d0755692e9d6b4445753904b/node_modules/@nestjs/core/injector/injector.js:169:27)
      at TestingInjector.loadInstance (../node_modules/.pnpm/@nestjs+core@11.1.12_@nestjs+common@11.1.12_class-transformer@0.5.1_class-validator@0.1_081de5c6d0755692e9d6b4445753904b/node_modules/@nestjs/core/injector/injector.js:75:13)
      at TestingInjector.loadProvider (../node_modules/.pnpm/@nestjs+core@11.1.12_@nestjs+common@11.1.12_class-transformer@0.5.1_class-validator@0.1_081de5c6d0755692e9d6b4445753904b/node_modules/@nestjs/core/injector/injector.js:103:9)
      at ../node_modules/.pnpm/@nestjs+core@11.1.12_@nestjs+common@11.1.12_class-transformer@0.5.1_class-validator@0.1_081de5c6d0755692e9d6b4445753904b/node_modules/@nestjs/core/injector/instance-loader.js:56:13
          at async Promise.all (index 5)
      at TestingInstanceLoader.createInstancesOfProviders (../node_modules/.pnpm/@nestjs+core@11.1.12_@nestjs+common@11.1.12_class-transformer@0.5.1_class-validator@0.1_081de5c6d0755692e9d6b4445753904b/node_modules/@nestjs/core/injector/instance-loader.js:55:9)
      at ../node_modules/.pnpm/@nestjs+core@11.1.12_@nestjs+common@11.1.12_class-transformer@0.5.1_class-validator@0.1_081de5c6d0755692e9d6b4445753904b/node_modules/@nestjs/core/injector/instance-loader.js:40:13
          at async Promise.all (index 1)
      at TestingInstanceLoader.createInstances (../node_modules/.pnpm/@nestjs+core@11.1.12_@nestjs+common@11.1.12_class-transformer@0.5.1_class-validator@0.1_081de5c6d0755692e9d6b4445753904b/node_modules/@nestjs/core/injector/instance-loader.js:39:9)
      at TestingInstanceLoader.createInstancesOfDependencies (../node_modules/.pnpm/@nestjs+core@11.1.12_@nestjs+common@11.1.12_class-transformer@0.5.1_class-validator@0.1_081de5c6d0755692e9d6b4445753904b/node_modules/@nestjs/core/injector/instance-loader.js:22:13)
      at TestingInstanceLoader.createInstancesOfDependencies (../node_modules/.pnpm/@nestjs+testing@11.1.12_@nestjs+common@11.1.12_class-transformer@0.5.1_class-validator@_f8f5f7c9bf5f0ea617b1141b11ac9012/node_modules/@nestjs/testing/testing-instance-loader.js:9:9)
      at TestingModuleBuilder.createInstancesOfDependencies (../node_modules/.pnpm/@nestjs+testing@11.1.12_@nestjs+common@11.1.12_class-transformer@0.5.1_class-validator@_f8f5f7c9bf5f0ea617b1141b11ac9012/node_modules/@nestjs/testing/testing-module.builder.js:118:9)
      at TestingModuleBuilder.compile (../node_modules/.pnpm/@nestjs+testing@11.1.12_@nestjs+common@11.1.12_class-transformer@0.5.1_class-validator@_f8f5f7c9bf5f0ea617b1141b11ac9012/node_modules/@nestjs/testing/testing-module.builder.js:74:9)
      at Object.<anonymous> (modules/payments/__tests__/utility-bill-integration.spec.ts:58:14)

  ● Utility Bill Integration Tests › Edge Cases and Error Scenarios › should handle empty bill history gracefully

    Nest can't resolve dependencies of the PaymentGatewayService (RetryService, CircuitBreakerService, ?). Please make sure that the argument CertificatePinningService at index [2] is available in the RootTestModule context.

    Potential solutions:
    - Is RootTestModule a valid NestJS module?
    - If CertificatePinningService is a provider, is it part of the current RootTestModule?
    - If CertificatePinningService is exported from a separate @Module, is that module imported within RootTestModule?
      @Module({
        imports: [ /* the Module containing CertificatePinningService */ ]
      })

    For more common dependency resolution issues, see: https://docs.nestjs.com/faq/common-errors

      56 |
      57 |   beforeAll(async () => {
    > 58 |     module = await Test.createTestingModule({
         |              ^
      59 |       imports: [
      60 |         ConfigModule.forRoot({
      61 |           isGlobal: true,

      at TestingInjector.lookupComponentInParentModules (../node_modules/.pnpm/@nestjs+core@11.1.12_@nestjs+common@11.1.12_class-transformer@0.5.1_class-validator@0.1_081de5c6d0755692e9d6b4445753904b/node_modules/@nestjs/core/injector/injector.js:290:19)
      at TestingInjector.resolveComponentWrapper (../node_modules/.pnpm/@nestjs+testing@11.1.12_@nestjs+common@11.1.12_class-transformer@0.5.1_class-validator@_f8f5f7c9bf5f0ea617b1141b11ac9012/node_modules/@nestjs/testing/testing-injector.js:19:45)
      at resolveParam (../node_modules/.pnpm/@nestjs+core@11.1.12_@nestjs+common@11.1.12_class-transformer@0.5.1_class-validator@0.1_081de5c6d0755692e9d6b4445753904b/node_modules/@nestjs/core/injector/injector.js:140:38)
          at async Promise.all (index 2)
      at TestingInjector.resolveConstructorParams (../node_modules/.pnpm/@nestjs+core@11.1.12_@nestjs+common@11.1.12_class-transformer@0.5.1_class-validator@0.1_081de5c6d0755692e9d6b4445753904b/node_modules/@nestjs/core/injector/injector.js:169:27)
      at TestingInjector.loadInstance (../node_modules/.pnpm/@nestjs+core@11.1.12_@nestjs+common@11.1.12_class-transformer@0.5.1_class-validator@0.1_081de5c6d0755692e9d6b4445753904b/node_modules/@nestjs/core/injector/injector.js:75:13)
      at TestingInjector.loadProvider (../node_modules/.pnpm/@nestjs+core@11.1.12_@nestjs+common@11.1.12_class-transformer@0.5.1_class-validator@0.1_081de5c6d0755692e9d6b4445753904b/node_modules/@nestjs/core/injector/injector.js:103:9)
      at ../node_modules/.pnpm/@nestjs+core@11.1.12_@nestjs+common@11.1.12_class-transformer@0.5.1_class-validator@0.1_081de5c6d0755692e9d6b4445753904b/node_modules/@nestjs/core/injector/instance-loader.js:56:13
          at async Promise.all (index 5)
      at TestingInstanceLoader.createInstancesOfProviders (../node_modules/.pnpm/@nestjs+core@11.1.12_@nestjs+common@11.1.12_class-transformer@0.5.1_class-validator@0.1_081de5c6d0755692e9d6b4445753904b/node_modules/@nestjs/core/injector/instance-loader.js:55:9)
      at ../node_modules/.pnpm/@nestjs+core@11.1.12_@nestjs+common@11.1.12_class-transformer@0.5.1_class-validator@0.1_081de5c6d0755692e9d6b4445753904b/node_modules/@nestjs/core/injector/instance-loader.js:40:13
          at async Promise.all (index 1)
      at TestingInstanceLoader.createInstances (../node_modules/.pnpm/@nestjs+core@11.1.12_@nestjs+common@11.1.12_class-transformer@0.5.1_class-validator@0.1_081de5c6d0755692e9d6b4445753904b/node_modules/@nestjs/core/injector/instance-loader.js:39:9)
      at TestingInstanceLoader.createInstancesOfDependencies (../node_modules/.pnpm/@nestjs+core@11.1.12_@nestjs+common@11.1.12_class-transformer@0.5.1_class-validator@0.1_081de5c6d0755692e9d6b4445753904b/node_modules/@nestjs/core/injector/instance-loader.js:22:13)
      at TestingInstanceLoader.createInstancesOfDependencies (../node_modules/.pnpm/@nestjs+testing@11.1.12_@nestjs+common@11.1.12_class-transformer@0.5.1_class-validator@_f8f5f7c9bf5f0ea617b1141b11ac9012/node_modules/@nestjs/testing/testing-instance-loader.js:9:9)
      at TestingModuleBuilder.createInstancesOfDependencies (../node_modules/.pnpm/@nestjs+testing@11.1.12_@nestjs+common@11.1.12_class-transformer@0.5.1_class-validator@_f8f5f7c9bf5f0ea617b1141b11ac9012/node_modules/@nestjs/testing/testing-module.builder.js:118:9)
      at TestingModuleBuilder.compile (../node_modules/.pnpm/@nestjs+testing@11.1.12_@nestjs+common@11.1.12_class-transformer@0.5.1_class-validator@_f8f5f7c9bf5f0ea617b1141b11ac9012/node_modules/@nestjs/testing/testing-module.builder.js:74:9)
      at Object.<anonymous> (modules/payments/__tests__/utility-bill-integration.spec.ts:58:14)


Test Suites: 2 failed, 2 skipped, 181 passed, 183 of 185 total
Tests:       47 failed, 53 skipped, 2010 passed, 2110 total
Snapshots:   0 total
Time:        41.413 s, estimated 90 s
Ran all test suites.
Force exiting Jest: Have you considered using `--detectOpenHandles` to detect async operations that kept running after all tests finished?
 ELIFECYCLE  Test failed. See above for more details.
